1573.67594,3,4.006,8.811,-0.75,,,,,,,,
1573.73075,3,3.918,8.807,-1.056,,,,,,,,
1573.78736,3,3.951,8.774,-0.538,4,0.009,0.001,0,5,-10.93,-49.583,27.596
1573.84404,3,3.953,8.742,-0.435,4,0.003,-0.002,-0.008,5,-10.739,-49.417,26.942
1573.90068,3,3.951,8.719,-0.322,4,-0.003,-0.003,-0.008,5,-11.168,-48.781,26.857
1573.95729,3,3.93,8.74,-0.61,4,-0.006,-0.002,-0.007,5,-11.526,-49.455,26.714
1574.0139,3,3.923,8.724,-0.269,4,-0.002,-0.002,-0.006,5,-10.88,-49.582,27.547
1574.07057,3,3.918,8.749,-0.403,4,-0.011,-0.001,-0.006,5,-11.058,-48.993,26.558
1574.12721,3,3.909,8.76,-0.483,4,-0.009,-0.002,-0.006,,,,
1574.18382,3,3.935,8.755,-0.273,4,-0.008,-0.001,-0.005,5,-11.058,-48.849,26.26
1574.24043,3,3.924,8.79,-0.433,4,-0.014,-0.001,-0.004,5,-10.852,-49.089,26.109
1574.29707,3,3.912,8.816,-0.361,4,-0.01,-0.001,-0.003,5,-10.156,-49.271,25.113
1574.35368,3,3.919,8.828,-0.265,4,-0.013,-0.002,-0.002,,,,
1574.41035,3,3.905,8.868,-0.402,4,-0.014,-0.002,0,5,-9.721,-49.686,25.771
1574.46699,3,3.925,8.881,-0.281,4,-0.009,-0.002,0,5,-11.714,-48.674,26.259
1574.5236,3,3.943,8.893,-0.263,4,-0.012,-0.002,0.002,5,-11.388,-49.597,26.849
1574.58021,3,3.951,8.924,-0.404,4,-0.01,-0.003,0.003,,,,
1574.63685,3,3.982,8.936,-0.234,4,-0.006,-0.003,0.004,5,-10.782,-47.983,27.296
1574.69349,3,3.985,8.951,-0.313,4,-0.009,-0.003,0.005,5,-11.63,-49.879,27.89
1574.7501,3,3.994,8.967,-0.357,4,-0.005,-0.004,0.006,,,,
1574.80674,3,4.022,8.954,-0.213,4,-0.002,-0.005,0.007,5,-10.127,-47.792,27.014
1574.86335,3,4.009,8.98,-0.349,4,-0.004,-0.006,0.008,5,-11.235,-49.596,26.709
1574.92002,3,4.037,8.967,-0.301,4,0.001,-0.006,0.009,,,,
1574.97666,3,4.045,8.953,-0.256,4,0.001,-0.007,0.01,5,-11.79,-49.167,27.306
1575.03327,3,4.009,8.968,-0.378,4,0,-0.008,0.01,5,-8.652,-49.216,26.72
1575.08989,3,4.002,8.956,-0.258,4,0.003,-0.008,0.011,5,-9.987,-50.067,25.873
1575.14653,3,4.015,8.929,-0.308,4,0.002,-0.008,0.011,,,,
1575.20314,3,4.034,8.898,-0.387,4,0.004,-0.008,0.012,5,-8.82,-49.956,25.092
1575.25981,3,4.053,8.874,-0.315,4,0.004,-0.007,0.012,5,-11.314,-49.341,26.469
1575.31645,3,4.038,8.855,-0.388,4,0.002,-0.007,0.013,,,,
1575.37306,3,4.053,8.818,-0.404,4,0.003,-0.007,0.012,5,-10.458,-48.862,25.969
1575.42967,3,4.051,8.792,-0.337,4,0.003,-0.007,0.012,5,-10.872,-50.143,26.666
1575.48634,3,4.043,8.784,-0.416,4,0,-0.007,0.012,5,-10.875,-48.691,27.963
1575.54298,3,4.045,8.769,-0.388,4,0.001,-0.006,0.011,,,,
1575.59959,3,4.038,8.753,-0.358,4,-0.003,-0.006,0.01,5,-10.928,-49.568,25.832
1575.6562,3,4.027,8.751,-0.419,4,-0.004,-0.006,0.01,5,-10.895,-48.813,26.952
1575.71284,3,4.02,8.748,-0.353,4,-0.005,-0.005,0.009,5,-10.524,-49.675,27.156
1575.76945,3,4.008,8.74,-0.367,4,-0.007,-0.004,0.009,5,-10.622,-49.283,27.144
1575.82612,3,4.024,8.734,-0.396,4,-0.007,-0.004,0.008,5,-10.542,-49.261,26.695
1575.88276,3,4.023,8.736,-0.329,4,-0.007,-0.003,0.008,5,-11.823,-48.929,26.003
1575.93937,3,4.004,8.735,-0.38,4,-0.009,-0.003,0.007,,,,
1575.99598,3,3.998,8.744,-0.351,4,-0.009,-0.002,0.007,5,-9.86,-49.275,25.101
1576.05262,3,3.986,8.766,-0.315,4,-0.01,-0.002,0.006,5,-10.657,-50.328,26.755
1576.10926,3,4.009,8.783,-0.357,4,-0.011,-0.002,0.006,5,-11.038,-49.605,27.672
1576.16587,3,4.025,8.794,-0.318,4,-0.01,-0.001,0.006,5,-11.806,-49.179,26.295
1576.22251,3,4.05,8.798,-0.337,4,-0.011,0,0.005,5,-10.817,-49.37,28.053
1576.27912,3,4.081,8.818,-0.346,4,-0.01,-0.001,0.005,5,-11.545,-48.805,27.316
1576.3358,3,4.11,8.826,-0.313,4,-0.009,0,0.004,,,,
1576.39244,3,4.132,8.838,-0.334,4,-0.009,-0.001,0.004,5,-10.173,-49.124,25.543
1576.44905,3,4.116,8.86,-0.329,4,-0.008,-0.002,0.003,5,-11.183,-49.393,26.598
1576.50566,3,4.132,8.873,-0.278,4,-0.007,-0.003,0.001,5,-11.183,-49.915,26.305
1576.5623,3,4.129,8.886,-0.309,4,-0.008,-0.004,0.001,5,-11.343,-48.709,27.591
1576.61891,3,4.14,8.894,-0.31,4,-0.005,-0.005,0,5,-10.976,-49.005,26.605
1576.67558,3,4.162,8.897,-0.283,4,-0.004,-0.006,-0.001,5,-11.67,-48.695,25.989
1576.73222,3,4.168,8.917,-0.328,4,-0.004,-0.006,-0.002,,,,
1576.78883,3,4.184,8.912,-0.307,4,-0.001,-0.008,-0.003,5,-11.028,-48.064,26.741
1576.84544,3,4.175,8.92,-0.301,4,-0.001,-0.009,-0.005,5,-10.741,-47.092,27.362
1576.90211,3,4.167,8.916,-0.332,4,-0.001,-0.01,-0.006,5,-10.789,-48.155,26.721
1576.95875,3,4.148,8.912,-0.3,4,0.001,-0.011,-0.007,5,-11.67,-50.026,26.134
1577.01536,3,4.121,8.91,-0.329,4,0.001,-0.011,-0.008,5,-9.776,-49.01,26.366
1577.07197,3,4.092,8.897,-0.336,4,0.002,-0.012,-0.009,5,-10.558,-49.339,25.307
1577.12861,3,4.049,8.9,-0.327,4,0.002,-0.012,-0.01,,,,
1577.18522,3,3.982,8.897,-0.354,4,0.002,-0.012,-0.011,5,-9.911,-49.974,25.383
1577.24189,3,3.939,8.886,-0.357,4,0.003,-0.01,-0.012,5,-10.509,-49.075,25.908
1577.29853,3,3.912,8.877,-0.357,4,0.002,-0.009,-0.011,5,-9.438,-49.26,25.082
1577.35514,3,3.891,8.87,-0.376,4,0.002,-0.007,-0.01,,,,
1577.41175,3,3.851,8.86,-0.369,4,0.003,-0.005,-0.009,5,-10.185,-49.672,24.927
1577.46839,3,3.848,8.845,-0.377,4,0.002,-0.002,-0.008,5,-10.251,-49.448,25.96
1577.52504,3,3.84,8.834,-0.388,4,0.002,0.001,-0.007,,,,
1577.58165,3,3.847,8.822,-0.384,4,0.002,0.003,-0.006,5,-10.817,-49.73,26.993
1577.63829,3,3.851,8.798,-0.386,4,0.002,0.006,-0.005,5,-11.432,-49.149,25.996
1577.6949,3,3.872,8.79,-0.376,4,0.001,0.008,-0.005,5,-11.261,-48.112,26.344
1577.75157,3,3.9,8.779,-0.361,4,0.001,0.011,-0.004,,,,
1577.80821,3,3.925,8.767,-0.38,4,0,0.012,-0.003,5,-11.302,-49.763,27.13
1577.86482,3,3.946,8.762,-0.365,4,-0.001,0.014,-0.002,5,-10.822,-49.088,26.341
1577.92143,3,3.955,8.766,-0.36,4,-0.002,0.015,-0.002,,,,
1577.97807,3,3.959,8.772,-0.356,4,-0.002,0.015,-0.002,5,-10.356,-48.729,26.454
1578.03468,3,3.947,8.779,-0.335,4,-0.002,0.016,-0.002,5,-11.504,-50.159,27.596
1578.09135,3,3.951,8.794,-0.344,4,-0.003,0.016,-0.002,5,-11.916,-49.625,27.075
1578.14799,3,3.946,8.811,-0.33,4,-0.003,0.016,-0.001,,,,
1578.2046,3,3.94,8.837,-0.32,4,-0.003,0.016,0,5,-10.309,-49.976,26.888
1578.26121,3,3.947,8.857,-0.325,4,-0.003,0.016,0.001,5,-9.622,-50.691,24.731
1578.31785,3,3.944,8.876,-0.303,4,-0.002,0.016,0.002,,,,
1578.37446,3,3.955,8.9,-0.3,4,-0.002,0.016,0.003,5,-11.295,-48.323,27.847
1578.43113,3,3.974,8.922,-0.306,4,-0.001,0.016,0.004,5,-10.406,-49.884,26.703
1578.48777,3,4.002,8.932,-0.301,4,0.001,0.016,0.006,5,-10.655,-49.117,27.023
1578.54438,3,4.02,8.944,-0.298,4,0.002,0.015,0.007,,,,
1578.60099,3,4.041,8.952,-0.3,4,0.003,0.014,0.008,5,-11.763,-49.11,25.598
1578.65766,3,4.054,8.956,-0.287,4,0.003,0.014,0.008,5,-11.311,-48.581,27.364
1578.71427,3,4.07,8.964,-0.301,4,0.005,0.013,0.008,,,,
1578.77088,3,4.098,8.959,-0.298,4,0.006,0.012,0.009,5,-11.517,-48.836,26.288
1578.82753,3,4.119,8.948,-0.294,4,0.008,0.012,0.009,5,-11.25,-48.541,26.575
1578.88414,3,4.124,8.94,-0.315,4,0.008,0.011,0.009,5,-10.068,-49.176,26.852
1578.94081,3,4.136,8.924,-0.317,4,0.009,0.01,0.008,,,,
1578.99745,3,4.143,8.904,-0.326,4,0.01,0.009,0.008,5,-10.808,-50.191,26.292
1579.05406,3,4.14,8.885,-0.341,4,0.01,0.008,0.007,5,-10.883,-50.703,26.151
1579.11067,3,4.148,8.85,-0.355,4,0.011,0.007,0.006,5,-10.553,-48.83,25.517
1579.16731,3,4.141,8.827,-0.359,4,0.011,0.006,0.005,5,-11.145,-48.83,26.016
1579.22392,3,4.136,8.803,-0.368,4,0.01,0.006,0.004,5,-12.469,-48.73,27.122
1579.28059,3,4.13,8.78,-0.361,4,0.009,0.005,0.003,5,-12.251,-48.862,26.665
1579.33723,3,4.104,8.756,-0.375,4,0.008,0.004,0.001,,,,
1579.39384,3,4.092,8.747,-0.38,4,0.007,0.004,0,5,-10.826,-49.419,26.704
1579.45045,3,4.072,8.735,-0.364,4,0.007,0.003,-0.001,5,-11.633,-48.705,26.364
1579.50712,3,4.063,8.725,-0.372,4,0.005,0.003,-0.002,5,-10.167,-48.993,25.92
1579.56376,3,4.061,8.713,-0.37,4,0.004,0.003,-0.003,5,-10.126,-48.375,26.259
1579.62037,3,4.049,8.708,-0.369,4,0.003,0.002,-0.003,5,-10.764,-48.238,26.469
1579.67698,3,4.036,8.714,-0.369,4,0.001,0.003,-0.004,5,-10.124,-48.773,26.431
1579.73362,3,4.028,8.725,-0.362,4,-0.001,0.002,-0.004,,,,
1579.79023,3,4.018,8.728,-0.357,4,-0.002,0.002,-0.005,5,-10.274,-50.375,25.87
1579.8469,3,4.017,8.739,-0.349,4,-0.003,0.002,-0.004,5,-11.252,-49.004,24.733
1579.90354,3,4.019,8.751,-0.346,4,-0.004,0.002,-0.005,5,-10.495,-49.088,25.475
1579.96015,3,4.018,8.767,-0.357,4,-0.004,0.002,-0.005,5,-10.989,-48.399,26.706
1580.01676,3,4.034,8.774,-0.351,4,-0.006,0.001,-0.004,5,-10.748,-49.147,26.88
1580.07344,3,4.033,8.79,-0.356,4,-0.006,0.001,-0.003,5,-11.253,-49.693,27.045
1580.13005,3,4.053,8.804,-0.357,4,-0.008,0,-0.003,,,,
1580.18666,3,4.047,8.82,-0.351,4,-0.008,-0.001,-0.002,5,-10.173,-49.133,27.237
1580.2433,3,4.055,8.838,-0.336,4,-0.008,-0.001,-0.002,5,-10.585,-49.425,26.55
1580.29991,3,4.055,8.856,-0.335,4,-0.01,-0.002,-0.001,5,-11,-49.655,26.785
1580.35658,3,4.068,8.875,-0.347,4,-0.009,-0.003,-0.001,5,-12.083,-50.252,26.941
1580.41322,3,4.089,8.889,-0.339,4,-0.01,-0.004,-0.001,5,-10.435,-50.291,25.725
1580.46983,3,4.091,8.909,-0.328,4,-0.01,-0.004,-0.001,5,-10.417,-49.57,26.665
1580.52644,3,4.107,8.915,-0.327,4,-0.009,-0.005,0,,,,
1580.58308,3,4.104,8.922,-0.329,4,-0.008,-0.007,0,5,-10.736,-50.188,25.237
1580.63969,3,4.104,8.932,-0.324,4,-0.008,-0.008,0,5,-11.201,-48.344,26.981
1580.69636,3,4.1,8.93,-0.32,4,-0.007,-0.009,0,5,-10.497,-48.463,27.765
1580.753,3,4.092,8.925,-0.323,4,-0.007,-0.01,0,,,,
1580.80961,3,4.078,8.912,-0.33,4,-0.006,-0.011,0,5,-10.133,-49.379,26.677
1580.86622,3,4.066,8.908,-0.324,4,-0.007,-0.012,0,5,-10.303,-49.806,25.525
1580.92289,3,4.052,8.897,-0.331,4,-0.006,-0.012,0,,,,
1580.97953,3,4.029,8.882,-0.337,4,-0.006,-0.013,0,5,-9.961,-50.262,25.421
1581.03614,3,4.021,8.873,-0.339,4,-0.005,-0.012,0,5,-10.732,-50.024,26.436
1581.09275,3,4.006,8.858,-0.341,4,-0.004,-0.013,0.001,5,-11.031,-48.627,27.361
1581.14939,3,3.998,8.837,-0.345,4,-0.005,-0.013,0,,,,
1581.206,3,3.986,8.827,-0.34,4,-0.004,-0.013,0.001,5,-11.609,-49.287,27.548
1581.26267,3,3.987,8.813,-0.346,4,-0.004,-0.013,0.001,5,-10.414,-50.766,25.227
1581.31931,3,3.978,8.801,-0.344,4,-0.005,-0.013,0.001,,,,
1581.37592,3,3.974,8.79,-0.351,4,-0.004,-0.013,0.001,5,-8.766,-50.089,25.853
1581.43253,3,3.967,8.78,-0.35,4,-0.004,-0.012,0.002,5,-10.529,-49.544,25.256
1581.48917,3,3.967,8.774,-0.345,4,-0.004,-0.012,0.002,5,-10.039,-48.824,26.852
1581.54581,3,3.97,8.769,-0.361,4,-0.004,-0.011,0.002,,,,
1581.60242,3,3.972,8.768,-0.355,4,-0.005,-0.011,0.002,5,-10.886,-49.277,26.759
1581.65906,3,3.971,8.771,-0.365,4,-0.005,-0.011,0.003,5,-10.583,-48.21,28.148
1581.71567,3,3.978,8.769,-0.364,4,-0.005,-0.01,0.003,,,,
1581.77234,3,3.995,8.773,-0.367,4,-0.006,-0.01,0.003,5,-10.808,-48.344,25.891
1581.82898,3,3.998,8.783,-0.365,4,-0.007,-0.01,0.003,5,-10.027,-48.894,26.851
1581.88559,3,4.01,8.793,-0.365,4,-0.008,-0.009,0.003,5,-11.305,-48.735,26.855
1581.9422,3,4.011,8.801,-0.357,4,-0.008,-0.009,0.003,,,,
1581.99884,3,4.022,8.814,-0.355,4,-0.009,-0.009,0.004,5,-10.786,-49.065,27.431
1582.05545,3,4.03,8.829,-0.352,4,-0.009,-0.009,0.004,5,-9.998,-49.518,25.912
1582.11212,3,4.036,8.845,-0.344,4,-0.01,-0.01,0.004,5,-9.755,-50.345,26.262
1582.16877,3,4.041,8.863,-0.344,4,-0.011,-0.01,0.003,5,-11.383,-48,27.635
1582.22538,3,4.053,8.875,-0.337,4,-0.011,-0.01,0.004,5,-10.542,-49.619,25.83
1582.28199,3,4.064,8.89,-0.333,4,-0.011,-0.011,0.004,5,-10.124,-48.157,25.662
1582.33866,3,4.073,8.9,-0.33,4,-0.011,-0.012,0.005,,,,
1582.3953,3,4.074,8.904,-0.317,4,-0.011,-0.012,0.004,5,-10.469,-49.113,27.147
1582.45191,3,4.072,8.913,-0.317,4,-0.011,-0.013,0.004,5,-10.405,-48.734,25
1582.50852,3,4.075,8.918,-0.321,4,-0.009,-0.014,0.004,5,-10.719,-49.055,27.031
1582.56516,3,4.066,8.913,-0.319,4,-0.01,-0.014,0.004,5,-11.56,-48.668,26.067
1582.62177,3,4.058,8.916,-0.314,4,-0.009,-0.015,0.004,5,-10.498,-48.459,26.071
1582.67844,3,4.043,8.912,-0.319,4,-0.007,-0.015,0.004,5,-11.307,-49.559,26.967
1582.73505,3,4.015,8.908,-0.329,4,-0.007,-0.016,0.004,,,,
1582.79166,3,3.97,8.916,-0.328,4,-0.006,-0.015,0.004,5,-10.611,-48.302,27.089
1582.8483,3,3.915,8.919,-0.337,4,-0.005,-0.015,0.004,5,-10.904,-48.866,26.906
1582.90491,3,3.9,8.901,-0.341,4,-0.005,-0.013,0.004,5,-11.487,-49.155,27.264
1582.96158,3,3.884,8.885,-0.355,4,-0.003,-0.011,0.005,5,-10.21,-48.833,27.386
1583.01822,3,3.882,8.874,-0.352,4,-0.002,-0.009,0.006,5,-10.269,-48.72,28.401
1583.07483,3,3.887,8.864,-0.36,4,-0.002,-0.007,0.006,5,-11.076,-48.067,27.821
1583.13144,3,3.898,8.845,-0.362,4,-0.002,-0.004,0.007,,,,
1583.18811,3,3.927,8.832,-0.365,4,-0.001,-0.002,0.008,5,-8.818,-49.695,24.908
1583.24475,3,3.964,8.815,-0.359,4,-0.001,0,0.008,5,-10.561,-49.648,25.908
1583.30136,3,4.011,8.799,-0.357,4,-0.001,0.002,0.009,5,-9.447,-49.879,25.214
1583.35797,3,4.05,8.788,-0.357,4,-0.001,0.003,0.008,5,-10.551,-49.338,24.876
1583.41461,3,4.074,8.79,-0.353,4,-0.001,0.004,0.007,5,-10.234,-49.069,25.398
1583.47122,3,4.086,8.789,-0.344,4,-0.001,0.004,0.007,5,-10.098,-49.445,25.97
1583.5279,3,4.096,8.791,-0.342,4,-0.001,0.004,0.006,,,,
1583.58454,3,4.097,8.795,-0.344,4,-0.002,0.004,0.004,5,-10.036,-49.911,25.809
1583.64115,3,4.112,8.803,-0.328,4,-0.002,0.003,0.004,5,-11.162,-49.315,26.001
1583.69776,3,4.12,8.81,-0.329,4,-0.002,0.003,0.003,5,-9.99,-48.917,26.707
1583.7544,3,4.126,8.81,-0.331,4,-0.002,0.002,0.002,,,,
1583.81104,3,4.136,8.812,-0.323,4,-0.002,0.001,0.001,5,-10.844,-48.352,26.328
1583.86768,3,4.14,8.819,-0.328,4,-0.001,0.001,0,5,-11.528,-49.054,26.155
1583.92429,3,4.138,8.824,-0.336,4,-0.001,0,-0.002,,,,
1583.98093,3,4.135,8.823,-0.326,4,0,-0.001,-0.003,5,-11.133,-48.459,27.286
1584.03754,3,4.129,8.834,-0.334,4,0,-0.002,-0.004,5,-11.78,-48.956,27.09
1584.09418,3,4.11,8.84,-0.329,4,0,-0.002,-0.006,5,-11.053,-48.961,26.891
1584.15082,3,4.104,8.844,-0.329,4,0,-0.003,-0.007,,,,
1584.20743,3,4.101,8.851,-0.341,4,0.001,-0.003,-0.008,5,-10.323,-48.97,27.448
1584.26407,3,4.1,8.85,-0.329,4,0.001,-0.003,-0.008,5,-10.333,-48.409,26.059
1584.32068,3,4.081,8.853,-0.347,4,0.001,-0.004,-0.009,,,,
1584.37735,3,4.069,8.849,-0.346,4,0.001,-0.004,-0.01,5,-10.887,-48.378,25.987
1584.43399,3,4.056,8.847,-0.34,4,0.001,-0.004,-0.01,5,-10.861,-49.519,27.02
1584.4906,3,4.044,8.841,-0.358,4,0,-0.004,-0.011,5,-9.285,-50.064,25.575
1584.54721,3,4.033,8.832,-0.365,4,0.001,-0.004,-0.011,,,,
1584.60385,3,4.012,8.819,-0.368,4,-0.001,-0.004,-0.012,5,-9.627,-49.934,24.887
1584.66046,3,3.998,8.817,-0.381,4,-0.002,-0.004,-0.011,5,-10.889,-48.849,26.48
1584.71714,3,3.978,8.816,-0.372,4,-0.002,-0.003,-0.011,,,,
1584.77378,3,3.957,8.81,-0.379,4,-0.003,-0.003,-0.011,5,-10.805,-50.055,26.613
1584.83039,3,3.939,8.805,-0.381,4,-0.004,-0.002,-0.011,5,-10.909,-48.99,26.59
1584.887,3,3.924,8.805,-0.374,4,-0.005,-0.001,-0.01,5,-10.007,-50.105,25.764
1584.94367,3,3.907,8.814,-0.375,4,-0.007,0,-0.009,,,,
1585.00031,3,3.906,8.814,-0.37,4,-0.007,0.001,-0.008,5,-10.471,-49.174,26.483
1585.05692,3,3.906,8.826,-0.36,4,-0.008,0.002,-0.007,5,-8.74,-49.315,26.334
1585.11353,3,3.911,8.83,-0.353,4,-0.01,0.002,-0.005,,,,
1585.17017,3,3.913,8.841,-0.343,4,-0.01,0.003,-0.004,5,-11.668,-48.12,27.66
1585.22678,3,3.918,8.86,-0.326,4,-0.011,0.003,-0.003,5,-10.106,-50.079,25.821
1585.28345,3,3.932,8.872,-0.325,4,-0.011,0.004,-0.001,5,-10.33,-49.075,26.714
1585.34006,3,3.949,8.885,-0.309,4,-0.01,0.004,0,,,,
1585.39667,3,3.954,8.899,-0.301,4,-0.009,0.004,0.001,5,-9.891,-51.216,26.158
1585.45331,3,3.968,8.907,-0.299,4,-0.008,0.004,0.002,5,-10.58,-49.309,25.627
1585.50992,3,3.983,8.907,-0.292,4,-0.007,0.003,0.003,5,-9.949,-50.165,25.842
1585.56659,3,3.986,8.92,-0.292,4,-0.006,0.002,0.004,5,-10.585,-48.581,26.259
1585.62323,3,3.994,8.922,-0.289,4,-0.005,0.002,0.005,5,-11.101,-49.596,26.588
1585.67984,3,4.006,8.927,-0.286,4,-0.003,0.001,0.006,5,-11.098,-49.194,26.543
1585.73645,3,4.011,8.928,-0.297,4,-0.002,0.001,0.006,,,,
1585.79312,3,4.01,8.93,-0.295,4,0,-0.001,0.007,5,-10.776,-49.037,27.333
1585.84976,3,4.009,8.92,-0.312,4,0.002,-0.002,0.009,5,-10.635,-48.831,27.4
1585.90637,3,4.014,8.913,-0.315,4,0.003,-0.003,0.009,5,-11.24,-48.671,27.037
1585.96299,3,4.018,8.903,-0.313,4,0.004,-0.004,0.01,5,-10.815,-49.883,25.22
1586.01963,3,4.014,8.885,-0.334,4,0.004,-0.004,0.01,5,-10.246,-48.872,26.541
1586.07624,3,4.014,8.875,-0.343,4,0.005,-0.005,0.011,5,-10.641,-49.014,27.4
1586.13291,3,4.018,8.86,-0.349,4,0.005,-0.005,0.012,,,,
1586.18955,3,4.025,8.841,-0.351,4,0.005,-0.006,0.012,5,-10.883,-49.318,26.884
1586.24616,3,4.028,8.834,-0.367,4,0.004,-0.006,0.012,5,-9.799,-49.095,26.161
1586.30277,3,4.045,8.814,-0.369,4,0.004,-0.006,0.013,5,-11.746,-49.593,26.875
1586.35944,3,4.048,8.802,-0.371,4,0.003,-0.006,0.013,5,-11.194,-49.269,27.231
1586.41608,3,4.051,8.794,-0.381,4,0.002,-0.006,0.013,5,-9.61,-49.805,26.701
1586.47269,3,4.061,8.781,-0.383,4,0.001,-0.006,0.012,5,-11.243,-49.332,26.241
1586.5293,3,4.059,8.775,-0.383,4,0,-0.006,0.012,,,,
1586.58594,3,4.067,8.774,-0.378,4,-0.001,-0.006,0.011,5,-10.471,-48.509,25.34
1586.64258,3,4.073,8.768,-0.368,4,-0.003,-0.005,0.011,5,-11.383,-49.319,26.26
1586.69922,3,4.077,8.766,-0.379,4,-0.004,-0.005,0.01,5,-10.124,-49.814,26.724
1586.75583,3,4.084,8.77,-0.366,4,-0.005,-0.004,0.009,5,-11.569,-48.627,27.066
1586.81244,3,4.094,8.774,-0.362,4,-0.006,-0.004,0.007,5,-11.235,-48.433,26.611
1586.86908,3,4.1,8.778,-0.366,4,-0.006,-0.004,0.007,5,-11.664,-48.779,27.441
1586.92569,3,4.101,8.783,-0.346,4,-0.007,-0.004,0.006,,,,
1586.98236,3,4.108,8.797,-0.347,4,-0.008,-0.003,0.005,5,-10.851,-49.104,26.054
1587.039,3,4.111,8.803,-0.337,4,-0.008,-0.003,0.003,5,-11.174,-48.985,27.315
1587.09561,3,4.121,8.814,-0.328,4,-0.009,-0.003,0.002,5,-11.676,-47.758,27.109
1587.15222,3,4.116,8.823,-0.336,4,-0.008,-0.003,0.001,,,,
1587.2089,3,4.124,8.829,-0.328,4,-0.008,-0.003,-0.001,5,-11.427,-50.235,25.905
1587.26554,3,4.12,8.84,-0.325,4,-0.008,-0.003,-0.002,5,-10.751,-49.142,25.595
1587.32215,3,4.125,8.847,-0.33,4,-0.008,-0.003,-0.003,,,,
1587.37876,3,4.118,8.848,-0.32,4,-0.007,-0.004,-0.004,5,-10.11,-50.232,25.403
1587.4354,3,4.116,8.854,-0.325,4,-0.006,-0.004,-0.005,5,-9.837,-49.614,25.575
1587.49201,3,4.114,8.854,-0.325,4,-0.006,-0.004,-0.007,5,-10.178,-49.925,26.703
1587.54868,3,4.112,8.857,-0.325,4,-0.005,-0.005,-0.008,,,,
1587.60532,3,4.099,8.855,-0.337,4,-0.005,-0.005,-0.008,5,-10.58,-49.142,25.571
1587.66193,3,4.09,8.849,-0.332,4,-0.003,-0.006,-0.009,5,-11.397,-49.123,27.351
1587.71854,3,4.077,8.85,-0.324,4,-0.004,-0.006,-0.009,,,,
1587.77518,3,4.061,8.853,-0.341,4,-0.003,-0.007,-0.01,5,-10.999,-49.362,27.744
1587.83182,3,4.044,8.84,-0.328,4,-0.003,-0.008,-0.01,5,-10.594,-48.97,27.058
1587.88843,3,4.028,8.838,-0.338,4,-0.003,-0.008,-0.01,5,-9.911,-49.11,25.43
1587.94507,3,4.011,8.829,-0.341,4,-0.003,-0.009,-0.01,,,,
1588.00168,3,3.994,8.826,-0.333,4,-0.003,-0.009,-0.01,5,-10.339,-48.346,26.524
1588.05835,3,3.978,8.822,-0.346,4,-0.004,-0.009,-0.01,5,-10.704,-49.252,26.352
1588.11499,3,3.966,8.819,-0.342,4,-0.004,-0.009,-0.009,,,,
1588.1716,3,3.955,8.82,-0.336,4,-0.004,-0.009,-0.009,5,-9.933,-50.003,25.302
1588.22821,3,3.959,8.825,-0.346,4,-0.005,-0.009,-0.008,5,-9.604,-49.367,26.366
1588.28485,3,3.954,8.83,-0.34,4,-0.005,-0.009,-0.007,5,-10.988,-49.529,27.002
1588.34146,3,3.943,8.837,-0.34,4,-0.006,-0.008,-0.007,,,,
1588.39814,3,3.93,8.857,-0.345,4,-0.006,-0.008,-0.006,5,-10.202,-49.446,25.565
1588.45478,3,3.911,8.865,-0.344,4,-0.006,-0.008,-0.005,5,-8.612,-49.486,25.836
1588.51139,3,3.896,8.869,-0.349,4,-0.006,-0.007,-0.004,,,,
1588.568,3,3.887,8.881,-0.35,4,-0.006,-0.006,-0.003,5,-9.465,-48.546,26.387
1588.62467,3,3.889,8.895,-0.345,4,-0.006,-0.005,-0.001,5,-10.464,-49.783,26.537
1588.68131,3,3.893,8.897,-0.341,4,-0.005,-0.003,-0.001,5,-10.889,-49.409,26.495
1588.73792,3,3.901,8.902,-0.346,4,-0.004,-0.002,0.001,,,,
1588.79453,3,3.906,8.903,-0.344,4,-0.004,-0.001,0.003,5,-10.782,-49.58,27.008
1588.85117,3,3.927,8.904,-0.343,4,-0.004,0,0.004,5,-10.555,-48.804,26.46
1588.90778,3,3.945,8.9,-0.341,4,-0.003,0.001,0.005,5,-10.4,-49.371,27.211
1588.96445,3,3.961,8.898,-0.337,4,-0.003,0.002,0.006,5,-9.433,-49.666,27.615
1589.02106,3,3.978,8.891,-0.341,4,-0.003,0.003,0.007,5,-10.277,-49.493,27.272
1589.07767,3,3.985,8.888,-0.339,4,-0.002,0.004,0.008,5,-9.818,-48.444,27.023
1589.13431,3,3.992,8.881,-0.337,4,-0.002,0.004,0.008,,,,
1589.19092,3,4.001,8.869,-0.338,4,-0.002,0.004,0.008,5,-11.302,-49.002,27.112
1589.24759,3,4.009,8.861,-0.343,4,-0.002,0.005,0.008,5,-10.336,-49.185,26.921
1589.30423,3,4.009,8.853,-0.345,4,-0.001,0.005,0.009,5,-9.233,-49.986,25.793
1589.36084,3,4.014,8.841,-0.341,4,-0.001,0.006,0.009,5,-9.671,-49.124,25.661
1589.41745,3,4.009,8.839,-0.338,4,-0.001,0.006,0.009,5,-9.097,-50.195,25.05
1589.47409,3,4.027,8.83,-0.338,4,-0.001,0.006,0.009,5,-10.054,-49.825,25.244
1589.5307,3,4.027,8.829,-0.34,4,-0.001,0.006,0.009,,,,
1589.58737,3,4.033,8.822,-0.335,4,-0.002,0.005,0.009,5,-9.647,-48.311,25.038
1589.64402,3,4.04,8.817,-0.337,4,-0.002,0.005,0.008,5,-9.705,-49.788,26.849
1589.70063,3,4.037,8.82,-0.329,4,-0.001,0.005,0.008,5,-9.262,-50.014,26.727
1589.75724,3,4.04,8.822,-0.331,4,-0.002,0.004,0.008,5,-10.298,-49.004,26.147
1589.81391,3,4.048,8.826,-0.325,4,-0.001,0.004,0.009,5,-10.551,-50.056,25.906
1589.87055,3,4.05,8.831,-0.326,4,-0.001,0.003,0.009,5,-10.655,-49.863,24.513
1589.92716,3,4.069,8.841,-0.321,4,-0.001,0.002,0.008,,,,
1589.98377,3,4.082,8.841,-0.319,4,-0.001,0.002,0.008,5,-10.857,-48.186,27.539
1590.04041,3,4.099,8.844,-0.324,4,0.001,0.002,0.008,5,-10.422,-48.753,25.916
1590.09702,3,4.108,8.854,-0.321,4,0.002,0.001,0.007,5,-11.798,-48.749,27.545
1590.15369,3,4.124,8.853,-0.321,4,0.002,0,0.006,,,,
1590.2103,3,4.137,8.849,-0.331,4,0.003,-0.001,0.005,5,-11.928,-48.381,26.779
1590.26691,3,4.136,8.854,-0.325,4,0.003,-0.001,0.004,5,-9.866,-49.254,26.492
1590.32355,3,4.149,8.853,-0.329,4,0.003,-0.003,0.003,,,,
1590.38016,3,4.143,8.845,-0.337,4,0.004,-0.003,0.003,5,-10.394,-48.256,27.129
1590.43683,3,4.144,8.842,-0.339,4,0.004,-0.004,0.001,5,-10.966,-48.328,27.077
1590.49347,3,4.137,8.837,-0.345,4,0.004,-0.005,0.001,5,-10.954,-50.441,26.541
1590.55008,3,4.126,8.833,-0.351,4,0.004,-0.005,0,,,,
1590.60669,3,4.116,8.822,-0.358,4,0.003,-0.006,-0.001,5,-10.86,-49.889,26.561
1590.66336,3,4.108,8.822,-0.367,4,0.004,-0.006,-0.002,5,-10.55,-49.452,27.138
1590.72,3,4.1,8.806,-0.366,4,0.003,-0.006,-0.003,,,,
1590.77661,3,4.093,8.797,-0.376,4,0.003,-0.007,-0.004,5,-9.293,-49.161,25.121
1590.83322,3,4.077,8.788,-0.376,4,0.001,-0.006,-0.005,5,-9.824,-49.117,26.077
1590.88985,3,4.073,8.78,-0.382,4,0,-0.006,-0.006,5,-12.163,-48.978,27.847
1590.94646,3,4.058,8.766,-0.389,4,-0.001,-0.005,-0.007,,,,
1591.00313,3,4.049,8.767,-0.383,4,-0.002,-0.004,-0.009,5,-10.86,-48.088,28.249
1591.05977,3,4.026,8.768,-0.387,4,-0.004,-0.003,-0.009,5,-10.368,-50.296,25.951
1591.11638,3,4.006,8.758,-0.382,4,-0.005,-0.002,-0.01,,,,
1591.17299,3,3.996,8.759,-0.379,4,-0.007,-0.001,-0.011,5,-10.504,-48.276,27.437
1591.22963,3,3.984,8.759,-0.378,4,-0.008,0,-0.011,5,-11.38,-49.742,26.254
1591.28627,3,3.984,8.766,-0.377,4,-0.009,0.002,-0.012,5,-11.011,-51.288,25.471
1591.34288,3,3.972,8.769,-0.372,4,-0.009,0.002,-0.012,,,,
1591.39952,3,3.968,8.779,-0.365,4,-0.011,0.004,-0.012,5,-9.055,-49.124,26.706
1591.45613,3,3.961,8.798,-0.35,4,-0.011,0.004,-0.012,5,-9.354,-49.539,25.116
1591.5128,3,3.958,8.816,-0.349,4,-0.012,0.005,-0.012,,,,
1591.56944,3,3.965,8.834,-0.337,4,-0.013,0.005,-0.011,5,-9.904,-49.503,24.467
1591.62605,3,3.974,8.856,-0.332,4,-0.013,0.005,-0.01,5,-10.489,-50.244,26.25
1591.68266,3,3.981,8.881,-0.317,4,-0.013,0.005,-0.009,5,-10.286,-50.084,26.431
1591.7393,3,3.982,8.9,-0.309,4,-0.013,0.004,-0.008,,,,
1591.79591,3,3.994,8.923,-0.298,4,-0.012,0.003,-0.007,5,-10.696,-49.556,26.208
1591.85259,3,4.001,8.943,-0.295,4,-0.011,0.002,-0.006,5,-10.71,-49.876,26.41
1591.90923,3,4.01,8.96,-0.29,4,-0.01,0.001,-0.004,5,-11.459,-49.477,27.596
1591.96584,3,4.013,8.972,-0.285,4,-0.008,0,-0.003,5,-10.051,-50.673,26.625
1592.02245,3,4.018,8.979,-0.276,4,-0.007,-0.002,-0.002,5,-10.524,-48.907,26.184
1592.07912,3,4.028,8.986,-0.275,4,-0.005,-0.003,0,5,-10.536,-48.486,25.987
1592.13576,3,4.026,8.984,-0.274,4,-0.005,-0.005,0.001,,,,
1592.19237,3,4.03,8.983,-0.276,4,-0.002,-0.006,0.002,5,-10.475,-48.853,26.904
1592.24898,3,4.024,8.975,-0.275,4,0,-0.008,0.003,5,-10.904,-48.845,27.078
1592.30562,3,4.012,8.97,-0.283,4,0.002,-0.01,0.004,5,-9.467,-49.886,27.495
1592.36223,3,3.998,8.951,-0.282,4,0.004,-0.01,0.006,5,-10.631,-48.958,27.075
1592.4189,3,3.994,8.928,-0.301,4,0.006,-0.011,0.006,5,-10.31,-49.423,26.778
1592.47551,3,3.986,8.901,-0.317,4,0.007,-0.012,0.007,5,-9.61,-49.615,26.849
1592.53212,3,3.981,8.88,-0.326,4,0.008,-0.013,0.008,,,,
1592.58876,3,3.967,8.845,-0.346,4,0.009,-0.012,0.009,5,-10.214,-49.312,27.742
1592.64537,3,3.966,8.818,-0.363,4,0.008,-0.012,0.009,5,-10.068,-48.967,26.843
1592.70204,3,3.954,8.788,-0.377,4,0.008,-0.012,0.009,5,-11.383,-49.901,27.336
1592.75868,3,3.95,8.767,-0.389,4,0.007,-0.011,0.01,5,-8.952,-50.226,26.48
1592.81529,3,3.946,8.746,-0.404,4,0.006,-0.01,0.01,5,-9.93,-49.115,26.472
1592.8719,3,3.948,8.726,-0.408,4,0.005,-0.008,0.01,5,-11.473,-49.602,26.738
1592.92857,3,3.943,8.718,-0.412,4,0.003,-0.007,0.011,,,,
1592.98521,3,3.945,8.71,-0.417,4,0.001,-0.006,0.011,5,-9.92,-51.096,26.279
1593.04182,3,3.947,8.7,-0.418,4,-0.001,-0.004,0.011,5,-10.396,-49.727,25.952
1593.09843,3,3.959,8.7,-0.417,4,-0.004,-0.003,0.011,5,-10.539,-49.165,26.895
1593.15508,3,3.97,8.702,-0.416,4,-0.006,-0.002,0.011,5,-10.886,-49.652,26.497
1593.21169,3,3.978,8.712,-0.406,4,-0.009,0,0.01,5,-11.342,-48.315,26.84
1593.26836,3,4,8.721,-0.4,4,-0.012,0.002,0.01,5,-10.349,-49.348,26.611
1593.325,3,4.014,8.743,-0.388,4,-0.014,0.002,0.01,,,,
1593.38161,3,4.029,8.764,-0.371,4,-0.016,0.003,0.01,5,-11.069,-49.251,26.704
1593.43822,3,4.053,8.792,-0.356,4,-0.017,0.004,0.009,5,-10.924,-49.734,25.713
1593.49486,3,4.079,8.809,-0.343,4,-0.018,0.004,0.009,5,-10.791,-50.105,26.408
1593.5515,3,4.103,8.841,-0.327,4,-0.018,0.004,0.008,,,,
1593.60811,3,4.121,8.865,-0.316,4,-0.018,0.004,0.008,5,-9.883,-49.992,25.298
1593.66475,3,4.137,8.891,-0.302,4,-0.018,0.004,0.007,5,-10.811,-49.605,26.274
1593.72136,3,4.152,8.916,-0.285,4,-0.018,0.002,0.006,,,,
1593.77803,3,4.162,8.936,-0.274,4,-0.016,0.001,0.005,5,-11.093,-49.187,27.603
1593.83467,3,4.175,8.958,-0.263,4,-0.014,0,0.005,5,-9.361,-49.834,24.553
1593.89128,3,4.189,8.964,-0.254,4,-0.012,-0.002,0.004,5,-9.549,-50.577,25.401
1593.94789,3,4.187,8.971,-0.257,4,-0.01,-0.004,0.003,,,,
1594.00453,3,4.186,8.979,-0.248,4,-0.007,-0.005,0.002,5,-10.965,-48.75,27.01
1594.06114,3,4.179,8.969,-0.253,4,-0.005,-0.007,0.001,5,-11.23,-48.257,27.153
1594.11781,3,4.179,8.967,-0.26,4,-0.002,-0.009,0,,,,
1594.17445,3,4.167,8.95,-0.267,4,0.001,-0.011,-0.001,5,-10.353,-49.789,26.082
1594.23106,3,4.151,8.94,-0.274,4,0.003,-0.012,-0.002,5,-10.805,-50.072,26.657
1594.28767,3,4.141,8.917,-0.294,4,0.005,-0.014,-0.003,5,-9.673,-50.288,26.152
1594.34435,3,4.117,8.897,-0.305,4,0.008,-0.014,-0.004,,,,
1594.40099,3,4.096,8.877,-0.317,4,0.008,-0.015,-0.005,5,-10.841,-49.307,26.175
1594.4576,3,4.041,8.863,-0.337,4,0.01,-0.015,-0.006,5,-10.374,-49.255,25.569
1594.51421,3,3.989,8.84,-0.351,4,0.01,-0.015,-0.006,,,,
1594.57085,3,3.931,8.82,-0.37,4,0.011,-0.015,-0.007,5,-11.566,-49.307,26.549
1594.62746,3,3.907,8.798,-0.39,4,0.011,-0.012,-0.007,5,-10.036,-50.159,25.888
1594.68407,3,3.89,8.773,-0.408,4,0.01,-0.011,-0.007,5,-9.955,-49.771,26.193
1594.74074,3,3.864,8.747,-0.418,4,0.01,-0.008,-0.006,,,,
1594.79738,3,3.867,8.731,-0.424,4,0.009,-0.005,-0.006,5,-11.174,-48.427,28.084
1594.85399,3,3.863,8.713,-0.431,4,0.007,-0.003,-0.006,5,-10.318,-48.846,27.515
1594.9106,3,3.868,8.7,-0.437,4,0.004,0,-0.005,,,,
1594.96727,3,3.888,8.695,-0.432,4,0.002,0.003,-0.005,5,-11.467,-49.026,27.599
1595.02391,3,3.914,8.695,-0.431,4,0,0.006,-0.005,5,-10.883,-50.011,28.224
1595.08052,3,3.943,8.697,-0.427,4,-0.003,0.008,-0.005,5,-10.806,-48.958,29.428
1595.13713,3,3.959,8.715,-0.413,4,-0.005,0.01,-0.005,,,,
1595.19377,3,3.97,8.735,-0.402,4,-0.007,0.012,-0.005,5,-11.545,-48.801,26.979
1595.25038,3,3.986,8.761,-0.381,4,-0.009,0.013,-0.005,5,-11.066,-49.142,26.811
1595.30705,3,3.985,8.79,-0.372,4,-0.012,0.014,-0.006,5,-10.28,-49.118,27.043
1595.36369,3,4.001,8.818,-0.357,4,-0.013,0.015,-0.005,5,-11.697,-49.696,28.375
1595.4203,3,4.001,8.839,-0.337,4,-0.013,0.016,-0.005,5,-10.277,-49.733,26.389
1595.47691,3,4.006,8.873,-0.321,4,-0.014,0.016,-0.005,5,-9.279,-49.08,26.366
1595.53358,3,4.017,8.894,-0.312,4,-0.014,0.016,-0.004,,,,
1595.59019,3,4.019,8.912,-0.294,4,-0.014,0.016,-0.004,5,-10.03,-49.052,26.675
1595.64681,3,4.036,8.934,-0.288,4,-0.012,0.015,-0.003,5,-9.334,-50.221,25.281
1595.70345,3,4.041,8.946,-0.282,4,-0.011,0.014,-0.002,5,-8.305,-49.364,26.63
1595.76006,3,4.056,8.96,-0.278,4,-0.01,0.014,-0.001,5,-10.588,-50.317,26.169
1595.81673,3,4.055,8.971,-0.274,4,-0.008,0.012,0,5,-11.176,-49.902,25.731
1595.87337,3,4.065,8.981,-0.27,4,-0.005,0.011,0.001,5,-10.805,-48.221,26.823
1595.92998,3,4.072,8.985,-0.274,4,-0.004,0.009,0.001,,,,
1595.98659,3,4.074,8.977,-0.268,4,-0.002,0.008,0.002,5,-10.382,-50.627,25.987
1596.04323,3,4.076,8.969,-0.27,4,0.001,0.006,0.002,5,-10.797,-49.556,26.874
1596.09984,3,4.07,8.964,-0.278,4,0.003,0.004,0.002,5,-11.488,-49.925,26.88
1596.15651,3,4.068,8.949,-0.288,4,0.006,0.003,0.003,5,-10.854,-48.981,26.593
1596.21315,3,4.06,8.936,-0.287,4,0.007,0.002,0.003,5,-11.003,-49.005,27.461
1596.26976,3,4.055,8.917,-0.298,4,0.008,0,0.004,5,-10.431,-48.981,26.17
1596.32637,3,4.04,8.9,-0.309,4,0.011,-0.001,0.004,,,,
1596.38304,3,4.034,8.875,-0.327,4,0.012,-0.002,0.004,5,-10.521,-49.188,26.703
1596.43968,3,4.024,8.847,-0.339,4,0.013,-0.002,0.004,5,-10.838,-49.036,26.225
1596.49629,3,4.014,8.822,-0.352,4,0.014,-0.002,0.005,5,-10.246,-49.065,26.595
1596.5529,3,4.004,8.792,-0.371,4,0.013,-0.003,0.004,5,-9.857,-50.177,26.44
1596.60954,3,4.009,8.77,-0.379,4,0.013,-0.002,0.004,5,-11.06,-49.445,26.99
1596.66618,3,3.999,8.761,-0.392,4,0.012,-0.002,0.004,5,-11.685,-49.498,26.854
1596.72282,3,4.007,8.742,-0.4,4,0.012,-0.002,0.005,,,,
1596.77943,3,4.014,8.729,-0.404,4,0.009,-0.001,0.005,5,-10.33,-47.96,26.027
1596.83604,3,4.02,8.719,-0.412,4,0.008,0,0.004,5,-11.819,-49.359,26.341
1596.89269,3,4.031,8.723,-0.415,4,0.006,0.001,0.004,5,-10.504,-48.848,27.191
1596.9493,3,4.043,8.725,-0.414,4,0.003,0.001,0.003,,,,
1597.00597,3,4.049,8.729,-0.413,4,0.001,0.002,0.003,5,-11.264,-48.814,27.074
1597.06261,3,4.06,8.742,-0.408,4,0,0.002,0.002,5,-11.652,-47.765,27.792
1597.11922,3,4.065,8.756,-0.4,4,-0.003,0.003,0.001,,,,
1597.17583,3,4.072,8.771,-0.391,4,-0.004,0.003,0.001,5,-11.751,-49.164,26.782
1597.2325,3,4.066,8.79,-0.38,4,-0.006,0.003,0,5,-11.269,-49.722,25.719
1597.28914,3,4.067,8.811,-0.377,4,-0.008,0.003,0,5,-10.26,-48.193,27.353
1597.34575,3,4.06,8.829,-0.357,4,-0.009,0.003,-0.001,,,,
1597.40236,3,4.048,8.85,-0.349,4,-0.009,0.004,-0.001,5,-9.856,-49.094,25.945
1597.459,3,4.044,8.86,-0.342,4,-0.01,0.004,-0.001,5,-10.207,-49.889,26.732
1597.51564,3,4.037,8.876,-0.339,4,-0.01,0.004,-0.002,,,,
1597.57228,3,4.037,8.884,-0.332,4,-0.01,0.003,-0.001,5,-8.992,-48.581,24.55
1597.62889,3,4.035,8.881,-0.326,4,-0.01,0.003,-0.001,5,-9.613,-49.831,24.463
1597.68553,3,4.023,8.884,-0.322,4,-0.01,0.003,-0.001,5,-10.477,-49.324,26.495
1597.74214,3,4.022,8.89,-0.317,4,-0.009,0.003,0,,,,
1597.79878,3,4.026,8.884,-0.309,4,-0.008,0.002,-0.001,5,-10.504,-49.724,26.497
1597.85542,3,4.021,8.877,-0.31,4,-0.007,0.002,0,5,-10.588,-49.423,27.693
1597.91203,3,4.023,8.871,-0.309,4,-0.006,0.002,0.001,,,,
1597.96867,3,4.024,8.865,-0.304,4,-0.006,0.001,0.001,5,-11.22,-48.009,27.78
1598.02528,3,4.018,8.857,-0.306,4,-0.005,0.001,0.001,5,-10.977,-48.943,27.402
1598.08196,3,4.029,8.845,-0.306,4,-0.004,0,0.001,5,-11.386,-49.019,28.195
1598.1386,3,4.028,8.845,-0.309,4,-0.003,0,0.001,,,,
1598.19521,3,4.031,8.841,-0.309,4,-0.002,-0.001,0.001,5,-10.825,-49.042,26.129
1598.25182,3,4.034,8.841,-0.309,4,-0.001,-0.001,0.002,5,-10.654,-49.475,27.367
1598.30846,3,4.035,8.848,-0.31,4,-0.001,-0.002,0.002,5,-10.841,-49.022,27.896
1598.36507,3,4.033,8.855,-0.312,4,0,-0.002,0.002,5,-9.962,-50,27.008
1598.42174,3,4.039,8.857,-0.317,4,0.001,-0.003,0.002,5,-10.147,-50.418,27.098
1598.47838,3,4.042,8.856,-0.316,4,0.002,-0.003,0.002,5,-10.617,-50.232,26.701
1598.53499,3,4.046,8.861,-0.321,4,0.002,-0.003,0.002,,,,
1598.5916,3,4.053,8.861,-0.329,4,0.003,-0.003,0.001,5,-10.796,-49.394,25.888
1598.64827,3,4.059,8.857,-0.333,4,0.003,-0.003,0.001,5,-10.539,-49.319,27.068
1598.70488,3,4.062,8.857,-0.341,4,0.004,-0.004,0.001,5,-11.079,-49.518,27.267
1598.76149,3,4.065,8.849,-0.343,4,0.003,-0.004,0.001,5,-10.016,-48.83,26.085
1598.81813,3,4.069,8.849,-0.35,4,0.004,-0.004,0.001,5,-9.868,-49.368,27.167
1598.87474,3,4.077,8.846,-0.356,4,0.003,-0.004,0.001,5,-9.784,-49.481,25.43
1598.93141,3,4.077,8.842,-0.36,4,0.003,-0.004,0,,,,
1598.98805,3,4.069,8.841,-0.357,4,0.002,-0.004,0,5,-10.846,-48.805,26.993
1599.04466,3,4.06,8.843,-0.365,4,0.002,-0.004,-0.001,5,-10.234,-48.898,27.64
1599.10127,3,4.045,8.839,-0.359,4,0.001,-0.004,-0.002,5,-9.651,-50.047,26.393
1599.15791,3,4.037,8.838,-0.359,4,0.001,-0.004,-0.002,5,-10.757,-48.587,26.982
1599.21452,3,4.032,8.837,-0.361,4,-0.001,-0.004,-0.002,5,-9.923,-47.968,26.323
1599.27119,3,4.022,8.834,-0.364,4,0,-0.004,-0.002,5,-10.374,-48.99,26.259
1599.32784,3,4.006,8.824,-0.36,4,-0.002,-0.003,-0.002,,,,
1599.38445,3,3.995,8.82,-0.361,4,-0.002,-0.003,-0.002,5,-11.069,-49.214,27.072
1599.44106,3,3.985,8.818,-0.357,4,-0.003,-0.003,-0.001,5,-11.075,-49.44,26.543
1599.49773,3,3.985,8.817,-0.353,4,-0.003,-0.003,-0.001,5,-9.627,-50.581,27.542
1599.55437,3,3.982,8.812,-0.357,4,-0.004,-0.002,0,5,-9.502,-49.657,26.637
1599.61098,3,3.973,8.814,-0.347,4,-0.005,-0.002,0,5,-9.473,-49.625,26.321
1599.66759,3,3.974,8.815,-0.351,4,-0.006,-0.001,0,5,-9.993,-49.706,25.586
1599.72423,3,3.975,8.812,-0.345,4,-0.006,-0.001,0.001,,,,
1599.78087,3,3.974,8.818,-0.345,4,-0.006,0,0.001,5,-10.239,-50.536,25.363
1599.83751,3,3.985,8.819,-0.343,4,-0.006,0,0.002,5,-11.176,-49.826,26.471
1599.89412,3,3.994,8.816,-0.335,4,-0.007,0,0.002,5,-10.655,-50.371,27.028
1599.95073,3,4.006,8.821,-0.337,4,-0.007,0,0.002,,,,
1600.00737,3,4.018,8.823,-0.333,4,-0.007,0,0.003,5,-10.15,-49.965,26.701
1600.06398,3,4.025,8.833,-0.32,4,-0.008,0,0.003,5,-9.497,-50.272,26.12
1600.12065,3,4.032,8.834,-0.315,4,-0.007,0,0.003,,,,
1600.17729,3,4.05,8.849,-0.314,4,-0.006,-0.001,0.004,5,-9.419,-50.734,25.468
1600.2339,3,4.062,8.866,-0.312,4,-0.006,-0.001,0.004,5,-8.78,-50.175,26.917
1600.29051,3,4.069,8.867,-0.302,4,-0.005,-0.002,0.003,5,-9.131,-49.719,25.037
1600.34715,3,4.076,8.874,-0.307,4,-0.005,-0.003,0.003,,,,
1600.40376,3,4.078,8.877,-0.307,4,-0.004,-0.003,0.003,5,-9.935,-50.087,26.146
1600.46043,3,4.077,8.885,-0.313,4,-0.003,-0.004,0.002,5,-10.26,-50.296,26.096
1600.51707,3,4.085,8.88,-0.32,4,-0.002,-0.004,0.002,,,,
1600.57368,3,4.081,8.873,-0.322,4,-0.001,-0.005,0.002,5,-10.007,-49.481,25.279
1600.63029,3,4.081,8.868,-0.332,4,-0.001,-0.005,0.001,5,-10.3,-49.731,26.093
1600.68694,3,4.071,8.865,-0.334,4,0,-0.005,0.001,5,-10.812,-48.08,26.308
1600.74358,3,4.061,8.857,-0.337,4,0,-0.005,0,,,,
1600.80019,3,4.05,8.852,-0.341,4,0,-0.005,-0.001,5,-10.451,-49.054,25.885
1600.85683,3,4.046,8.841,-0.343,4,0,-0.005,-0.001,5,-10.489,-48.473,27.211
1600.91346,3,4.04,8.839,-0.352,4,0,-0.005,-0.001,,,,
1600.97013,3,4.022,8.83,-0.35,4,0.003,-0.003,-0.003,5,-10.172,-48.561,26.334
1601.02677,3,4.007,8.829,-0.352,4,0.003,-0.003,-0.003,5,-10.451,-48.668,26.283
1601.08338,3,3.991,8.822,-0.357,4,0.003,-0.002,-0.003,5,-11.317,-48.732,26.819
1601.13999,3,3.978,8.82,-0.354,4,0.003,-0.002,-0.003,,,,
1601.19663,3,3.963,8.818,-0.361,4,0.002,-0.001,-0.002,5,-10.649,-49.205,26.851
1601.25325,3,3.959,8.819,-0.355,4,0.002,0,-0.002,5,-10.835,-48.309,26.137
1601.30992,3,3.952,8.811,-0.359,4,0.001,0,-0.002,,,,
1601.36656,3,3.953,8.815,-0.349,4,0.001,0.001,-0.001,5,-10.661,-48.431,26.3
1601.42317,3,3.958,8.817,-0.353,4,0,0.002,0,5,-10.545,-48.805,26.418
1601.47978,3,3.966,8.818,-0.345,4,-0.001,0.002,0.001,5,-9.189,-49.326,25.56
1601.53645,3,3.977,8.82,-0.337,4,-0.001,0.002,0.001,,,,
1601.59306,3,3.985,8.824,-0.341,4,-0.001,0.002,0.002,5,-10.066,-50.035,26.512
1601.64967,3,3.991,8.824,-0.338,4,-0.002,0.002,0.003,5,-10.234,-49.083,27.538
1601.70631,3,4.01,8.823,-0.337,4,-0.002,0.002,0.003,5,-9.883,-48.297,26.99
1601.76292,3,4.022,8.83,-0.335,4,-0.002,0.001,0.004,5,-10.358,-48.601,26.892
1601.81959,3,4.029,8.836,-0.332,4,-0.002,0.001,0.004,5,-9.673,-48.358,27.176
1601.87623,3,4.048,8.849,-0.323,4,-0.002,0.001,0.005,5,-11.394,-49.371,27.299
1601.93284,3,4.049,8.859,-0.328,4,-0.002,0,0.005,,,,
1601.98945,3,4.064,8.865,-0.321,4,-0.002,-0.001,0.005,5,-10.568,-49.619,26.038
1602.04609,3,4.077,8.879,-0.314,4,-0.001,-0.001,0.005,5,-9.993,-49.271,26.344
1602.1027,3,4.094,8.893,-0.319,4,-0.001,-0.002,0.005,5,-9.647,-49.893,26.129
1602.15937,3,4.097,8.894,-0.314,4,-0.001,-0.003,0.005,5,-10.31,-49.348,25.81
1602.21601,3,4.104,8.894,-0.314,4,0,-0.003,0.004,5,-11.093,-48.445,26.169
1602.27262,3,4.114,8.9,-0.315,4,0.001,-0.004,0.004,5,-9.702,-49.13,27.509
1602.32923,3,4.108,8.895,-0.318,4,0.001,-0.004,0.003,,,,
1602.3859,3,4.109,8.888,-0.317,4,0.002,-0.005,0.002,5,-10.298,-48.228,26.526
1602.44255,3,4.107,8.88,-0.325,4,0.003,-0.005,0.002,5,-10.939,-48.781,27.119
1602.49916,3,4.096,8.869,-0.325,4,0.003,-0.005,0.001,5,-8.748,-48.798,26.328
1602.55577,3,4.095,8.853,-0.335,4,0.004,-0.006,0,5,-9.366,-49.117,25.685
1602.61241,3,4.083,8.844,-0.333,4,0.004,-0.005,-0.001,5,-10.153,-49.173,26.379
1602.66905,3,4.071,8.827,-0.341,4,0.004,-0.005,-0.001,5,-10.612,-50.278,25.819
1602.72569,3,4.062,8.816,-0.352,4,0.004,-0.005,-0.002,,,,
1602.7823,3,4.047,8.807,-0.35,4,0.004,-0.005,-0.003,5,-10.359,-49.303,26.08
1602.83891,3,4.045,8.79,-0.363,4,0.004,-0.005,-0.004,5,-11.278,-49.092,26.59
1602.89555,3,4.022,8.785,-0.36,4,0.004,-0.004,-0.004,5,-9.819,-49.104,26.981
1602.95216,3,4.009,8.771,-0.364,4,0.003,-0.003,-0.005,5,-10.336,-48.795,27.11
1603.00883,3,4.002,8.767,-0.375,4,0.003,-0.002,-0.006,5,-11.363,-48.886,27.094
1603.06547,3,3.986,8.754,-0.37,4,0.002,-0.002,-0.006,5,-10.248,-48.398,26.039
1603.12208,3,3.974,8.756,-0.377,4,0.001,-0.001,-0.006,,,,
1603.17869,3,3.968,8.763,-0.373,4,-0.001,0,-0.006,5,-9.529,-48.953,26.401
1603.23536,3,3.968,8.765,-0.367,4,-0.002,0,-0.006,5,-8.8,-48.726,25.217
1603.292,3,3.965,8.77,-0.37,4,-0.002,0.001,-0.006,5,-10.513,-49.98,27.046
1603.34861,3,3.974,8.784,-0.364,4,-0.004,0.001,-0.005,,,,
1603.40522,3,3.974,8.798,-0.356,4,-0.005,0.002,-0.005,5,-10.565,-48.505,26.767
1603.46186,3,3.979,8.812,-0.355,4,-0.006,0.002,-0.004,5,-9.416,-51.138,26.158
1603.51847,3,3.989,8.831,-0.341,4,-0.007,0.003,-0.004,,,,
1603.57514,3,3.998,8.856,-0.329,4,-0.007,0.002,-0.003,5,-10.251,-49.187,26.501
1603.63175,3,4.008,8.874,-0.329,4,-0.008,0.002,-0.003,5,-10.095,-50.064,26.231
1603.68836,3,4.014,8.9,-0.305,4,-0.007,0.002,-0.002,5,-9.888,-49.582,25.426
1603.74501,3,4.026,8.92,-0.301,4,-0.007,0.001,-0.001,,,,
1603.80162,3,4.034,8.938,-0.294,4,-0.007,0,-0.001,5,-11.362,-49.509,26.544
1603.85829,3,4.038,8.951,-0.285,4,-0.005,-0.001,0,5,-9.508,-48.416,25.616
1603.91493,3,4.045,8.966,-0.276,4,-0.003,-0.001,0.001,,,,
1603.97154,3,4.046,8.972,-0.278,4,-0.001,-0.002,0.001,5,-10.371,-48.024,26.877
1604.02815,3,4.045,8.971,-0.278,4,0,-0.004,0.002,5,-9.41,-49.568,27.396
1604.08482,3,4.041,8.964,-0.286,4,0.002,-0.004,0.002,5,-8.644,-50.084,25.575
1604.14146,3,4.036,8.947,-0.29,4,0.004,-0.005,0.003,,,,
1604.19807,3,4.032,8.932,-0.298,4,0.006,-0.006,0.004,5,-9.959,-49.696,26.379
1604.25468,3,4.03,8.915,-0.314,4,0.007,-0.007,0.005,5,-10.927,-49.265,26.48
1604.31132,3,4.025,8.891,-0.329,4,0.008,-0.007,0.005,,,,
1604.36793,3,4.022,8.863,-0.339,4,0.008,-0.008,0.005,5,-9.468,-49.051,25.96
1604.4246,3,4.018,8.839,-0.353,4,0.008,-0.008,0.005,5,-10.655,-49.547,26.141
1604.48124,3,4.01,8.817,-0.363,4,0.008,-0.008,0.005,5,-10.309,-48.312,25.844
1604.53785,3,4.01,8.789,-0.371,4,0.008,-0.007,0.005,,,,
1604.59446,3,4.006,8.775,-0.382,4,0.007,-0.007,0.005,5,-10.909,-48.805,26.222
1604.6511,3,4,8.763,-0.388,4,0.006,-0.006,0.005,5,-10.356,-47.859,27.353
1604.70774,3,4.002,8.746,-0.401,4,0.004,-0.005,0.004,,,,
1604.76435,3,4.003,8.74,-0.4,4,0.002,-0.004,0.004,5,-10.019,-48.984,26.68
1604.82099,3,4.002,8.733,-0.399,4,0.001,-0.003,0.004,5,-10.732,-49.155,27.379
1604.8776,3,4.005,8.733,-0.397,4,-0.001,-0.002,0.003,5,-9.37,-49.931,26.863
1604.93428,3,4.003,8.734,-0.393,4,-0.003,-0.001,0.003,,,,
1604.99092,3,4.012,8.743,-0.381,4,-0.004,0,0.003,5,-10.109,-49.179,26.045
1605.04753,3,4.013,8.756,-0.374,4,-0.007,0.001,0.002,5,-11.653,-50.499,26.463
1605.10414,3,4.019,8.77,-0.361,4,-0.008,0.002,0.002,5,-10.278,-50.174,26.633
1605.16078,3,4.03,8.783,-0.353,4,-0.009,0.003,0.001,5,-11.388,-50.446,26.091
1605.21739,3,4.035,8.81,-0.341,4,-0.009,0.003,0.001,5,-10.638,-49.486,26.314
1605.27406,3,4.03,8.832,-0.331,4,-0.009,0.004,0,5,-9.866,-48.982,25.122
1605.3307,3,4.021,8.858,-0.313,4,-0.009,0.004,0,,,,
1605.38731,3,4.018,8.887,-0.303,4,-0.009,0.004,0,5,-10.352,-48.058,27.686
1605.44392,3,4.018,8.904,-0.298,4,-0.008,0.004,0,5,-11.165,-47.939,27.342
1605.50056,3,4.027,8.921,-0.29,4,-0.006,0.005,-0.001,5,-9.734,-49.345,26.004
1605.5572,3,4.069,8.934,-0.234,4,-0.005,0.005,0,5,-9.848,-49.312,26.263
1605.61384,3,3.967,8.931,-0.246,4,-0.007,0.005,0,5,-10.339,-49.49,27.65
1605.67045,3,4.068,8.946,-0.537,4,0.002,0.003,-0.001,5,-10.179,-48.878,24.907
1605.72706,3,4.063,8.948,-0.101,4,0.004,0.005,0.001,,,,
1605.7837,3,4.042,8.942,-0.223,4,0.003,0.002,0.001,5,-9.21,-49.919,26.588
1605.84031,3,4.072,8.956,-0.443,4,0.004,0.005,0,5,-9.592,-49.568,25.121
1605.89698,3,4.082,8.897,-0.111,4,0.009,0.001,0,5,-11.295,-49.339,27.054
1605.95362,3,4.072,8.933,-0.532,4,0.008,0.003,0,5,-10.793,-49.539,27.107
1606.01023,3,4.049,8.886,-0.139,4,0.012,0,0.001,5,-10.263,-49.043,27.19
1606.06684,3,4.045,8.887,-0.372,4,0.01,0.002,0,5,-11.313,-48.711,27.876
1606.12348,3,4.042,8.859,-0.384,4,0.011,-0.001,0,,,,
1606.18016,3,4.039,8.83,-0.278,4,0.013,0.001,0,5,-11.22,-48.564,27.591
1606.23677,3,4.02,8.826,-0.456,4,0.011,-0.001,0,5,-11.005,-49.01,26.752
1606.29338,3,4.012,8.795,-0.315,4,0.013,0.001,0,5,-10.828,-50.99,25.288
1606.35002,3,4.01,8.791,-0.416,4,0.012,0,0,,,,
1606.40663,3,4.012,8.771,-0.372,4,0.009,0.002,-0.001,5,-9.83,-49.646,24.812
1606.4633,3,4.007,8.764,-0.414,4,0.01,0.002,-0.001,5,-10.35,-50.281,27.019
1606.51991,3,4.009,8.77,-0.398,4,0.007,0.003,-0.001,,,,
1606.57652,3,4.006,8.738,-0.396,4,0.006,0.004,-0.001,5,-9.856,-49.925,25.215
1606.63316,3,4.001,8.759,-0.425,4,0.005,0.005,-0.002,5,-9.874,-49.402,27.478
1606.68977,3,3.996,8.758,-0.346,4,0.003,0.007,-0.002,5,-9.41,-49.388,26.767
1606.74644,3,3.98,8.783,-0.423,4,0.001,0.008,-0.003,,,,
1606.80308,3,3.998,8.775,-0.353,4,0.001,0.009,-0.003,5,-10.373,-49.513,27.46
1606.85969,3,3.991,8.793,-0.378,4,-0.001,0.01,-0.002,5,-11.792,-48.874,27.032
1606.9163,3,4.003,8.812,-0.384,4,-0.002,0.012,-0.002,,,,
1606.97297,3,4.018,8.816,-0.294,4,-0.002,0.011,-0.003,5,-10.588,-49.445,27.208
1607.02961,3,4.027,8.831,-0.416,4,-0.004,0.013,-0.003,5,-9.962,-49.203,26.43
1607.08622,3,4.03,8.849,-0.289,4,-0.003,0.012,-0.002,5,-10.135,-48.816,26.688
1607.14283,3,4.046,8.865,-0.347,4,-0.004,0.013,-0.002,,,,
1607.19947,3,4.063,8.848,-0.336,4,-0.003,0.012,-0.003,5,-10.521,-49.715,25.945
1607.25608,3,4.093,8.854,-0.318,4,-0.002,0.013,-0.002,5,-10.533,-47.774,27.135
1607.31275,3,4.068,8.871,-0.333,4,-0.003,0.011,-0.002,,,,
1607.36936,3,4.086,8.879,-0.309,4,-0.001,0.011,-0.003,5,-11.192,-48.853,26.053
1607.42597,3,4.086,8.887,-0.349,4,-0.001,0.009,-0.002,5,-11.154,-49.42,27.585
1607.48262,3,4.085,8.89,-0.273,4,0.001,0.009,-0.003,5,-9.865,-48.25,27.599
1607.53923,3,4.04,8.9,-0.308,4,0.001,0.007,-0.002,,,,
1607.5959,3,4.063,8.884,-0.347,4,0.002,0.007,-0.003,5,-10.616,-49.706,25.952
1607.65254,3,4.066,8.882,-0.313,4,0.004,0.006,-0.002,5,-10.626,-48.267,26.431
1607.70915,3,4.016,8.916,-0.333,4,0.005,0.005,-0.002,,,,
1607.76576,3,4.015,8.898,-0.299,4,0.005,0.004,-0.001,5,-11.017,-49.078,25.919
1607.82243,3,3.991,8.878,-0.32,4,0.007,0.004,0,5,-10.464,-50.531,25.427
1607.87907,3,4.044,8.855,-0.321,4,0.008,0.004,0,5,-9.869,-49.585,25.797
1607.93568,3,4.054,8.849,-0.327,4,0.009,0.003,0.002,,,,
1607.99229,3,4.081,8.826,-0.349,4,0.008,0.003,0.001,5,-8.931,-49.323,25.298
1608.04893,3,4.057,8.802,-0.353,4,0.009,0.002,0.002,5,-9.25,-49.536,25.328
1608.10554,3,4.036,8.798,-0.38,4,0.008,0.002,0.002,5,-10.875,-49.002,26.384
1608.16221,3,4.03,8.798,-0.357,4,0.009,0.001,0.002,5,-10.777,-49.107,26.706
1608.21882,3,4.024,8.791,-0.395,4,0.007,0.002,0.002,5,-9.177,-49.503,25.737
1608.27543,3,4.022,8.785,-0.387,4,0.006,0.001,0.002,5,-10.718,-48.86,26.973
1608.33207,3,3.996,8.801,-0.384,4,0.006,0.002,0.003,,,,
1608.38868,3,4.006,8.796,-0.382,4,0.005,0.002,0.003,5,-9.76,-49.808,26.06
1608.44535,3,4.011,8.79,-0.4,4,0.004,0.003,0.003,5,-9.967,-49.504,26.733
1608.50199,3,4.033,8.802,-0.376,4,0.004,0.003,0.004,5,-9.244,-48.95,26.123
1608.5586,3,4.033,8.809,-0.377,4,0.002,0.004,0.004,5,-10.016,-48.935,26.514
1608.61521,3,4.045,8.806,-0.375,4,0.001,0.004,0.005,5,-11.827,-47.882,27.377
1608.67189,3,4.034,8.818,-0.375,4,0.001,0.004,0.006,5,-11.546,-49.728,25.554
1608.72853,3,4.032,8.834,-0.359,4,0,0.004,0.005,,,,
1608.78514,3,4.052,8.838,-0.347,4,-0.001,0.005,0.006,5,-11.89,-49.217,26.549
1608.84175,3,4.046,8.841,-0.348,4,-0.001,0.005,0.006,5,-12.347,-48.555,27.058
1608.89839,3,4.073,8.839,-0.353,4,-0.001,0.005,0.006,5,-11.101,-49.425,28.471
1608.955,3,4.083,8.841,-0.335,4,-0.001,0.005,0.006,5,-11.217,-49.727,27.525
1609.01167,3,4.092,8.838,-0.344,4,-0.001,0.004,0.006,5,-12.03,-49.002,26.404
1609.06831,3,4.094,8.843,-0.34,4,-0.001,0.004,0.006,5,-10.909,-48.688,26.854
1609.12492,3,4.117,8.841,-0.333,4,-0.001,0.003,0.005,,,,
1609.18153,3,4.119,8.844,-0.343,4,-0.001,0.003,0.005,5,-10.49,-48.779,26.312
1609.23817,3,4.104,8.827,-0.334,4,0,0.002,0.004,5,-10.919,-49.384,25.916
1609.29481,3,4.091,8.83,-0.336,4,0,0.002,0.004,5,-11.368,-49.008,28.911
1609.35142,3,4.104,8.833,-0.324,4,0.001,0.001,0.003,5,-9.932,-48.354,26.79
1609.40806,3,4.12,8.822,-0.331,4,0.002,0.001,0.003,5,-9.653,-49.451,26.34
1609.46467,3,4.128,8.806,-0.329,4,0.002,0,0.002,5,-10.559,-48.268,25.806
1609.52134,3,4.142,8.797,-0.341,4,0.002,0,0.001,,,,
1609.57798,3,4.14,8.791,-0.333,4,0.003,-0.001,0,5,-11.465,-48.804,28.035
1609.63459,3,4.144,8.789,-0.341,4,0.003,-0.001,-0.002,5,-11.948,-49.342,26.782
1609.6912,3,4.131,8.774,-0.337,4,0.004,-0.002,-0.003,5,-11.345,-48.27,27.592
1609.74784,3,4.116,8.782,-0.366,4,0.003,-0.001,-0.005,,,,
1609.80445,3,4.106,8.782,-0.326,4,0.004,-0.002,-0.006,5,-11.208,-48.804,25.175
1609.86112,3,4.102,8.786,-0.34,4,0.003,-0.001,-0.008,5,-11.494,-48.421,26.259
1609.91777,3,4.102,8.78,-0.386,4,0.002,-0.002,-0.009,,,,
1609.97438,3,4.067,8.79,-0.358,4,0.003,-0.001,-0.01,5,-11.156,-48.853,26.212
1610.03099,3,4.062,8.795,-0.349,4,0.002,-0.002,-0.011,5,-9.406,-47.806,27.1
1610.08763,3,4.037,8.806,-0.376,4,0.001,-0.002,-0.012,5,-10.941,-50.032,26.111
1610.14427,3,4.038,8.803,-0.371,4,0.001,-0.001,-0.012,,,,
1610.20088,3,4.045,8.804,-0.379,4,0,-0.001,-0.012,5,-10.69,-48.488,26.41
1610.25752,3,4.041,8.809,-0.39,4,-0.002,-0.001,-0.012,,,,
1610.31413,3,4.021,8.813,-0.392,4,-0.002,-0.001,-0.013,5,-11.368,-49.005,27.6
1610.3708,3,4.002,8.837,-0.368,4,-0.004,-0.001,-0.013,5,-11.33,-49.348,28.091
1610.42744,3,3.985,8.849,-0.359,4,-0.004,-0.001,-0.013,5,-11.015,-49.242,26.505
1610.48405,3,3.971,8.857,-0.351,4,-0.005,0,-0.013,,,,
1610.54066,3,3.963,8.863,-0.351,4,-0.005,-0.001,-0.012,5,-11.369,-49.306,26.114
1610.5973,3,3.955,8.877,-0.341,4,-0.006,0,-0.011,5,-10.284,-49.91,26.801
1610.65391,3,3.95,8.885,-0.323,4,-0.006,0,-0.01,5,-10.867,-49.333,26.906
1610.71058,3,3.963,8.882,-0.348,4,-0.006,0.001,-0.009,5,-8.794,-48.926,26.105
1610.76722,3,3.957,8.888,-0.329,4,-0.005,0,-0.008,5,-11.461,-49.161,25.661
1610.82383,3,3.959,8.894,-0.334,4,-0.006,0,-0.007,5,-9.842,-49.104,25.871
1610.88044,3,3.946,8.907,-0.325,4,-0.005,0,-0.006,,,,
1610.93708,3,3.967,8.902,-0.312,4,-0.005,0,-0.005,5,-8.331,-49.06,26.697
1610.99369,3,3.969,8.913,-0.302,4,-0.004,-0.001,-0.004,5,-9.357,-49.538,26.004
1611.05036,3,3.983,8.911,-0.296,4,-0.004,0,-0.003,5,-9.555,-49.545,25.308
1611.10697,3,3.996,8.908,-0.286,4,-0.003,-0.001,-0.002,5,-10.304,-49.28,25.085
1611.16358,3,3.992,8.908,-0.286,4,-0.001,-0.002,-0.002,5,-9.923,-50.247,26.288
1611.22022,3,3.99,8.904,-0.283,4,0,-0.003,-0.001,5,-9.967,-50.955,25.613
1611.27683,3,3.969,8.905,-0.286,4,0.001,-0.004,0,,,,
1611.3335,3,3.961,8.895,-0.294,4,0.002,-0.004,0.001,5,-8.701,-50.674,26.987
1611.39014,3,3.954,8.891,-0.302,4,0.004,-0.004,0.001,5,-9.702,-48.325,25.905
1611.44675,3,3.944,8.88,-0.308,4,0.005,-0.005,0.002,5,-11.23,-49.754,26.625
1611.50336,3,3.916,8.885,-0.326,4,0.005,-0.005,0.003,5,-10.625,-50.018,25.81
1611.56003,3,3.92,8.877,-0.333,4,0.006,-0.005,0.003,5,-9.752,-49.037,26.12
1611.61667,3,3.912,8.873,-0.339,4,0.007,-0.004,0.004,5,-10.126,-48.279,27.109
1611.67328,3,3.91,8.875,-0.338,4,0.007,-0.003,0.005,,,,
1611.72989,3,3.905,8.872,-0.336,4,0.007,-0.002,0.006,5,-10.728,-48.401,26.27
1611.78653,3,3.923,8.867,-0.343,4,0.008,-0.001,0.007,5,-10.347,-48.566,27.26
1611.84314,3,3.947,8.85,-0.356,4,0.008,-0.001,0.008,5,-10.124,-48.683,26.631
1611.89982,3,3.954,8.852,-0.361,4,0.008,0.001,0.009,5,-11.327,-48.271,26.842
1611.95643,3,3.972,8.837,-0.373,4,0.008,0.001,0.009,5,-10.825,-48.946,26.952
1612.01304,3,4.002,8.829,-0.376,4,0.007,0.002,0.01,5,-12.248,-48.978,28.078
1612.06968,3,4.022,8.814,-0.382,4,0.007,0.003,0.01,,,,
1612.12629,3,4.041,8.807,-0.4,4,0.005,0.003,0.01,5,-9.566,-48.656,27.6
1612.18296,3,4.039,8.798,-0.391,4,0.004,0.004,0.01,5,-11.162,-49.258,27.686
1612.2396,3,4.026,8.806,-0.387,4,0.003,0.004,0.008,5,-11.505,-49.548,27.097
1612.29621,3,4.014,8.802,-0.382,4,0.001,0.004,0.008,,,,
1612.35282,3,4.008,8.811,-0.376,4,0.001,0.005,0.008,5,-11.076,-48.796,27.887
1612.40949,3,4.005,8.807,-0.383,4,-0.001,0.006,0.007,5,-11.028,-48.492,27.394
1612.46613,3,4.01,8.812,-0.366,4,-0.002,0.007,0.007,,,,
1612.52274,3,4.022,8.815,-0.364,4,-0.003,0.007,0.007,5,-9.415,-50.105,26.215
1612.57935,3,4.033,8.812,-0.361,4,-0.004,0.008,0.007,5,-9.308,-49.377,24.736
1612.63599,3,4.045,8.82,-0.344,4,-0.005,0.009,0.007,5,-8.984,-49.904,25.728
1612.6926,3,4.061,8.826,-0.336,4,-0.005,0.009,0.006,,,,
1612.74927,3,4.068,8.83,-0.325,4,-0.005,0.008,0.006,5,-10.892,-50.093,26.99
1612.80591,3,4.083,8.845,-0.3,4,-0.005,0.009,0.005,5,-10.376,-50.253,26.089
1612.86252,3,4.073,8.861,-0.31,4,-0.004,0.008,0.005,,,,
1612.91913,3,4.081,8.865,-0.29,4,-0.003,0.008,0.004,5,-11.806,-49.176,26.216
1612.97577,3,4.095,8.866,-0.299,4,-0.003,0.007,0.003,5,-10.966,-49.548,25.276
1613.03241,3,4.108,8.866,-0.293,4,-0.002,0.006,0.002,5,-11.417,-49.956,25.575
1613.08902,3,4.128,8.87,-0.294,4,0,0.006,0.002,,,,
1613.14567,3,4.127,8.869,-0.29,4,0.002,0.005,0.001,5,-10.757,-49.716,27.275
1613.20228,3,4.144,8.865,-0.288,4,0.003,0.003,0,5,-11.287,-49.548,25.352
1613.25895,3,4.137,8.861,-0.29,4,0.004,0.002,-0.001,,,,
1613.31559,3,4.124,8.861,-0.294,4,0.006,0.001,-0.002,5,-10.152,-48.392,26.709
1613.3722,3,4.114,8.855,-0.303,4,0.007,0,-0.003,5,-11.519,-49.171,26.37
1613.42881,3,4.107,8.862,-0.307,4,0.008,-0.001,-0.004,5,-10.886,-49.025,25.517
1613.48545,3,4.11,8.846,-0.321,4,0.009,-0.002,-0.005,,,,
1613.54206,3,4.11,8.833,-0.332,4,0.01,-0.003,-0.006,5,-10.149,-49.394,25.235
1613.59873,3,4.083,8.835,-0.336,4,0.01,-0.003,-0.006,5,-11.694,-49.298,27.344
1613.65537,3,4.077,8.829,-0.342,4,0.011,-0.003,-0.008,,,,
1613.71198,3,4.055,8.815,-0.363,4,0.01,-0.004,-0.008,5,-10.307,-47.993,26.405
1613.76859,3,4.046,8.807,-0.372,4,0.01,-0.003,-0.01,5,-11.38,-49.911,26.534
1613.82523,3,4.025,8.806,-0.373,4,0.01,-0.003,-0.01,5,-11.615,-49.681,26.796
1613.88187,3,4.002,8.796,-0.38,4,0.008,-0.002,-0.01,,,,
1613.93848,3,3.98,8.795,-0.392,4,0.007,-0.002,-0.01,5,-10.603,-49.994,25.371
1613.99512,3,3.959,8.795,-0.388,4,0.006,-0.001,-0.01,5,-9.932,-49.548,26.279
1614.05173,3,3.94,8.791,-0.397,4,0.004,0.001,-0.011,5,-9.889,-49.461,26.447
1614.1084,3,3.923,8.788,-0.401,4,0.003,0.002,-0.01,5,-8.499,-48.189,26.811
1614.16504,3,3.926,8.789,-0.399,4,0.002,0.004,-0.01,5,-10.052,-48.56,25.703
1614.22165,3,3.92,8.79,-0.392,4,0,0.006,-0.009,5,-10.577,-49.536,26.456
1614.27826,3,3.934,8.792,-0.385,4,-0.002,0.007,-0.009,,,,
1614.33491,3,3.932,8.797,-0.383,4,-0.003,0.008,-0.008,5,-10.289,-47.69,27.519
1614.39152,3,3.937,8.81,-0.372,4,-0.005,0.009,-0.008,5,-11.165,-48.817,25.74
1614.44819,3,3.94,8.825,-0.355,4,-0.006,0.01,-0.007,5,-10.335,-50.101,25.9
1614.50483,3,3.944,8.84,-0.345,4,-0.007,0.011,-0.006,5,-11.514,-49.454,25.943
1614.56144,3,3.946,8.859,-0.333,4,-0.007,0.012,-0.005,5,-10.713,-49.036,25.136
1614.61805,3,3.953,8.875,-0.317,4,-0.008,0.012,-0.005,5,-9.708,-49.324,26.376
1614.67472,3,3.97,8.897,-0.301,4,-0.008,0.012,-0.003,,,,
1614.73133,3,3.974,8.912,-0.288,4,-0.007,0.011,-0.002,5,-11.502,-49.429,27.246
1614.78794,3,3.983,8.922,-0.278,4,-0.006,0.011,-0.001,5,-10.596,-49.278,26.686
1614.84458,3,3.993,8.936,-0.272,4,-0.004,0.01,0,5,-10.497,-48.331,27.367
1614.90119,3,4.007,8.948,-0.262,4,-0.003,0.008,0.001,5,-10.748,-49.121,26.752
1614.95786,3,4.011,8.95,-0.26,4,-0.001,0.007,0.002,5,-10.457,-49.165,26.622
1615.0145,3,4.018,8.959,-0.263,4,0.001,0.006,0.003,5,-10.905,-49.736,25.301
1615.07111,3,4.021,8.953,-0.263,4,0.003,0.004,0.004,,,,
1615.12772,3,4.025,8.942,-0.271,4,0.005,0.003,0.005,5,-10.77,-50.15,25.528
1615.18436,3,4.024,8.929,-0.277,4,0.007,0.001,0.006,5,-11.005,-49.422,25.981
1615.24097,3,4.025,8.917,-0.292,4,0.009,0,0.007,5,-10.938,-49.139,26.79
1615.29764,3,4.029,8.908,-0.299,4,0.01,-0.001,0.008,,,,
1615.35428,3,4.03,8.883,-0.315,4,0.011,-0.002,0.008,5,-11.659,-49.445,26.636
1615.41089,3,4.036,8.869,-0.326,4,0.012,-0.003,0.009,5,-11.371,-48.634,27.512
1615.4675,3,4.041,8.849,-0.337,4,0.013,-0.003,0.01,,,,
1615.52418,3,4.041,8.828,-0.353,4,0.013,-0.004,0.009,5,-10.553,-48.965,26.408
1615.58079,3,4.036,8.804,-0.365,4,0.013,-0.004,0.01,5,-10.109,-48.557,26.636
1615.6374,3,4.04,8.79,-0.389,4,0.012,-0.004,0.009,5,-11.588,-48.418,27.538
1615.69404,3,4.04,8.777,-0.383,4,0.01,-0.003,0.009,,,,
1615.75065,3,4.041,8.77,-0.396,4,0.01,-0.003,0.008,5,-10.506,-49.21,26.201
1615.80732,3,4.04,8.761,-0.395,4,0.008,-0.003,0.008,5,-11.365,-48.196,27.303
1615.86396,3,4.037,8.758,-0.399,4,0.006,-0.002,0.007,,,,
1615.92057,3,4.037,8.75,-0.393,4,0.004,-0.001,0.006,5,-9.63,-49.979,24.73
1615.97718,3,4.032,8.755,-0.397,4,0.002,0,0.006,5,-10.191,-49.654,26.759
1616.03382,3,4.031,8.754,-0.393,4,0.001,0.001,0.005,5,-10.008,-49.129,27.065
1616.09043,3,4.035,8.763,-0.38,4,-0.001,0.002,0.005,,,,
1616.1471,3,4.041,8.766,-0.374,4,-0.003,0.002,0.004,5,-11.302,-48.967,25.452
1616.20374,3,4.049,8.769,-0.37,4,-0.004,0.003,0.003,5,-10.619,-48.068,26.492
1616.26035,3,4.057,8.784,-0.358,4,-0.005,0.004,0.002,,,,
1616.31696,3,4.071,8.794,-0.348,4,-0.006,0.004,0.002,5,-10.901,-48.711,27.151
1616.3736,3,4.081,8.798,-0.339,4,-0.006,0.005,0.001,5,-10.747,-49.449,27.092
1616.43024,3,4.09,8.811,-0.332,4,-0.006,0.005,0,5,-10.762,-48.347,27.11
1616.48688,3,4.093,8.833,-0.321,4,-0.007,0.005,-0.001,,,,
1616.54349,3,4.095,8.841,-0.314,4,-0.006,0.004,-0.002,5,-11.133,-50.179,26.266
1616.60013,3,4.098,8.849,-0.307,4,-0.006,0.003,-0.002,5,-11.78,-48.129,27.411
1616.65674,3,4.098,8.862,-0.307,4,-0.005,0.003,-0.003,,,,
1616.71335,3,4.096,8.869,-0.302,4,-0.004,0.002,-0.004,5,-11.047,-49.721,26.366
1616.77002,3,4.097,8.881,-0.298,4,-0.003,0.001,-0.004,5,-11.221,-48.628,27.693
1616.82667,3,4.092,8.882,-0.302,4,-0.002,0,-0.005,5,-11.082,-48.334,27.477
1616.88328,3,4.088,8.885,-0.299,4,0,-0.001,-0.005,,,,
1616.93989,3,4.08,8.881,-0.305,4,0.001,-0.001,-0.006,5,-10.678,-50.31,27.539
1616.99656,3,4.064,8.881,-0.319,4,0.002,-0.002,-0.006,5,-11.392,-49.901,26.823
1617.0532,3,4.039,8.882,-0.318,4,0.003,-0.003,-0.007,5,-11.058,-49.442,25.92
1617.10981,3,4.005,8.885,-0.337,4,0.003,-0.004,-0.007,5,-10.809,-48.869,25.992
1617.16642,3,3.979,8.885,-0.338,4,0.004,-0.004,-0.007,5,-11.737,-49.255,26.527
1617.22306,3,3.953,8.878,-0.346,4,0.004,-0.003,-0.007,5,-11.694,-48.512,26.491
1617.27967,3,3.935,8.879,-0.361,4,0.005,-0.002,-0.006,,,,
1617.33634,3,3.919,8.875,-0.362,4,0.005,-0.001,-0.005,5,-9.633,-50,26.395
1617.39295,3,3.913,8.87,-0.363,4,0.005,0,-0.004,5,-11.067,-49.295,26.082
1617.44956,3,3.9,8.869,-0.376,4,0.006,0.001,-0.003,5,-10.974,-49.152,26.576
1617.5062,3,3.904,8.858,-0.37,4,0.006,0.003,-0.002,5,-10.565,-49.437,26.337
1617.56281,3,3.914,8.845,-0.372,4,0.005,0.005,-0.001,5,-10.561,-50.523,25.722
1617.61948,3,3.939,8.834,-0.372,4,0.005,0.006,0,5,-11.194,-49.509,24.95
1617.67612,3,3.966,8.823,-0.365,4,0.005,0.008,0,,,,
1617.73273,3,3.981,8.815,-0.365,4,0.004,0.009,0.001,5,-11.023,-49.409,26.961
1617.78934,3,3.991,8.812,-0.361,4,0.004,0.01,0.001,5,-10.889,-48.213,26.352
1617.84601,3,3.996,8.809,-0.363,4,0.003,0.01,0.001,5,-11.462,-48.282,26.7
1617.90265,3,4.01,8.808,-0.359,4,0.003,0.01,0.001,5,-11.076,-47.853,26.314
1617.95926,3,4.01,8.806,-0.356,4,0.003,0.011,0.002,5,-11.143,-48.946,26.703
1618.01587,3,4.014,8.813,-0.353,4,0.002,0.011,0.002,5,-9.959,-50.145,25.926
1618.07251,3,4.018,8.812,-0.347,4,0.002,0.011,0.002,,,,
1618.12912,3,4.024,8.814,-0.337,4,0.001,0.011,0.002,5,-9.215,-50.362,25.201
1618.1858,3,4.039,8.818,-0.331,4,0.002,0.01,0.002,5,-10.439,-49.573,24.768
1618.24241,3,4.055,8.826,-0.318,4,0.002,0.01,0.003,5,-9.138,-48.984,25.204
1618.29902,3,4.061,8.83,-0.314,4,0.002,0.009,0.003,5,-11.143,-50.096,27.013
1618.35566,3,4.081,8.833,-0.317,4,0.001,0.008,0.003,5,-11.353,-48.701,27.457
1618.41227,3,4.093,8.837,-0.305,4,0.002,0.006,0.003,5,-10.457,-49.005,26.791
1618.46894,3,4.109,8.842,-0.306,4,0.002,0.005,0.004,,,,
1618.52558,3,4.121,8.854,-0.322,4,0.003,0.003,0.004,5,-11.472,-48.515,27.831
1618.58219,3,4.124,8.859,-0.32,4,0.003,0.001,0.005,5,-11.395,-49.75,25.83
1618.6388,3,4.128,8.866,-0.323,4,0.004,0,0.004,5,-10.782,-48.293,27.148
1618.69547,3,4.128,8.869,-0.333,4,0.004,-0.002,0.004,,,,
1618.75211,3,4.134,8.872,-0.342,4,0.004,-0.003,0.004,5,-10.124,-49.629,26.782
1618.80872,3,4.135,8.876,-0.345,4,0.004,-0.004,0.003,5,-10.307,-49.272,27.255
1618.86533,3,4.136,8.877,-0.35,4,0.004,-0.006,0.003,,,,
1618.92197,3,4.128,8.872,-0.357,4,0.005,-0.007,0.003,5,-10.295,-48.917,25.296
1618.97858,3,4.129,8.861,-0.355,4,0.004,-0.008,0.002,5,-9.776,-48.276,27.094
1619.03525,3,4.12,8.863,-0.361,4,0.003,-0.009,0.002,5,-11.351,-48.743,27.521
1619.09189,3,4.107,8.845,-0.366,4,0.004,-0.01,0.002,,,,
1619.1485,3,4.1,8.829,-0.366,4,0.003,-0.011,0.001,5,-10.616,-48.524,26.385
1619.20511,3,4.088,8.815,-0.373,4,0.002,-0.012,0,5,-11.481,-49.159,25.296
1619.26175,3,4.07,8.796,-0.375,4,0.002,-0.012,0,,,,
1619.31839,3,4.054,8.777,-0.374,4,0.001,-0.012,0,5,-10.048,-48.63,26.939
1619.37501,3,4.042,8.762,-0.392,4,-0.001,-0.013,-0.001,5,-11.783,-48.586,27.153
1619.43165,3,4.036,8.75,-0.386,4,-0.002,-0.012,-0.001,5,-10.428,-48.203,26.335
1619.48826,3,4.025,8.743,-0.381,4,-0.003,-0.012,-0.002,,,,
1619.54493,3,4.018,8.735,-0.388,4,-0.005,-0.012,-0.003,5,-11.415,-48.499,26.253
1619.60157,3,4.015,8.736,-0.373,4,-0.006,-0.011,-0.003,5,-11.865,-49.316,26.411
1619.65818,3,4.01,8.744,-0.371,4,-0.008,-0.01,-0.003,,,,
1619.71479,3,3.995,8.75,-0.372,4,-0.009,-0.01,-0.004,5,-11.478,-49.469,26.273
1619.77143,3,3.984,8.757,-0.365,4,-0.009,-0.009,-0.004,5,-10.727,-49.393,26.221
1619.82804,3,3.972,8.774,-0.359,4,-0.01,-0.008,-0.004,5,-10.548,-48.457,26.299
1619.88471,3,3.958,8.791,-0.352,4,-0.01,-0.007,-0.004,,,,
1619.94135,3,3.943,8.806,-0.342,4,-0.01,-0.007,-0.005,5,-11.031,-48.483,26.108
1619.99796,3,3.935,8.829,-0.341,4,-0.011,-0.005,-0.004,5,-11.23,-48.517,26.288
1620.05457,3,3.933,8.847,-0.331,4,-0.01,-0.004,-0.004,,,,
1620.11121,3,3.94,8.866,-0.333,4,-0.01,-0.002,-0.004,5,-10.823,-49.396,26.34
1620.16785,3,3.956,8.884,-0.325,4,-0.009,-0.001,-0.003,5,-10.396,-48.914,26.961
1620.22446,3,3.977,8.897,-0.314,4,-0.008,0,-0.003,5,-12.09,-49.219,25.693
1620.2811,3,4,8.907,-0.309,4,-0.007,0.001,-0.003,,,,
1620.33771,3,4.022,8.926,-0.304,4,-0.006,0.001,-0.002,5,-11.069,-48.39,26.315
1620.39438,3,4.034,8.941,-0.3,4,-0.004,0.001,-0.002,5,-10.916,-49.135,26.538
1620.45102,3,4.047,8.959,-0.296,4,-0.003,0.001,-0.001,5,-11.24,-49.437,26.224
1620.50763,3,4.057,8.967,-0.294,4,-0.002,0.001,-0.001,5,-9.683,-49.55,25.166
1620.56424,3,4.068,8.972,-0.299,4,0,0,-0.001,5,-11.369,-49.22,26.241
1620.62089,3,4.065,8.975,-0.298,4,0.001,-0.001,-0.001,5,-11.827,-48.044,27.092
1620.6775,3,4.064,8.973,-0.29,4,0.003,-0.002,0,,,,
1620.73417,3,4.069,8.967,-0.303,4,0.005,-0.002,0,5,-10.73,-50.269,24.852
1620.79081,3,4.067,8.946,-0.313,4,0.007,-0.003,0,5,-11.537,-49.625,26.685
1620.84742,3,4.055,8.925,-0.317,4,0.007,-0.004,0.001,5,-11.61,-48.325,26.942
1620.90402,3,4.046,8.904,-0.33,4,0.008,-0.004,0.001,5,-11.583,-49.608,26.215
1620.96069,3,4.037,8.884,-0.337,4,0.008,-0.005,0.001,5,-10.236,-49.821,26.314
1621.0173,3,4.025,8.851,-0.345,4,0.008,-0.006,0.002,5,-9.528,-51.16,26.009
1621.07391,3,4.017,8.822,-0.357,4,0.008,-0.006,0.002,,,,
1621.13055,3,4.002,8.807,-0.365,4,0.008,-0.006,0.002,5,-10.69,-49.754,26.988
1621.18716,3,3.998,8.78,-0.373,4,0.007,-0.006,0.003,5,-10.051,-49.231,27.174
1621.24383,3,3.989,8.762,-0.383,4,0.006,-0.005,0.003,5,-10.626,-48.125,27.715
1621.30048,3,3.982,8.747,-0.38,4,0.005,-0.005,0.003,5,-10.321,-48.544,27.328
1621.35709,3,3.98,8.741,-0.379,4,0.004,-0.005,0.003,5,-11.934,-49.803,27.211
1621.4137,3,3.973,8.735,-0.381,4,0.002,-0.004,0.003,5,-11.13,-49.327,27.393
1621.47034,3,3.972,8.732,-0.376,4,0.001,-0.003,0.003,,,,
1621.52695,3,3.978,8.737,-0.376,4,-0.001,-0.003,0.003,5,-11.438,-49.646,27.289
1621.58362,3,3.978,8.748,-0.375,4,-0.001,-0.002,0.003,5,-10.306,-49.236,25.275
1621.64026,3,3.982,8.752,-0.375,4,-0.002,-0.001,0.003,5,-10.632,-49.615,26.108
1621.69687,3,3.986,8.766,-0.365,4,-0.003,0,0.003,5,-12.369,-49.115,26.555
1621.75348,3,3.988,8.779,-0.357,4,-0.004,0.001,0.002,5,-11.316,-49.876,27.028
1621.81012,3,3.995,8.793,-0.357,4,-0.005,0.001,0.002,5,-10.08,-51.039,26.103
1621.86673,3,3.998,8.808,-0.345,4,-0.005,0.002,0.003,,,,
1621.9234,3,4.006,8.824,-0.342,4,-0.005,0.003,0.002,5,-9.372,-51.273,25.47
1621.98001,3,4.009,8.841,-0.342,4,-0.005,0.003,0.002,5,-10.147,-50.113,26.208
1622.03662,3,4.015,8.861,-0.325,4,-0.005,0.003,0.002,5,-9.982,-48.996,26.883
1622.09326,3,4.022,8.875,-0.32,4,-0.005,0.004,0.002,,,,
1622.14987,3,4.037,8.893,-0.321,4,-0.004,0.004,0.002,5,-9.743,-50.128,25.691
1622.20654,3,4.057,8.897,-0.313,4,-0.003,0.004,0.002,5,-9.572,-50.055,25.528
1622.26318,3,4.073,8.912,-0.306,4,-0.003,0.004,0.002,,,,
1622.31979,3,4.093,8.92,-0.306,4,-0.002,0.003,0.002,5,-10.979,-49.043,26.64
1622.3764,3,4.102,8.93,-0.299,4,-0.001,0.003,0.002,5,-11.098,-48.518,26.84
1622.43307,3,4.116,8.924,-0.299,4,0.001,0.002,0.001,5,-11.067,-49.31,25.778
1622.48971,3,4.118,8.924,-0.305,4,0.002,0.001,0.001,,,,
1622.54633,3,4.116,8.916,-0.303,4,0.003,0,0.001,5,-10.68,-49.181,27.332
1622.60294,3,4.113,8.909,-0.313,4,0.004,-0.001,0.001,5,-11.226,-48.868,26.308
1622.65958,3,4.108,8.897,-0.318,4,0.005,-0.002,0,,,,
1622.71619,3,4.097,8.885,-0.322,4,0.006,-0.003,0,5,-10.794,-49.611,26.933
1622.77286,3,4.095,8.873,-0.333,4,0.006,-0.004,0,5,-11.253,-49.104,26.41
1622.82947,3,4.084,8.857,-0.338,4,0.007,-0.005,-0.001,5,-12.045,-49.503,27.692
1622.88608,3,4.077,8.845,-0.349,4,0.007,-0.005,-0.001,,,,
1622.94272,3,4.079,8.825,-0.347,4,0.007,-0.005,-0.001,5,-11.317,-49.38,26.706
1622.99933,3,4.071,8.813,-0.357,4,0.006,-0.006,-0.002,5,-11.542,-49.107,26.898
1623.056,3,4.066,8.801,-0.365,4,0.006,-0.007,-0.002,,,,
1623.11264,3,4.049,8.787,-0.366,4,0.005,-0.006,-0.002,5,-10.93,-49.673,26.707
1623.16925,3,4.043,8.787,-0.365,4,0.004,-0.007,-0.003,5,-10.96,-50.459,28.328
1623.22586,3,4.03,8.782,-0.368,4,0.004,-0.007,-0.004,5,-11.026,-48.875,27.365
1623.28253,3,4.019,8.777,-0.365,4,0.003,-0.007,-0.004,,,,
1623.33917,3,4.006,8.774,-0.372,4,0.002,-0.006,-0.004,5,-12.503,-48.238,26.712
1623.39578,3,3.99,8.778,-0.371,4,0.001,-0.005,-0.005,5,-11.504,-48.859,27.652
1623.45239,3,3.986,8.78,-0.369,4,-0.001,-0.005,-0.005,5,-10.867,-48.724,27.512
1623.50903,3,3.976,8.787,-0.36,4,-0.001,-0.004,-0.005,5,-11.389,-49.654,25.963
1623.56564,3,3.967,8.787,-0.362,4,-0.002,-0.004,-0.004,5,-10.172,-49.823,25.626
1623.62231,3,3.962,8.788,-0.36,4,-0.003,-0.003,-0.005,5,-11.487,-49.564,26.395
1623.67892,3,3.957,8.797,-0.358,4,-0.004,-0.002,-0.005,,,,
1623.73553,3,3.953,8.8,-0.358,4,-0.004,-0.001,-0.004,5,-9.961,-48.613,25.29
1623.79217,3,3.958,8.804,-0.355,4,-0.004,-0.001,-0.004,5,-10.76,-48.72,26.378
1623.84878,3,3.952,8.808,-0.353,4,-0.004,0,-0.003,5,-9.52,-49.011,25.458
1623.90546,3,3.971,8.818,-0.352,4,-0.005,0.001,-0.003,5,-10.239,-49.454,26.312
1623.9621,3,3.982,8.822,-0.349,4,-0.005,0.001,-0.003,5,-10.927,-49.937,26.704
1624.01871,3,3.989,8.836,-0.349,4,-0.006,0.002,-0.002,5,-10.306,-48.041,26.942
1624.07532,3,4,8.85,-0.337,4,-0.006,0.003,-0.002,,,,
1624.13199,3,4.008,8.858,-0.335,4,-0.006,0.003,-0.002,5,-10.028,-48.705,26.463
1624.18863,3,4.02,8.87,-0.328,4,-0.006,0.003,-0.001,5,-11.166,-49.272,27.676
1624.24524,3,4.034,8.892,-0.324,4,-0.005,0.003,-0.001,5,-10.046,-48.495,26.392
1624.30185,3,4.038,8.899,-0.317,4,-0.005,0.002,-0.001,5,-10.793,-50.139,26.871
1624.35849,3,4.045,8.91,-0.313,4,-0.004,0.002,0,5,-11.272,-49.405,27.074
1624.4151,3,4.049,8.915,-0.307,4,-0.004,0.001,0,5,-10.73,-49.084,27.036
1624.47177,3,4.053,8.925,-0.313,4,-0.003,0.001,0,,,,
1624.52838,3,4.05,8.924,-0.307,4,-0.002,0,0.001,5,-10.748,-48.468,26.358
1624.58499,3,4.053,8.924,-0.307,4,-0.001,0,0.001,5,-9.793,-50.079,26.024
1624.64163,3,4.053,8.924,-0.307,4,0,-0.001,0.001,5,-10.703,-49.434,26.347
1624.69824,3,4.045,8.916,-0.307,4,0.001,-0.002,0.001,5,-10.524,-48.436,25.932
1624.75491,3,4.041,8.91,-0.314,4,0.001,-0.003,0.002,5,-10.596,-49.583,27.19
1624.81155,3,4.034,8.901,-0.322,4,0.002,-0.003,0.002,5,-10.959,-49.556,27.269
1624.86816,3,4.028,8.888,-0.316,4,0.004,-0.004,0.002,,,,
1624.92477,3,4.021,8.879,-0.32,4,0.003,-0.004,0.003,5,-11.343,-48.323,26.573
1624.98144,3,4.015,8.863,-0.325,4,0.004,-0.005,0.003,5,-10.435,-48.889,26.97
1625.03809,3,4.003,8.852,-0.33,4,0.005,-0.005,0.003,5,-10.133,-49.474,26.138
1625.0947,3,3.994,8.841,-0.337,4,0.005,-0.005,0.004,,,,
1625.15131,3,3.995,8.838,-0.337,4,0.006,-0.006,0.004,5,-10.361,-50.371,26.186
1625.20795,3,3.987,8.824,-0.341,4,0.005,-0.005,0.004,5,-10.02,-49.167,25.032
1625.26456,3,3.986,8.818,-0.337,4,0.005,-0.005,0.005,,,,
1625.32123,3,3.986,8.816,-0.344,4,0.006,-0.005,0.005,5,-9.55,-50.516,25.957
1625.37784,3,3.994,8.815,-0.348,4,0.005,-0.005,0.005,5,-9.007,-50.241,25.746
1625.43445,3,3.996,8.811,-0.353,4,0.005,-0.005,0.005,5,-9.326,-49.031,25.992
1625.49109,3,4.001,8.814,-0.362,4,0.005,-0.004,0.005,,,,
1625.5477,3,4.002,8.811,-0.357,4,0.003,-0.004,0.005,5,-10.995,-49.231,26.329
1625.60437,3,4.003,8.806,-0.368,4,0.003,-0.004,0.006,5,-10.435,-49.454,27.608
1625.66101,3,4.006,8.809,-0.364,4,0.003,-0.003,0.006,,,,
1625.71762,3,4.02,8.814,-0.368,4,0.001,-0.003,0.006,5,-9.5,-49.518,28.828
1625.77423,3,4.024,8.813,-0.38,4,0,0,0.006,5,-9.598,-49.255,26.08
1625.8309,3,4.037,8.808,-0.371,4,-0.001,0.001,0.006,5,-11.11,-48.184,27.069
1625.88754,3,4.048,8.806,-0.37,4,-0.002,0.001,0.005,,,,
1625.94415,3,4.062,8.804,-0.372,4,-0.002,0.001,0.005,5,-10.779,-48.267,27.087
1626.00076,3,4.067,8.803,-0.366,4,-0.003,0.002,0.005,5,-10.796,-50.334,25.496
1626.0574,3,4.082,8.809,-0.364,4,-0.004,0.002,0.005,,,,
1626.11401,3,4.089,8.806,-0.358,4,-0.005,0.002,0.004,5,-9.612,-50.473,26.131
1626.17068,3,4.099,8.807,-0.355,4,-0.005,0.002,0.003,5,-10.535,-49.051,27.222
1626.22732,3,4.109,8.812,-0.351,4,-0.006,0.002,0.002,5,-11.18,-48.421,27.785
1626.28393,3,4.109,8.813,-0.345,4,-0.005,0.003,0.001,,,,
1626.34054,3,4.112,8.822,-0.348,4,-0.006,0.002,0,5,-11.409,-48.907,27.045
1626.39719,3,4.113,8.822,-0.329,4,-0.006,0.001,-0.001,5,-11.397,-48.264,26.962
1626.45383,3,4.104,8.823,-0.333,4,-0.006,0.001,-0.002,,,,
1626.51044,3,4.096,8.83,-0.333,4,-0.006,0.001,-0.002,5,-10.495,-49.608,26.979
1626.56708,3,4.096,8.837,-0.327,4,-0.005,0,-0.004,5,-11.053,-49.211,26.781
1626.62369,3,4.083,8.844,-0.325,4,-0.005,0,-0.004,5,-11.156,-49.445,25.49
1626.68036,3,4.073,8.851,-0.32,4,-0.004,-0.001,-0.005,,,,
1626.737,3,4.068,8.853,-0.325,4,-0.004,-0.001,-0.005,5,-10.796,-49.101,26.906
1626.79361,3,4.054,8.857,-0.322,4,-0.004,-0.002,-0.006,5,-10.46,-49.577,26.093
1626.85022,3,4.045,8.861,-0.322,4,-0.003,-0.002,-0.007,5,-10.918,-50.169,26.218
1626.90686,3,4.039,8.865,-0.323,4,-0.002,-0.003,-0.007,5,-10.434,-47.812,25.655
1626.96347,3,4.029,8.864,-0.325,4,-0.001,-0.003,-0.007,5,-11.195,-49.017,26.337
1627.02014,3,4.014,8.874,-0.318,4,0,-0.004,-0.006,5,-10.568,-48.875,25.893
1627.07678,3,4.01,8.869,-0.33,4,0,-0.004,-0.006,,,,
1627.13339,3,3.998,8.869,-0.332,4,0,-0.004,-0.006,5,-10.67,-48.436,27.629
1627.19,3,3.986,8.872,-0.334,4,0.001,-0.004,-0.005,5,-10.677,-49.196,26.021
1627.24664,3,3.967,8.873,-0.339,4,0.002,-0.004,-0.005,5,-10.576,-49.477,27.56
1627.30328,3,3.966,8.87,-0.34,4,0.002,-0.005,-0.004,5,-10.878,-49.052,26.636
1627.35992,3,3.959,8.867,-0.352,4,0.002,-0.004,-0.003,5,-11.777,-50.131,26.697
1627.41653,3,3.951,8.862,-0.349,4,0.002,-0.004,-0.002,5,-10.747,-49.779,27.029
1627.47314,3,3.947,8.847,-0.36,4,0.001,-0.004,-0.001,,,,
1627.52978,3,3.955,8.848,-0.37,4,0.001,-0.003,0,5,-10.355,-48.944,26.993
1627.58639,3,3.965,8.837,-0.361,4,0,-0.002,0,5,-10.371,-49.129,26.61
1627.64307,3,3.976,8.831,-0.364,4,0,-0.002,0.001,5,-11.426,-49.323,28.018
1627.69971,3,3.983,8.825,-0.363,4,-0.001,-0.001,0.002,5,-12.294,-49.182,26.431
1627.75632,3,3.99,8.821,-0.367,4,-0.001,-0.001,0.002,5,-10.611,-49.129,26.784
1627.81293,3,4.002,8.821,-0.369,4,-0.002,-0.001,0.003,5,-10.701,-48.889,26.26
1627.8696,3,4.006,8.819,-0.362,4,-0.003,0,0.003,,,,
1627.92624,3,4.013,8.814,-0.365,4,-0.003,0,0.004,5,-11.568,-48.785,27.994
1627.98285,3,4.018,8.815,-0.361,4,-0.004,0,0.004,5,-10.667,-48.395,27.678
1628.03946,3,4.023,8.818,-0.352,4,-0.005,0,0.004,5,-10.677,-48.882,27.225
1628.0961,3,4.029,8.819,-0.349,4,-0.005,0.001,0.003,5,-9.644,-50.02,26.08
1628.15271,3,4.035,8.824,-0.346,4,-0.005,0.001,0.003,5,-9.798,-49.847,25.517
1628.20938,3,4.033,8.83,-0.339,4,-0.005,0.001,0.003,5,-8.696,-50.383,25.681
1628.26599,3,4.037,8.836,-0.339,4,-0.006,0.001,0.004,,,,
1628.3226,3,4.039,8.845,-0.331,4,-0.006,0.001,0.003,5,-9.167,-50.052,26.326
1628.37924,3,4.045,8.848,-0.324,4,-0.006,0.001,0.003,5,-10.393,-49.493,26.556
1628.43585,3,4.043,8.861,-0.325,4,-0.005,0,0.003,5,-11.108,-48.923,26.657
1628.49252,3,4.037,8.873,-0.322,4,-0.005,0,0.003,,,,
1628.54916,3,4.03,8.878,-0.323,4,-0.005,-0.001,0.002,5,-10.623,-49.426,26.407
1628.60577,3,4.033,8.884,-0.32,4,-0.004,-0.001,0.003,5,-11.197,-50.04,27.525
1628.66238,3,4.025,8.894,-0.321,4,-0.003,-0.001,0.003,,,,
1628.71905,3,4.022,8.897,-0.317,4,-0.002,-0.002,0.004,5,-10.248,-49.585,26.976
1628.77569,3,4.018,8.897,-0.321,4,-0.002,-0.003,0.004,5,-10.764,-49.135,27.229
1628.83231,3,4.019,8.895,-0.327,4,-0.001,-0.003,0.004,5,-10.059,-50.381,25.725
1628.88892,3,4.014,8.891,-0.324,4,0,-0.003,0.004,,,,
1628.94556,3,4.01,8.884,-0.329,4,0.001,-0.003,0.005,5,-10.26,-49.782,27.586
1629.0022,3,4.016,8.881,-0.326,4,0.001,-0.004,0.005,5,-9.517,-49.29,27.473
1629.05884,3,4.018,8.873,-0.333,4,0.001,-0.004,0.006,,,,
1629.11545,3,4.027,8.867,-0.339,4,0.002,-0.004,0.006,5,-11.754,-49.506,28.082
1629.17206,3,4.028,8.861,-0.336,4,0.002,-0.004,0.006,5,-10.747,-48.61,26.854
1629.2287,3,4.037,8.848,-0.349,4,0.003,-0.003,0.006,5,-9.753,-48.837,26.477
1629.28531,3,4.045,8.834,-0.345,4,0.004,-0.004,0.006,,,,
1629.34198,3,4.04,8.822,-0.353,4,0.003,-0.004,0.006,5,-11.557,-48.495,27.432
1629.39862,3,4.047,8.81,-0.362,4,0.003,-0.003,0.006,5,-10.403,-49.104,27.361
1629.45523,3,4.057,8.801,-0.362,4,0.003,-0.003,0.005,,,,
1629.51184,3,4.06,8.797,-0.373,4,0.002,-0.003,0.005,5,-10.814,-47.774,26.46
1629.56851,3,4.06,8.786,-0.368,4,0.002,-0.002,0.005,5,-12.112,-48.656,26.346
1629.62515,3,4.068,8.786,-0.374,4,0.001,-0.002,0.004,5,-11.476,-48.369,26.945
1629.68176,3,4.068,8.785,-0.377,4,0,-0.001,0.003,,,,
1629.73837,3,4.07,8.788,-0.369,4,0,0,0.002,5,-10.596,-49.356,27.414
1629.79501,3,4.064,8.783,-0.373,4,-0.001,0,0.001,5,-10.263,-50.789,26.105
1629.85162,3,4.065,8.791,-0.374,4,-0.002,0.001,0,,,,
1629.90829,3,4.06,8.802,-0.365,4,-0.002,0.002,-0.001,5,-10.408,-49.678,25.948
1629.9649,3,4.065,8.811,-0.361,4,-0.002,0.003,-0.002,5,-10.522,-50.166,26.515
1630.02151,3,4.057,8.811,-0.356,4,-0.003,0.003,-0.003,5,-9.717,-49.261,25.851
1630.07815,3,4.048,8.819,-0.354,4,-0.003,0.004,-0.004,,,,
1630.13476,3,4.039,8.835,-0.349,4,-0.003,0.004,-0.004,5,-10.138,-48.756,26.288
1630.19144,3,4.029,8.843,-0.346,4,-0.004,0.005,-0.006,5,-9.727,-50.514,26.898
1630.24808,3,4.014,8.844,-0.339,4,-0.003,0.005,-0.006,5,-9.515,-49.699,25.223
1630.30469,3,4,8.852,-0.341,4,-0.002,0.006,-0.006,5,-10.031,-49.669,25.7
1630.3613,3,3.994,8.855,-0.333,4,-0.003,0.006,-0.006,5,-9.592,-49.68,25.139
1630.41797,3,3.988,8.852,-0.333,4,-0.002,0.006,-0.006,5,-9.406,-49.878,24.052
1630.47461,3,3.978,8.856,-0.333,4,-0.001,0.006,-0.005,,,,
1630.53122,3,3.976,8.848,-0.333,4,-0.001,0.006,-0.005,5,-10.4,-49.493,26.219
1630.58783,3,3.97,8.847,-0.333,4,-0.001,0.007,-0.004,5,-10.165,-50.218,27.321
1630.64447,3,3.969,8.845,-0.337,4,-0.001,0.006,-0.003,5,-11.119,-49.657,26.625
1630.70108,3,3.974,8.843,-0.328,4,0,0.006,-0.003,5,-11.263,-48.398,27.599
1630.75775,3,3.972,8.843,-0.334,4,0,0.006,-0.001,5,-10.831,-49.069,26.125
1630.81436,3,3.982,8.853,-0.329,4,0,0.006,0,5,-11.534,-49.034,25.665
1630.87097,3,3.993,8.845,-0.333,4,0.001,0.006,0,,,,
1630.92761,3,4.001,8.849,-0.332,4,0.002,0.005,0.001,5,-10.408,-49.42,26.86
1630.98422,3,4.018,8.849,-0.335,4,0.002,0.005,0.002,5,-9.837,-49.168,27.345
1631.04089,3,4.032,8.856,-0.336,4,0.002,0.004,0.002,5,-10.587,-49.11,26.938
1631.09753,3,4.044,8.858,-0.335,4,0.002,0.004,0.003,5,-9.752,-49.152,27.367
1631.15414,3,4.061,8.865,-0.337,4,0.002,0.004,0.003,5,-10.53,-49.159,26.72
1631.21075,3,4.077,8.875,-0.336,4,0.003,0.003,0.003,5,-9.317,-50.392,25.081
1631.26742,3,4.084,8.874,-0.333,4,0.003,0.003,0.003,,,,
1631.32407,3,4.091,8.873,-0.334,4,0.003,0.002,0.002,5,-8.502,-50.159,25.188
1631.38068,3,4.097,8.88,-0.334,4,0.003,0.002,0.002,5,-9.973,-50.339,25.412
1631.43729,3,4.102,8.874,-0.336,4,0.004,0.001,0.001,5,-10.182,-50.095,26.897
1631.49393,3,4.101,8.866,-0.339,4,0.004,0.001,0.001,5,-8.844,-51.137,24.76
1631.55054,3,4.097,8.868,-0.338,4,0.004,0,0,5,-9.691,-49.879,26.073
1631.60721,3,4.095,8.857,-0.34,4,0.004,0,0,5,-10.335,-49.431,26.831
1631.66382,3,4.075,8.854,-0.363,4,0.004,0,-0.001,,,,
1631.72043,3,4.087,8.834,-0.353,4,0.003,-0.001,-0.002,5,-10.555,-48.474,25.543
1631.77707,3,4.057,8.823,-0.365,4,0.003,-0.001,-0.002,5,-10.464,-49.422,26.653
1631.83368,3,4.034,8.818,-0.366,4,0.003,-0.001,-0.003,5,-10.867,-49.564,27.13
1631.89035,3,4.038,8.805,-0.364,4,0.002,0,-0.003,,,,
1631.94699,3,4.022,8.794,-0.372,4,0.001,0.001,-0.003,5,-11.092,-49.324,26.964
1632.0036,3,4.006,8.806,-0.369,4,0,0.001,-0.004,5,-9.811,-50.204,26.274
1632.06021,3,3.996,8.8,-0.378,4,-0.001,0.002,-0.004,,,,
1632.11688,3,4,8.796,-0.371,4,-0.001,0.002,-0.004,5,-9.645,-48.448,26.733
1632.17352,3,3.984,8.806,-0.38,4,-0.003,0.003,-0.004,5,-10.417,-49.739,26.576
1632.23013,3,3.973,8.818,-0.372,4,-0.003,0.003,-0.003,5,-11.02,-49.518,26.982
1632.28674,3,3.965,8.813,-0.36,4,-0.003,0.003,-0.003,,,,
1632.34338,3,3.967,8.821,-0.358,4,-0.004,0.003,-0.002,5,-10.522,-49.214,27.151
1632.39999,3,3.942,8.838,-0.335,4,-0.004,0.004,-0.001,5,-10.231,-50.157,26.785
1632.45666,3,3.945,8.847,-0.333,4,-0.005,0.004,-0.001,,,,
1632.51327,3,3.944,8.851,-0.317,4,-0.004,0.004,0,5,-9.219,-49.342,26.973
1632.56988,3,3.962,8.865,-0.327,4,-0.004,0.004,0.001,5,-9.779,-50.235,26.335
1632.62652,3,3.965,8.868,-0.334,4,-0.003,0.004,0.003,5,-9.904,-49.036,27.443
1632.68314,3,3.974,8.868,-0.316,4,-0.003,0.004,0.003,,,,
1632.73981,3,3.977,8.866,-0.316,4,-0.002,0.004,0.004,5,-10.857,-48.431,26.358
1632.79645,3,3.977,8.893,-0.321,4,-0.001,0.004,0.004,5,-9.807,-50.2,26.793
1632.85306,3,3.965,8.883,-0.304,4,-0.001,0.004,0.005,,,,
1632.90967,3,3.996,8.878,-0.32,4,0,0.004,0.006,5,-10.034,-49.359,26.64
1632.96631,3,4.03,8.881,-0.317,4,0.002,0.004,0.006,5,-10.31,-49.907,25.842
1633.02292,3,4.052,8.875,-0.298,4,0.002,0.004,0.007,5,-10.789,-49.454,26.147
1633.07959,3,4.08,8.848,-0.358,4,0.003,0.004,0.007,,,,
1633.13623,3,4.095,8.85,-0.317,4,0.004,0.003,0.006,5,-8.646,-50.612,25.336
1633.19284,3,4.097,8.857,-0.341,4,0.003,0.003,0.006,5,-8.51,-50.092,25.804
1633.24945,3,4.116,8.839,-0.355,4,0.004,0.002,0.005,5,-8.786,-50.487,24.765
1633.30612,3,4.104,8.837,-0.329,4,0.004,0.002,0.004,5,-8.835,-49.515,25.636
1633.36273,3,4.12,8.833,-0.359,4,0.004,0.001,0.003,5,-10.039,-49.046,26.028
1633.41934,3,4.113,8.829,-0.357,4,0.004,0,0.002,5,-9.628,-48.315,25.829
1633.47598,3,4.107,8.818,-0.344,4,0.003,0,0.001,,,,
1633.53259,3,4.081,8.82,-0.372,4,0.003,-0.001,0.001,5,-9.264,-49.524,26.807
1633.58926,3,4.085,8.821,-0.349,4,0.002,-0.001,-0.001,5,-10.017,-49.208,26.758
1633.6459,3,4.064,8.82,-0.354,4,0.001,-0.001,-0.001,5,-10.84,-49.564,27.824
1633.70251,3,4.055,8.813,-0.374,4,0.001,-0.001,-0.002,5,-9.196,-48.608,27.53
1633.75912,3,4.042,8.811,-0.349,4,0.001,-0.001,-0.003,5,-10.107,-49.501,27.052
1633.81576,3,4.034,8.81,-0.368,4,0,0,-0.004,5,-10.229,-49.495,27.115
1633.87237,3,4.015,8.809,-0.369,4,-0.001,0,-0.004,,,,
1633.92905,3,4,8.805,-0.353,4,-0.001,0.001,-0.005,5,-9.821,-49.286,26.945
1633.98569,3,3.983,8.813,-0.368,4,-0.002,0.001,-0.004,5,-9.613,-49.152,26.805
1634.0423,3,3.973,8.817,-0.345,4,-0.003,0.002,-0.005,5,-9.84,-49.876,28.114
1634.09891,3,3.985,8.812,-0.348,4,-0.003,0.002,-0.004,5,-10.875,-48.958,27.539
1634.15558,3,3.975,8.821,-0.357,4,-0.004,0.003,-0.004,5,-10.663,-48.755,26.178
1634.21219,3,3.973,8.824,-0.331,4,-0.004,0.003,-0.004,5,-11.418,-49.106,26.906
1634.2688,3,3.963,8.834,-0.339,4,-0.005,0.003,-0.003,,,,
1634.32544,3,3.971,8.832,-0.344,4,-0.004,0.003,-0.003,5,-10.036,-48.993,27.484
1634.38205,3,3.97,8.851,-0.314,4,-0.005,0.003,-0.002,5,-8.719,-49.783,25.212
1634.43872,3,3.971,8.865,-0.329,4,-0.005,0.004,-0.001,5,-9.119,-49.664,24.622
1634.49536,3,3.976,8.862,-0.321,4,-0.004,0.003,-0.001,5,-11.06,-49.373,27.58
1634.55194,3,3.982,8.871,-0.312,4,-0.003,0.003,0,5,-9.348,-50.374,25.63
1634.60855,3,3.995,8.881,-0.319,4,-0.003,0.003,0,5,-9.41,-50.452,25.49
1634.66519,3,3.994,8.885,-0.301,4,-0.002,0.003,0.001,,,,
1634.7218,3,4.002,8.889,-0.309,4,-0.001,0.002,0.002,5,-9.467,-50.841,26.237
1634.77848,3,4.011,8.893,-0.317,4,-0.001,0.002,0.002,5,-9.491,-51.134,24.551
1634.83512,3,4.027,8.898,-0.305,4,0.001,0.002,0.002,5,-8.543,-49.371,24.751
1634.89173,3,4.035,8.895,-0.316,4,0.001,0.001,0.002,,,,
1634.94834,3,4.036,8.895,-0.32,4,0.002,0.001,0.003,5,-10.707,-50.468,26.834
1635.00501,3,4.034,8.895,-0.311,4,0.004,0,0.003,5,-9.576,-49.237,27.899
1635.06162,3,4.029,8.893,-0.324,4,0.004,-0.001,0.003,,,,
1635.11823,3,4.04,8.885,-0.329,4,0.004,-0.002,0.003,5,-9.842,-50.436,26.254
1635.17487,3,4.038,8.882,-0.332,4,0.006,-0.001,0.003,5,-10.175,-49.832,26.508
1635.23148,3,4.045,8.873,-0.344,4,0.006,-0.002,0.003,5,-10.683,-48.576,27.24
1635.28815,3,4.045,8.867,-0.343,4,0.007,-0.002,0.003,,,,
1635.34479,3,4.042,8.856,-0.354,4,0.006,-0.002,0.003,5,-10.675,-48.778,27.682
1635.4014,3,4.049,8.843,-0.357,4,0.006,-0.002,0.003,5,-9.462,-48.752,27.742
1635.45801,3,4.041,8.829,-0.364,4,0.006,-0.002,0.003,,,,
1635.51465,3,4.036,8.818,-0.367,4,0.005,-0.001,0.002,5,-10.774,-49.831,27.641
1635.57126,3,4.034,8.812,-0.376,4,0.004,-0.001,0.002,5,-9.966,-49.393,27.295
1635.62793,3,4.038,8.802,-0.372,4,0.004,-0.001,0.002,5,-10.442,-49.628,26.363
1635.68457,3,4.038,8.79,-0.38,4,0.002,-0.001,0.001,,,,
1635.74118,3,4.031,8.789,-0.376,4,0.002,0,0.001,5,-7.866,-51.07,28.893
1635.79779,3,4.018,8.788,-0.375,4,0.001,0,0.001,5,-9.454,-49.644,26.642
1635.85446,3,4.015,8.786,-0.376,4,0,0,0.001,,,,
1635.91107,3,4.013,8.786,-0.368,4,-0.002,0.001,0,5,-9.735,-50.349,26.77
1635.96768,3,4.005,8.787,-0.369,4,-0.003,0.001,0,5,-9.459,-49.771,27.081
1636.02432,3,3.996,8.798,-0.364,4,-0.004,0.002,0,5,-10.468,-48.837,26.48
1636.08093,3,3.998,8.803,-0.349,4,-0.004,0.002,0,,,,
1636.13761,3,3.994,8.811,-0.359,4,-0.005,0.002,0,5,-9.889,-48.708,27.156
1636.19425,3,4.003,8.814,-0.347,4,-0.005,0.002,0,5,-9.824,-50.328,27.28
1636.25086,3,3.998,8.826,-0.345,4,-0.006,0.003,0.001,,,,
1636.30747,3,3.993,8.83,-0.341,4,-0.006,0.003,0.001,5,-11.122,-49.159,26.86
1636.36411,3,4,8.834,-0.333,4,-0.006,0.003,0.001,5,-9.75,-48.723,27.344
1636.42072,3,3.998,8.845,-0.336,4,-0.006,0.004,0.001,5,-9.413,-48.825,27.095
1636.47739,3,3.996,8.847,-0.332,4,-0.006,0.003,0.001,,,,
1636.53403,3,4.007,8.852,-0.325,4,-0.005,0.004,0.001,5,-9.929,-49.364,26.619
1636.59064,3,4.018,8.854,-0.328,4,-0.005,0.004,0.001,5,-9.737,-49.695,27.724
1636.64725,3,4.012,8.857,-0.321,4,-0.004,0.004,0.001,5,-9.526,-49.017,26.015
1636.70392,3,4.009,8.867,-0.321,4,-0.003,0.004,0.001,5,-10.327,-49.905,27.406
1636.76053,3,4.013,8.864,-0.321,4,-0.003,0.004,0.001,5,-10.233,-49.031,27.403
1636.81714,3,4.024,8.864,-0.32,4,-0.002,0.004,0.001,5,-10.568,-49.927,26.878
1636.87378,3,4.024,8.863,-0.327,4,-0.001,0.004,0.001,,,,
1636.93039,3,4.029,8.869,-0.327,4,-0.001,0.004,0.001,5,-10.487,-48.863,26.372
1636.98706,3,4.045,8.87,-0.331,4,0,0.004,0.001,5,-10.251,-49.504,26.172
1637.0437,3,4.045,8.873,-0.326,4,0,0.003,0.001,5,-8.778,-49.113,26.241
1637.10031,3,4.049,8.88,-0.334,4,0.001,0.003,0.001,5,-12.064,-49.323,26.747
1637.15692,3,4.053,8.885,-0.324,4,0.001,0.003,0.001,5,-10.005,-48.399,26.147
1637.21356,3,4.055,8.885,-0.336,4,0.002,0.003,0,5,-10.237,-49.413,27.048
1637.27017,3,4.057,8.884,-0.335,4,0.003,0.002,0,,,,
1637.32685,3,4.061,8.884,-0.333,4,0.004,0.002,0,5,-10.327,-49.788,26.663
1637.38349,3,4.056,8.881,-0.34,4,0.004,0.001,0,5,-10.419,-50.272,27.545
1637.4401,3,4.058,8.872,-0.339,4,0.004,0.001,0,5,-9.79,-49.217,27.025
1637.49671,3,4.057,8.864,-0.34,4,0.005,0.001,0,5,-9.933,-49.37,27.11
1637.55338,3,4.062,8.86,-0.349,4,0.003,0,0,5,-9.944,-50.876,27.431
1637.61002,3,4.048,8.847,-0.351,4,0.004,0,0,5,-9.172,-50.15,26.784
1637.66663,3,4.04,8.842,-0.348,4,0.004,0,-0.001,,,,
1637.72324,3,4.016,8.833,-0.356,4,0.004,-0.001,-0.001,5,-9.843,-50.146,25.812
1637.77988,3,4.02,8.83,-0.354,4,0.003,-0.001,-0.001,5,-10.284,-50.42,27.225
1637.83652,3,4.001,8.822,-0.355,4,0.003,-0.001,0,5,-10.335,-50.06,26.91
1637.89316,3,3.994,8.819,-0.358,4,0.003,-0.001,0,5,-9.334,-48.5,26.03
1637.94977,3,3.98,8.818,-0.356,4,0.003,-0.001,0,5,-10.226,-49.144,27.112
1638.00638,3,3.978,8.814,-0.354,4,0.003,-0.001,0,5,-11.61,-49.037,26.563
1638.06302,3,3.972,8.813,-0.357,4,0.002,0,0,,,,
1638.11963,3,3.973,8.818,-0.361,4,0.001,0,0.001,5,-9.19,-49.722,25.903
1638.1763,3,3.978,8.813,-0.361,4,0,0,0.001,5,-10.635,-51.016,27.371
1638.23294,3,3.988,8.806,-0.362,4,0,0.001,0.002,5,-9.859,-47.232,26.433
1638.28955,3,3.995,8.81,-0.358,4,0.001,0.001,0.002,,,,
1638.34616,3,3.994,8.81,-0.355,4,-0.001,0.001,0.002,5,-11.04,-48.392,28.159
1638.4028,3,4.001,8.808,-0.354,4,-0.001,0.001,0.002,5,-10.954,-49.243,27.652
1638.45941,3,4.012,8.815,-0.355,4,-0.001,0.002,0.002,,,,
1638.51608,3,4.012,8.818,-0.353,4,-0.002,0.002,0.002,5,-11.548,-49.96,28.407
1638.57273,3,4.019,8.822,-0.353,4,-0.002,0.002,0.002,5,-10.884,-49.017,27.922
1638.62934,3,4.034,8.83,-0.348,4,-0.002,0.002,0.002,5,-10.197,-49.117,26.802
1638.68595,3,4.034,8.84,-0.343,4,-0.002,0.002,0.002,,,,
1638.74259,3,4.029,8.847,-0.345,4,-0.002,0.002,0.002,5,-10.129,-50.949,25.017
1638.79923,3,4.034,8.853,-0.338,4,-0.002,0.002,0.002,5,-10.629,-48.633,27.078
1638.85584,3,4.037,8.861,-0.342,4,-0.001,0.002,0.002,,,,
1638.91248,3,4.049,8.862,-0.336,4,-0.001,0.002,0.002,5,-11.336,-48.653,26.372
1638.96909,3,4.054,8.859,-0.345,4,-0.001,0.002,0.001,5,-10.652,-49.548,26.524
1639.02576,3,4.065,8.859,-0.34,4,-0.001,0.002,0.001,5,-11.617,-49.318,27.536
1639.0824,3,4.053,8.862,-0.34,4,-0.001,0.002,0.001,,,,
1639.13901,3,4.049,8.857,-0.34,4,-0.001,0.003,0,5,-9.755,-49.182,26.999
1639.19562,3,4.047,8.857,-0.346,4,-0.001,0.002,0,5,-9.088,-50.093,26.183
1639.25226,3,4.057,8.861,-0.344,4,0,0.002,0,,,,
1639.30887,3,4.051,8.857,-0.344,4,-0.001,0.003,-0.001,5,-8.792,-49.115,25.47
1639.36554,3,4.055,8.849,-0.349,4,0,0.002,-0.001,5,-9.175,-49.948,26.166
1639.42218,3,4.041,8.86,-0.341,4,0,0.002,-0.001,5,-8.594,-51.514,26.14
1639.47879,3,4.033,8.855,-0.343,4,0,0.003,-0.002,,,,
1639.5354,3,4.021,8.856,-0.348,4,0,0.002,-0.002,5,-10.971,-50.021,26.762
1639.59207,3,4.013,8.861,-0.346,4,0,0.002,-0.002,5,-10.628,-49.898,27.605
1639.64868,3,4.006,8.861,-0.341,4,0,0.003,-0.002,,,,
1639.70529,3,3.996,8.855,-0.344,4,0.001,0.002,-0.002,5,-10.381,-49.406,26.161
1639.76193,3,3.994,8.852,-0.341,4,0.001,0.003,-0.002,5,-9.821,-50.235,26.341
1639.81854,3,3.984,8.846,-0.338,4,0.001,0.002,-0.001,5,-8.72,-50.122,25.964
1639.87522,3,3.98,8.844,-0.339,4,0.001,0.002,-0.001,,,,
1639.93186,3,3.973,8.839,-0.342,4,0.001,0.002,0,5,-10.709,-49.661,26.57
1639.98847,3,3.975,8.829,-0.349,4,0.001,0.002,0.001,5,-10.53,-48.682,26.443
1640.04508,3,3.974,8.829,-0.347,4,0.001,0.002,0.001,5,-9.871,-48.941,26.851
1640.10172,3,3.981,8.818,-0.354,4,0.001,0.003,0.002,5,-9.9,-50.644,27.591
1640.15833,3,3.983,8.819,-0.346,4,0.001,0.003,0.003,5,-9.509,-49.985,27.322
1640.215,3,3.985,8.814,-0.351,4,0.001,0.002,0.003,5,-11.691,-49.493,27.713
1640.27164,3,4.002,8.822,-0.345,4,0.001,0.002,0.003,,,,
1640.32825,3,4.004,8.824,-0.346,4,0,0.002,0.004,5,-10.992,-49.437,27.541
1640.38486,3,4.009,8.826,-0.348,4,0,0.002,0.004,5,-10.104,-48.776,27.908
1640.44153,3,4.014,8.84,-0.343,4,0,0.001,0.004,5,-11.421,-49.113,27.789
1640.49817,3,4.027,8.848,-0.336,4,0,0.001,0.004,5,-10.295,-49.081,27.022
1640.55478,3,4.043,8.853,-0.339,4,0,0.001,0.005,5,-10.765,-49.341,27.449
1640.61139,3,4.048,8.86,-0.337,4,0,0.001,0.004,5,-10.966,-50.008,26.869
1640.66803,3,4.061,8.867,-0.329,4,0.001,0.001,0.005,,,,
1640.72467,3,4.061,8.87,-0.341,4,0.001,0.001,0.004,5,-9.872,-48.07,25.479
1640.78131,3,4.062,8.871,-0.337,4,0.001,0,0.004,5,-10.107,-49.805,27.206
1640.83792,3,4.069,8.873,-0.341,4,0.002,0,0.004,5,-8.586,-50.288,25.452
1640.89453,3,4.073,8.874,-0.343,4,0.002,0,0.003,5,-9.007,-49.443,25.572
1640.95119,3,4.077,8.871,-0.347,4,0.003,0,0.003,5,-9.755,-49.893,25.925
1641.0078,3,4.069,8.86,-0.349,4,0.003,0,0.002,5,-10.573,-49.333,25.389
1641.06447,3,4.062,8.857,-0.36,4,0.003,0,0.001,,,,
1641.12111,3,4.044,8.849,-0.361,4,0.002,0,0.001,5,-10.374,-49.203,27.296
1641.17772,3,4.041,8.84,-0.364,4,0.002,0,0,5,-10.402,-50.987,28.029
1641.23433,3,4.046,8.83,-0.362,4,0.002,0.001,0,5,-9.579,-48.79,26.93
1641.291,3,4.039,8.826,-0.367,4,0.001,0.002,-0.001,,,,
1641.34764,3,4.04,8.81,-0.368,4,0.001,0.002,-0.001,5,-10.01,-48.665,26.863
1641.40425,3,4.031,8.811,-0.367,4,0,0.003,-0.002,5,-10.753,-50.101,27.965
1641.46086,3,4.033,8.802,-0.372,4,-0.001,0.003,-0.003,,,,
1641.5175,3,4.017,8.796,-0.362,4,0,0.004,-0.003,5,-10.847,-49.095,26.75
1641.57411,3,4.018,8.798,-0.367,4,-0.001,0.004,-0.003,5,-10.487,-48.978,26.566
1641.63078,3,4.026,8.786,-0.363,4,-0.002,0.004,-0.003,5,-10.446,-48.419,27.689
1641.68739,3,4.013,8.79,-0.361,4,-0.002,0.005,-0.004,,,,
1641.744,3,4.008,8.796,-0.356,4,-0.003,0.004,-0.004,5,-8.633,-49.716,25.861
1641.80064,3,3.993,8.796,-0.353,4,-0.004,0.004,-0.004,5,-10.405,-50.449,25.972
1641.85725,3,3.988,8.806,-0.341,4,-0.004,0.004,-0.004,,,,
1641.91392,3,3.985,8.817,-0.344,4,-0.004,0.004,-0.004,5,-9.938,-50.249,26.578
1641.97056,3,3.987,8.826,-0.338,4,-0.005,0.003,-0.003,5,-11.055,-49.44,26.353
1642.02717,3,3.99,8.842,-0.33,4,-0.005,0.004,-0.003,5,-9.872,-48.692,26.389
1642.08378,3,3.993,8.847,-0.325,4,-0.004,0.004,-0.002,,,,
1642.14046,3,3.978,8.87,-0.321,4,-0.004,0.003,-0.002,5,-9.654,-49.023,26.308
1642.1971,3,3.989,8.871,-0.317,4,-0.004,0.003,-0.002,5,-10.207,-50.703,26.279
1642.25371,3,3.984,8.882,-0.323,4,-0.002,0.003,-0.001,,,,
1642.31032,3,3.994,8.893,-0.319,4,-0.002,0.002,0,5,-10.464,-49.876,27.324
1642.36696,3,3.997,8.904,-0.317,4,-0.001,0.002,0,5,-9.717,-49.368,26.146
1642.42357,3,4.02,8.902,-0.317,4,0,0.002,0.001,5,-10.437,-50.146,26.685
1642.48024,3,4.022,8.904,-0.322,4,0.001,0.001,0.001,,,,
1642.53685,3,4.016,8.903,-0.326,4,0.001,0.001,0.002,5,-9.14,-49.547,26.299
1642.59346,3,4.017,8.898,-0.325,4,0.002,0,0.002,5,-9.578,-49.956,26.883
1642.6501,3,4.017,8.891,-0.329,4,0.003,-0.001,0.002,,,,
1642.70671,3,4.021,8.889,-0.342,4,0.004,-0.001,0.003,5,-10.435,-49.791,26.63
1642.76338,3,4.021,8.877,-0.34,4,0.003,-0.001,0.003,5,-9.358,-49.907,25.262
1642.82002,3,4.024,8.874,-0.342,4,0.004,-0.001,0.003,5,-9.842,-49.561,25.343
1642.87663,3,4.027,8.864,-0.357,4,0.005,-0.001,0.003,,,,
1642.93324,3,4.022,8.855,-0.345,4,0.004,-0.002,0.004,5,-9.358,-49.643,25.052
1642.98991,3,4.014,8.848,-0.349,4,0.005,-0.002,0.003,5,-10.597,-49.388,27.161
1643.04655,3,4.021,8.839,-0.358,4,0.005,-0.001,0.003,5,-10.652,-49.567,27.594
1643.10316,3,4.019,8.834,-0.36,4,0.004,-0.001,0.004,5,-10.191,-50.255,27.608
1643.15977,3,4.022,8.831,-0.364,4,0.003,-0.001,0.004,5,-9.48,-49.286,26.163
1643.21641,3,4.014,8.826,-0.359,4,0.003,-0.001,0.003,5,-10.408,-48.843,27.246
1643.27302,3,4.009,8.821,-0.361,4,0.003,0,0.003,,,,
1643.3297,3,4.006,8.819,-0.368,4,0.001,0.001,0.003,5,-10.384,-49.924,27.121
1643.38634,3,4.013,8.814,-0.361,4,0.001,0.001,0.003,5,-10.278,-49.617,27.365
1643.44295,3,4.015,8.818,-0.363,4,0,0.002,0.002,5,-11.479,-49.457,27.73
1643.49956,3,4.032,8.811,-0.368,4,0,0.002,0.002,5,-10.672,-49.146,26.184
1643.5562,3,4.037,8.81,-0.36,4,0,0.002,0.002,5,-9.885,-49.568,27.754
1643.61281,3,4.042,8.809,-0.36,4,-0.001,0.003,0.001,5,-9.296,-49.982,25.858
1643.66948,3,4.037,8.812,-0.358,4,-0.001,0.003,0.001,,,,
1643.72609,3,4.033,8.81,-0.355,4,-0.002,0.003,0.001,5,-10.577,-49.657,26.266
1643.7827,3,4.047,8.808,-0.358,4,-0.002,0.003,0,5,-9.589,-49.373,26.628
1643.83934,3,4.043,8.813,-0.35,4,-0.002,0.003,0,5,-8.131,-51.675,25.525
1643.89595,3,4.041,8.815,-0.352,4,-0.003,0.003,-0.001,5,-9.102,-50.398,25.74
1643.95262,3,4.033,8.825,-0.352,4,-0.003,0.002,0,5,-8.85,-50.146,26.92
1644.00926,3,4.031,8.828,-0.345,4,-0.003,0.002,-0.001,5,-9.138,-50.693,26.714
1644.06587,3,4.029,8.83,-0.344,4,-0.003,0.002,-0.001,,,,
1644.12248,3,4.022,8.826,-0.341,4,-0.003,0.002,-0.001,5,-10.736,-49.512,26.665
1644.17915,3,4.021,8.845,-0.334,4,-0.003,0.001,-0.001,5,-10.229,-49.818,26.839
1644.23579,3,4.022,8.849,-0.34,4,-0.003,0.001,-0.001,5,-11.04,-48.866,26.988
1644.2924,3,4.018,8.848,-0.335,4,-0.002,0.001,-0.002,5,-10.117,-49.104,27.457
1644.34901,3,4.021,8.854,-0.341,4,-0.002,0,-0.002,5,-10.312,-49.8,28.015
1644.40565,3,4.019,8.862,-0.342,4,-0.002,0,-0.001,5,-10.181,-49.716,26.721
1644.46226,3,4.008,8.859,-0.331,4,-0.001,0,-0.001,,,,
1644.51893,3,4.005,8.867,-0.345,4,-0.001,0,-0.001,5,-9.717,-49.123,26.634
1644.57558,3,3.986,8.873,-0.342,4,-0.001,-0.001,-0.001,5,-9.674,-48.985,26.479
1644.63219,3,3.978,8.879,-0.346,4,0,-0.001,0,5,-10.283,-48.959,27.586
1644.6888,3,3.963,8.884,-0.356,4,-0.001,-0.001,0,,,,
1644.74544,3,3.959,8.883,-0.347,4,0,-0.001,0,5,-9.531,-48.926,26.689
1644.80208,3,3.959,8.881,-0.352,4,0,0,0.001,5,-11.064,-49.716,27.002
1644.85869,3,3.959,8.883,-0.348,4,0.001,0.001,0.002,,,,
1644.91533,3,3.948,8.876,-0.348,4,0,0.001,0.002,5,-10.255,-49.017,27.611
1644.97194,3,3.958,8.875,-0.355,4,0.001,0.002,0.003,5,-9.976,-49.69,27.58
1645.02861,3,3.959,8.872,-0.351,4,0.001,0.003,0.003,5,-9.856,-49.263,27.597
1645.08525,3,3.971,8.871,-0.347,4,0.001,0.004,0.003,,,,
1645.14186,3,3.98,8.859,-0.356,4,0.002,0.005,0.003,5,-10.397,-49.319,25.96
1645.19847,3,3.992,8.857,-0.354,4,0.001,0.005,0.004,5,-11.659,-49.02,26.407
1645.25511,3,3.999,8.848,-0.353,4,0.002,0.006,0.004,,,,
1645.31172,3,4.006,8.841,-0.357,4,0.001,0.006,0.004,5,-10.378,-49.382,26.926
1645.36839,3,4.026,8.837,-0.353,4,0.002,0.007,0.004,5,-10.236,-48.869,27.074
1645.42503,3,4.036,8.836,-0.356,4,0.002,0.007,0.004,5,-9.593,-50.273,26.109
1645.48164,3,4.046,8.83,-0.355,4,0.001,0.007,0.003,,,,
1645.53825,3,4.065,8.83,-0.351,4,0.002,0.007,0.003,5,-10.243,-48.665,26.451
1645.59492,3,4.068,8.838,-0.344,4,0.001,0.007,0.002,5,-10.469,-49.724,26.706
1645.65153,3,4.07,8.838,-0.341,4,0.001,0.007,0.002,,,,
1645.70814,3,4.078,8.845,-0.338,4,0.001,0.007,0.001,5,-10.716,-49.278,28.04
1645.76478,3,4.081,8.849,-0.345,4,0.001,0.006,0.001,5,-10.909,-48.894,27.852
1645.82139,3,4.085,8.853,-0.333,4,0.001,0.006,0,5,-9.706,-49.1,27.005
1645.87807,3,4.093,8.851,-0.332,4,0.001,0.005,0,,,,
1645.93471,3,4.089,8.849,-0.329,4,0.001,0.005,-0.001,5,-10.394,-48.831,27.397
1645.99132,3,4.09,8.853,-0.328,4,0.002,0.004,-0.002,5,-11.684,-49.609,26.86
1646.04793,3,4.097,8.855,-0.325,4,0.002,0.004,-0.003,,,,
1646.10457,3,4.085,8.85,-0.325,4,0.003,0.003,-0.003,5,-9.271,-50.031,27.443
1646.16118,3,4.071,8.845,-0.325,4,0.003,0.002,-0.004,5,-9.85,-49.255,26.558
1646.21785,3,4.056,8.848,-0.329,4,0.004,0.001,-0.004,5,-10.497,-50.461,26.256
1646.27449,3,4.033,8.849,-0.324,4,0.004,0.001,-0.005,,,,
1646.3311,3,4.009,8.838,-0.337,4,0.004,0,-0.005,5,-10.545,-48.73,26.857
1646.38771,3,3.967,8.84,-0.333,4,0.004,0,-0.005,5,-10.155,-49.115,27.544
1646.44438,3,3.939,8.849,-0.345,4,0.005,-0.001,-0.005,5,-9.822,-48.213,27.896
1646.50102,3,3.912,8.837,-0.347,4,0.005,0,-0.005,5,-10.231,-49.96,27.298
1646.55763,3,3.894,8.833,-0.354,4,0.005,0.001,-0.004,5,-10.231,-49.756,27.594
1646.61424,3,3.888,8.828,-0.361,4,0.005,0.001,-0.003,5,-9.555,-49.257,26.863
1646.67088,3,3.891,8.822,-0.364,4,0.005,0.002,-0.002,,,,
1646.72749,3,3.896,8.816,-0.368,4,0.005,0.004,-0.001,5,-10.097,-49.67,26.982
1646.78416,3,3.907,8.815,-0.37,4,0.005,0.005,0,5,-9.474,-49.991,27.789
1646.84077,3,3.924,8.809,-0.372,4,0.003,0.007,0.001,5,-8.818,-50.267,23.88
1646.89738,3,3.932,8.812,-0.373,4,0.003,0.008,0.001,5,-10.042,-50.601,26.051
1646.95402,3,3.947,8.82,-0.376,4,0.002,0.009,0.001,5,-8.426,-50.742,26.06
1647.01063,3,3.959,8.821,-0.374,4,0,0.01,0.002,,,,
1647.0673,3,3.968,8.826,-0.369,4,0,0.011,0.002,5,-8.33,-49.362,23
1647.12395,3,3.976,8.829,-0.364,4,-0.001,0.011,0.002,5,-9.526,-49.992,26.251
1647.18056,3,3.988,8.838,-0.353,4,-0.002,0.012,0.003,5,-9.909,-49.596,25.963
1647.23717,3,3.997,8.853,-0.354,4,-0.003,0.013,0.003,,,,
1647.29384,3,4.005,8.861,-0.343,4,-0.003,0.013,0.003,5,-10.799,-49.042,27.411
1647.35048,3,4.023,8.871,-0.329,4,-0.003,0.013,0.003,5,-10.121,-49.608,26.886
1647.40709,3,4.036,8.886,-0.327,4,-0.004,0.013,0.003,,,,
1647.4637,3,4.045,8.894,-0.314,4,-0.003,0.013,0.004,5,-11.694,-50.046,27.151
1647.52034,3,4.048,8.904,-0.314,4,-0.003,0.012,0.004,5,-10.204,-49.277,27.51
1647.57695,3,4.066,8.912,-0.305,4,-0.002,0.012,0.003,5,-10.533,-49.565,26.88
1647.63362,3,4.081,8.915,-0.304,4,-0.002,0.011,0.004,,,,
1647.69023,3,4.088,8.912,-0.301,4,0,0.011,0.004,5,-11.288,-48.428,26.146
1647.74684,3,4.093,8.907,-0.299,4,0,0.01,0.003,5,-10.588,-48.567,27.388
1647.80348,3,4.092,8.908,-0.295,4,0.002,0.009,0.003,,,,
1647.86009,3,4.091,8.901,-0.301,4,0.003,0.008,0.002,5,-10.312,-49.278,26.418
1647.91676,3,4.085,8.899,-0.306,4,0.005,0.007,0.002,5,-10.228,-50.157,26.936
1647.9734,3,4.081,8.891,-0.301,4,0.006,0.006,0.001,5,-10.222,-49.452,26.257
1648.03001,3,4.082,8.882,-0.31,4,0.006,0.005,0.001,,,,
1648.08662,3,4.069,8.861,-0.314,4,0.007,0.005,0,5,-10.295,-48.677,27.148
1648.14329,3,4.07,8.858,-0.317,4,0.008,0.004,-0.001,5,-10.013,-49.106,26.962
1648.19993,3,4.06,8.846,-0.324,4,0.009,0.004,-0.001,,,,
1648.25654,3,4.049,8.837,-0.325,4,0.01,0.003,-0.002,5,-11.378,-50.021,25.844
1648.31315,3,4.037,8.823,-0.341,4,0.01,0.003,-0.002,5,-10.364,-49.001,27.744
1648.3698,3,4.023,8.807,-0.35,4,0.01,0.002,-0.003,5,-9.723,-49.126,27.336
1648.42641,3,4.001,8.796,-0.353,4,0.009,0.002,-0.003,,,,
1648.48308,3,3.994,8.792,-0.37,4,0.009,0.002,-0.003,5,-11.757,-47.862,26.697
1648.53969,3,3.974,8.782,-0.372,4,0.009,0.003,-0.003,5,-10.089,-49.168,26.547
1648.5963,3,3.967,8.774,-0.378,4,0.008,0.003,-0.003,,,,
1648.65297,3,3.959,8.772,-0.382,4,0.007,0.004,-0.003,5,-11.351,-49.017,27.887
1648.70961,3,3.955,8.77,-0.382,4,0.005,0.004,-0.003,5,-10.428,-49.821,27.246
1648.76622,3,3.959,8.78,-0.385,4,0.004,0.005,-0.003,5,-10.432,-49.809,27.557
1648.82283,3,3.96,8.773,-0.381,4,0.002,0.006,-0.003,,,,
1648.87947,3,3.968,8.787,-0.374,4,0.001,0.006,-0.003,5,-9.245,-48.215,26.129
1648.93608,3,3.967,8.8,-0.372,4,-0.001,0.007,-0.003,5,-10.106,-49.124,27.097
1648.99272,3,3.984,8.806,-0.365,4,-0.002,0.007,-0.002,5,-9.094,-50.4,27.406
1649.04933,3,3.986,8.822,-0.358,4,-0.003,0.008,-0.003,5,-9.692,-49.112,27.719
1649.106,3,3.997,8.842,-0.345,4,-0.004,0.008,-0.002,5,-10.159,-49.394,26.915
1649.16264,3,3.998,8.853,-0.337,4,-0.005,0.008,-0.002,5,-11.937,-48.872,28.125
1649.21925,3,4.009,8.869,-0.333,4,-0.005,0.009,-0.001,,,,
1649.27586,3,4.005,8.883,-0.317,4,-0.004,0.008,-0.002,5,-10.938,-50.009,27.139
1649.33253,3,4.006,8.894,-0.314,4,-0.005,0.008,-0.001,5,-10.977,-49.089,26.761
1649.38914,3,4.01,8.9,-0.316,4,-0.004,0.009,-0.001,5,-11.078,-49.921,26.546
1649.44575,3,4.014,8.907,-0.316,4,-0.004,0.008,-0.001,5,-9.673,-48.366,25.54
1649.50242,3,4.011,8.911,-0.313,4,-0.003,0.008,-0.001,5,-10.158,-48.825,26.906
1649.55903,3,4.006,8.907,-0.309,4,-0.002,0.008,0,5,-10.04,-49.522,26.999
1649.61564,3,4.013,8.903,-0.307,4,-0.001,0.007,0,,,,
1649.67232,3,4.008,8.898,-0.306,4,-0.001,0.007,0,5,-10.648,-49.596,27.17
1649.72893,3,4.014,8.891,-0.311,4,0,0.007,0.001,5,-10.96,-50.006,27.573
1649.78554,3,4.016,8.885,-0.307,4,0.001,0.007,0.001,5,-10.576,-49.011,28.038
1649.84218,3,4.014,8.878,-0.313,4,0.001,0.006,0.001,5,-10.127,-48.398,26.259
1649.89879,3,4.013,8.877,-0.315,4,0.002,0.006,0.001,5,-9.619,-49.802,25.716
1649.95546,3,4.005,8.876,-0.317,4,0.002,0.005,0.001,5,-8.977,-50.079,24.767
1650.0121,3,4.006,8.867,-0.32,4,0.003,0.005,0.001,,,,
1650.06871,3,4.001,8.863,-0.319,4,0.003,0.005,0.002,5,-9.323,-51.3,27.887
1650.12532,3,3.993,8.862,-0.322,4,0.004,0.004,0.002,5,-9.599,-50.769,27.347
1650.18199,3,3.998,8.857,-0.326,4,0.005,0.004,0.002,5,-9.689,-50.273,26.819
1650.23863,3,3.992,8.849,-0.325,4,0.004,0.004,0.002,,,,
1650.29524,3,3.995,8.84,-0.337,4,0.004,0.004,0.003,5,-10.429,-49.947,27.133
1650.35185,3,3.992,8.833,-0.331,4,0.005,0.003,0.003,5,-10.318,-49.567,26.851
1650.40849,3,4.002,8.83,-0.34,4,0.004,0.004,0.003,,,,
1650.4651,3,4.005,8.825,-0.345,4,0.005,0.004,0.003,5,-10.329,-48.277,27.869
1650.52177,3,4.01,8.823,-0.349,4,0.005,0.004,0.003,5,-10.947,-49.147,27.095
1650.57838,3,4.018,8.823,-0.345,4,0.004,0.004,0.003,5,-10.114,-48.79,26.585
1650.63499,3,4.016,8.827,-0.349,4,0.003,-0.003,0.003,,,,
1650.69163,3,4.018,8.831,-0.343,4,0.002,-0.003,0.003,5,-11.636,-49.069,26.909
1650.74824,3,4.022,8.835,-0.357,4,0.002,-0.003,0.003,5,-11.722,-49.478,27.118
1650.80491,3,4.024,8.84,-0.354,4,0.001,-0.003,0.003,,,,
1650.86156,3,4.022,8.842,-0.353,4,0.001,-0.003,0.003,5,-10.608,-49.545,27.544
1650.91817,3,4.024,8.847,-0.357,4,0,-0.003,0.003,5,-10.382,-49.158,26.535
1650.97478,3,4.034,8.845,-0.352,4,-0.001,-0.002,0.003,5,-10.323,-48.772,27.002
1651.03145,3,4.038,8.845,-0.351,4,-0.001,-0.003,0.003,,,,
1651.08809,3,4.034,8.847,-0.352,4,-0.002,-0.002,0.002,5,-10.338,-49.977,26.189
1651.1447,3,4.045,8.849,-0.337,4,-0.002,-0.002,0.002,5,-10.677,-49.342,26.352
1651.20131,3,4.042,8.854,-0.336,4,-0.002,-0.002,0.002,,,,
1651.25795,3,4.048,8.849,-0.33,4,-0.002,-0.002,0.001,5,-11.288,-48.674,26.431
1651.31456,3,4.037,8.842,-0.335,4,-0.002,-0.002,0.001,5,-10.184,-48.769,27.022
1651.37123,3,4.041,8.837,-0.337,4,-0.002,-0.002,0,5,-10.365,-50.159,27.612
1651.42787,3,4.034,8.831,-0.326,4,-0.002,-0.002,0,,,,
1651.48449,3,4.027,8.826,-0.333,4,-0.003,-0.001,-0.001,5,-10.41,-48.421,27.751
1651.5411,3,4.024,8.816,-0.332,4,-0.002,-0.001,-0.001,5,-9.872,-49.852,26.849
1651.59777,3,4.01,8.822,-0.34,4,-0.003,-0.001,-0.002,,,,
1651.65438,3,4.008,8.818,-0.332,4,-0.002,-0.001,-0.002,5,-10.606,-50.574,27.193
1651.71099,3,3.996,8.82,-0.33,4,-0.002,-0.001,-0.003,5,-9.534,-49.123,28.647
1651.76763,3,3.994,8.828,-0.329,4,-0.002,-0.001,-0.003,5,-10.425,-49.399,28.622
1651.82424,3,3.99,8.841,-0.328,4,-0.002,-0.001,-0.002,,,,
1651.88091,3,3.981,8.849,-0.322,4,-0.002,-0.001,-0.003,5,-10.585,-49.599,28.287
1651.93755,3,3.986,8.857,-0.317,4,-0.001,-0.001,-0.002,5,-10.646,-49.658,28.036
1651.99416,3,3.994,8.869,-0.319,4,-0.001,-0.001,-0.002,5,-11.829,-49.936,26.785
1652.05077,3,3.995,8.872,-0.309,4,0,-0.001,-0.001,5,-9.776,-49.677,26.955
1652.10741,3,4.004,8.876,-0.312,4,0,-0.002,-0.001,5,-10.915,-49.173,26.682
1652.16402,3,4.002,8.879,-0.31,4,0.001,-0.002,0,5,-10.593,-49.3,27.382
1652.22069,3,3.997,8.88,-0.305,4,0.001,-0.003,0,,,,
1652.27733,3,4.005,8.879,-0.319,4,0.002,-0.003,0,5,-10.886,-49.303,26.907
1652.33394,3,4.008,8.881,-0.318,4,0.002,-0.003,0.001,5,-10.437,-49.452,27.893
1652.39055,3,4.012,8.877,-0.326,4,0.002,-0.003,0.001,5,-10.945,-49.399,26.183
1652.44722,3,4.016,8.871,-0.337,4,0.004,-0.004,0.001,5,-10.751,-49.088,26.674
1652.50383,3,4.026,8.871,-0.324,4,0.003,-0.004,0.001,5,-10.184,-48.746,26.109
1652.56044,3,4.027,8.861,-0.339,4,0.003,-0.004,0.001,5,-10.423,-49.033,27.827
1652.61708,3,4.027,8.857,-0.345,4,0.003,-0.004,0.001,,,,
1652.67369,3,4.041,8.845,-0.34,4,0.003,-0.004,0.001,5,-10.829,-49.648,26.672
1652.73037,3,4.044,8.841,-0.35,4,0.003,-0.004,0.001,5,-11.415,-48.497,26.578
1652.78701,3,4.042,8.841,-0.349,4,0.002,-0.005,0.001,5,-9.261,-51.263,25.142
1652.84362,3,4.046,8.837,-0.345,4,0.002,-0.005,0.001,5,-8.479,-50.18,25.534
1652.90023,3,4.043,8.837,-0.355,4,0.001,-0.005,0.001,5,-9.857,-50.903,26.131
1652.95687,3,4.046,8.835,-0.34,4,0,-0.005,0,5,-8.81,-49.966,26.187
1653.01348,3,4.04,8.837,-0.344,4,-0.001,-0.005,0,,,,
1653.07015,3,4.03,8.837,-0.348,4,-0.001,-0.005,0,5,-9.685,-48.904,24.886
1653.12679,3,4.022,8.832,-0.337,4,-0.001,-0.005,-0.001,5,-10.194,-49.753,26.878
1653.1834,3,4.017,8.844,-0.338,4,-0.002,-0.005,-0.001,5,-9.38,-49.62,26.173
1653.24001,3,4.003,8.843,-0.333,4,-0.002,-0.005,-0.001,5,-10.361,-51.761,26.404
1653.29668,3,3.994,8.838,-0.331,4,-0.002,-0.004,-0.002,5,-10.226,-49.673,26.758
1653.35332,3,3.986,8.841,-0.329,4,-0.003,-0.004,-0.002,5,-9.355,-50.183,26.643
1653.40993,3,3.986,8.845,-0.324,4,-0.003,-0.004,-0.002,,,,
1653.46654,3,3.982,8.844,-0.325,4,-0.003,-0.004,-0.002,5,-9.642,-49.49,25.829
1653.52318,3,3.98,8.84,-0.329,4,-0.003,-0.004,-0.001,5,-10.684,-49.573,25.992
1653.57982,3,3.974,8.847,-0.325,4,-0.003,-0.004,-0.001,5,-10.57,-50.476,26.787
1653.63646,3,3.976,8.845,-0.327,4,-0.002,-0.004,-0.001,,,,
1653.69307,3,3.983,8.848,-0.324,4,-0.001,-0.003,-0.001,5,-10.202,-49.681,27.684
1653.74968,3,3.983,8.847,-0.321,4,-0.001,-0.002,-0.001,5,-9.83,-49.718,27.266
1653.80632,3,3.986,8.856,-0.333,4,-0.002,-0.003,0,,,,
1653.86293,3,3.989,8.853,-0.325,4,-0.002,-0.003,0,5,-9.686,-49.448,26.672
1653.9196,3,3.99,8.858,-0.326,4,-0.002,-0.003,0,5,-9.54,-49.957,26.434
1653.97625,3,3.993,8.862,-0.33,4,-0.001,-0.003,0.001,5,-10.489,-49.504,25.83
1654.03286,3,3.993,8.858,-0.323,4,-0.001,-0.003,0.001,,,,
1654.08947,3,3.998,8.865,-0.332,4,-0.001,-0.003,0.001,5,-9.872,-49.794,26.552
1654.14614,3,4.002,8.865,-0.327,4,0,-0.003,0.001,5,-10.185,-48.964,25.673
1654.20275,3,4.007,8.871,-0.319,4,0,-0.004,0.002,,,,
1654.25936,3,4.004,8.871,-0.326,4,0,-0.004,0.002,5,-9.749,-49.103,26.329
1654.316,3,4.009,8.874,-0.317,4,0,-0.004,0.002,5,-10.945,-48.959,27.42
1654.37261,3,4.004,8.872,-0.319,4,0,-0.004,0.002,5,-10.892,-49.13,27.818
1654.42925,3,4.009,8.873,-0.336,4,0,-0.005,0.003,,,,
1654.48586,3,4.004,8.869,-0.32,4,0,-0.005,0.003,5,-11.023,-49.483,27.068
1654.54253,3,3.995,8.865,-0.329,4,0.001,-0.005,0.003,5,-9.776,-49.226,27.147
1654.59917,3,3.977,8.865,-0.331,4,0.001,-0.005,0.003,,,,
1654.65578,3,3.967,8.862,-0.336,4,0,-0.004,0.003,5,-10.852,-48.842,26.315
1654.71239,3,3.965,8.853,-0.342,4,0.001,-0.004,0.004,5,-11.699,-49.231,26.581
1654.76906,3,3.957,8.856,-0.34,4,0.001,-0.004,0.004,5,-10.62,-49.281,27.504
1654.8257,3,3.951,8.85,-0.341,4,0.001,-0.002,0.004,,,,
1654.88231,3,3.951,8.849,-0.353,4,0,-0.002,0.004,5,-10.12,-49.353,28.387
1654.93892,3,3.951,8.849,-0.346,4,0.001,0,0.004,5,-10.21,-48.244,26.332
1654.99556,3,3.955,8.846,-0.345,4,0,0.001,0.004,,,,
1655.05217,3,3.971,8.845,-0.356,4,0.001,0.002,0.004,5,-10.361,-50.777,27.592
1655.10884,3,3.982,8.841,-0.345,4,0,0.003,0.004,5,-10.243,-49.084,27.658
1655.16545,3,4.006,8.837,-0.348,4,0,0.005,0.004,5,-9.685,-48.695,26.303
1655.22206,3,4.006,8.84,-0.349,4,0,0.005,0.004,,,,
1655.2787,3,4.023,8.834,-0.345,4,0.001,0.006,0.004,5,-10.522,-49.651,26.399
1655.33532,3,4.033,8.838,-0.353,4,0,0.006,0.003,5,-11.183,-48.79,27.983
1655.39199,3,4.034,8.841,-0.338,4,0.001,0.007,0.003,5,-10.701,-49.461,27.783
1655.44863,3,4.042,8.848,-0.333,4,0.001,0.007,0.002,5,-10.835,-49.174,26.306
1655.50524,3,4.05,8.845,-0.339,4,0.001,0.007,0.002,5,-11.621,-49.423,27.225
1655.56185,3,4.058,8.849,-0.321,4,0.001,0.007,0.001,5,-11.404,-49.043,26.747
1655.61852,3,4.058,8.852,-0.328,4,0.001,0.007,0.001,,,,
1655.67516,3,4.059,8.855,-0.33,4,0.001,0.006,0,5,-9.856,-49.278,27.185
1655.73177,3,4.065,8.865,-0.316,4,0.001,0.006,0,5,-9.653,-48.926,27.47
1655.78838,3,4.064,8.866,-0.324,4,0.002,0.006,0,5,-11.012,-49.663,27.858
1655.84502,3,4.062,8.861,-0.315,4,0.003,0.005,-0.001,5,-10.492,-50.748,25.475
1655.90163,3,4.073,8.867,-0.325,4,0.003,0.004,-0.001,5,-9.95,-50.101,24.942
1655.9583,3,4.068,8.865,-0.328,4,0.004,0.003,-0.001,5,-10.565,-50.099,26.001
1656.01491,3,4.065,8.864,-0.321,4,0.004,0.002,-0.001,,,,
1656.07152,3,4.061,8.859,-0.329,4,0.005,0.001,-0.001,5,-9.486,-51.411,24.443
1656.12816,3,4.055,8.855,-0.333,4,0.005,0,-0.001,5,-10.031,-49.748,25.05
1656.18477,3,4.043,8.853,-0.319,4,0.005,0,-0.002,5,-10.345,-49.277,26.37
1656.24144,3,4.041,8.855,-0.334,4,0.005,-0.001,-0.002,5,-10.686,-50.217,27.135
1656.29808,3,4.03,8.849,-0.336,4,0.005,-0.002,-0.002,5,-11.258,-49.023,27.757
1656.35469,3,4.028,8.854,-0.329,4,0.006,-0.002,-0.002,5,-11.674,-50.212,28.111
1656.4113,3,4.018,8.84,-0.347,4,0.006,-0.002,-0.002,,,,
1656.46797,3,4.025,8.834,-0.342,4,0.006,-0.003,-0.001,5,-10.686,-49.347,27.219
1656.52462,3,4.011,8.833,-0.346,4,0.006,-0.002,-0.002,5,-11.911,-49.806,28.59
1656.58123,3,4.008,8.826,-0.351,4,0.005,-0.002,-0.002,5,-10.558,-50.551,27.159
1656.63784,3,3.998,8.822,-0.351,4,0.005,-0.002,-0.003,,,,
1656.69448,3,3.996,8.814,-0.352,4,0.005,-0.002,-0.003,5,-9.991,-49.644,26.173
1656.75112,3,3.986,8.816,-0.361,4,0.004,-0.002,-0.003,5,-10.042,-50.003,26.66
1656.80776,3,3.979,8.806,-0.357,4,0.004,-0.001,-0.003,,,,
1656.86437,3,3.981,8.81,-0.368,4,0.003,0,-0.003,5,-12.007,-49.548,27.039
1656.92098,3,3.976,8.806,-0.359,4,0.002,0,-0.002,5,-11.351,-49.045,27.771
1656.97762,3,3.988,8.805,-0.365,4,0.002,0,-0.002,5,-9.938,-48.465,26.973
1657.03423,3,3.986,8.81,-0.368,4,0,0.001,-0.001,,,,
1657.0909,3,4.002,8.814,-0.358,4,0,0.001,-0.002,5,-11.298,-49.535,27.069
1657.14754,3,4.007,8.818,-0.357,4,-0.001,0.001,-0.001,5,-12.07,-48.364,26.474
1657.20415,3,4.023,8.823,-0.353,4,-0.003,0.002,-0.001,,,,
1657.26076,3,4.022,8.837,-0.349,4,-0.003,0.002,-0.001,5,-10.701,-48.476,28.258
1657.31743,3,4.03,8.844,-0.338,4,-0.004,0.002,-0.001,5,-10.513,-49.467,26.942
1657.37407,3,4.034,8.85,-0.34,4,-0.004,0.002,-0.001,5,-10.417,-49.149,27.701
1657.43068,3,4.04,8.86,-0.337,4,-0.004,0.002,-0.002,,,,
1657.48729,3,4.034,8.873,-0.321,4,-0.004,0.001,-0.001,5,-10.608,-48.979,27.701
1657.54393,3,4.037,8.878,-0.323,4,-0.004,0.001,-0.001,5,-11.076,-49.252,27.596
1657.60057,3,4.03,8.891,-0.313,4,-0.004,0.001,-0.001,,,,
1657.65721,3,4.048,8.892,-0.309,4,-0.004,0.001,-0.002,5,-10.722,-49.495,28.017
1657.71382,3,4.053,8.885,-0.314,4,-0.002,0,-0.001,5,-10.832,-49.658,26.904
1657.77043,3,4.062,8.881,-0.303,4,-0.002,0,-0.002,5,-10.951,-48.537,26.157
1657.82708,3,4.068,8.881,-0.327,4,-0.001,-0.001,-0.002,,,,
1657.88369,3,4.072,8.881,-0.292,4,-0.001,-0.002,-0.003,5,-9.721,-49.464,25.385
1657.94036,3,4.045,8.875,-0.305,4,0,-0.002,-0.003,5,-9.616,-49.19,26.849
1657.997,3,4.033,8.867,-0.312,4,0.001,-0.003,-0.004,,,,
1658.05361,3,4.014,8.869,-0.298,4,0.002,-0.004,-0.004,5,-10.344,-49.841,26.836
1658.11022,3,3.996,8.868,-0.325,4,0.002,-0.004,-0.004,5,-10.17,-48.505,26.901
1658.16689,3,3.973,8.869,-0.312,4,0.002,-0.005,-0.004,5,-10.466,-49.942,27.725
1658.22353,3,3.964,8.863,-0.328,4,0.003,-0.005,-0.004,,,,
1658.28014,3,3.966,8.848,-0.345,4,0.003,-0.005,-0.003,5,-10.93,-50.171,26.469
1658.33675,3,3.955,8.841,-0.34,4,0.003,-0.005,-0.002,5,-10.901,-49.234,27.658
1658.39339,3,3.942,8.837,-0.349,4,0.003,-0.005,-0.001,5,-11.308,-49.402,26.425
1658.45003,3,3.927,8.83,-0.337,4,0.003,-0.005,-0.001,5,-11.806,-49.495,27.504
1658.50667,3,3.921,8.834,-0.348,4,0.002,-0.004,0,5,-11.118,-49.084,26.765
1658.56328,3,3.938,8.838,-0.353,4,0.001,-0.004,0.001,5,-10.716,-48.701,27.533
1658.61989,3,3.942,8.84,-0.357,4,0.001,-0.003,0.001,,,,
1658.67653,3,3.939,8.847,-0.341,4,0,-0.003,0.002,5,-11.035,-48.253,26.344
1658.73314,3,3.937,8.857,-0.342,4,0,-0.002,0.003,5,-10.727,-49.101,26.938
1658.78981,3,3.94,8.867,-0.332,4,-0.001,-0.002,0.004,5,-11.462,-48.248,27.783
1658.84645,3,3.945,8.866,-0.337,4,-0.001,-0.001,0.004,5,-10.53,-50.433,25.333
1658.90306,3,3.951,8.875,-0.333,4,-0.001,-0.001,0.005,5,-10.913,-49.716,26.126
1658.95967,3,3.955,8.877,-0.318,4,-0.001,0,0.006,5,-9.52,-49.097,25.612
1659.01635,3,3.964,8.874,-0.333,4,-0.001,0.001,0.006,,,,
1659.07299,3,3.972,8.877,-0.322,4,-0.001,0.001,0.007,5,-8.627,-50.389,25.543
1659.1296,3,3.998,8.876,-0.32,4,-0.001,0.002,0.007,5,-10.44,-50.247,25.877
1659.18621,3,3.998,8.882,-0.326,4,0,0.002,0.008,5,-10.251,-48.418,27.242
1659.24285,3,4.01,8.877,-0.329,4,0,0.002,0.008,5,-10.728,-49.258,26.985
1659.29949,3,4.003,8.888,-0.313,4,0.001,0.003,0.008,5,-11.903,-48.718,26.524
1659.35613,3,4.014,8.877,-0.32,4,0.001,0.003,0.008,5,-10.796,-49.234,26.227
1659.41274,3,4.022,8.869,-0.329,4,0.002,0.003,0.008,,,,
1659.46935,3,4.028,8.868,-0.301,4,0.003,0.002,0.008,5,-11.63,-48.541,27.301
1659.52599,3,4.041,8.865,-0.304,4,0.003,0.003,0.008,5,-11.693,-49.126,26.63
1659.5826,3,4.05,8.859,-0.308,4,0.004,0.003,0.009,5,-10.242,-48.79,26.981
1659.63927,3,4.067,8.84,-0.307,4,0.005,0.002,0.008,5,-11.581,-49.048,26.767
1659.69591,3,4.076,8.832,-0.32,4,0.005,0.002,0.008,5,-10.591,-49.951,25.502
1659.75252,3,4.083,8.823,-0.318,4,0.005,0.002,0.008,5,-9.705,-50.154,25.237
1659.80913,3,4.081,8.83,-0.327,4,0.006,0.001,0.007,,,,
1659.86577,3,4.079,8.819,-0.321,4,0.005,0.001,0.006,5,-8.958,-50.027,26.77
1659.92238,3,4.074,8.815,-0.321,4,0.005,0.001,0.005,5,-11.555,-49.187,27.031
1659.97905,3,4.077,8.813,-0.329,4,0.005,0.001,0.005,5,-11.903,-49.576,26.707
1660.03566,3,4.072,8.81,-0.332,4,0.005,0,0.005,,,,
1660.09227,3,4.079,8.804,-0.332,4,0.005,0,0.004,5,-10.684,-49.376,26.205
1660.14891,3,4.081,8.801,-0.332,4,0.004,-0.001,0.004,5,-11.348,-48.566,27.376
1660.20552,3,4.096,8.795,-0.326,4,0.004,-0.001,0.003,,,,
1660.26219,3,4.104,8.782,-0.363,4,0.004,-0.002,0.003,5,-12.056,-49.081,27.733
1660.31884,3,4.087,8.798,-0.29,4,0.004,-0.003,0.002,5,-11.298,-48.753,25.383
1660.37545,3,4.096,8.786,-0.303,4,0.002,-0.002,0.002,5,-11.421,-48.921,27.226
1660.43206,3,4.105,8.787,-0.372,4,0.002,-0.003,0.001,,,,
1660.48873,3,4.091,8.781,-0.335,4,0.002,-0.004,0,5,-10.835,-49.205,27.457
1660.54537,3,4.056,8.79,-0.327,4,0,-0.005,0.001,5,-10.796,-49.165,27.513
1660.60198,3,4.053,8.8,-0.37,4,0,-0.005,0,,,,
1660.65859,3,4.077,8.79,-0.325,4,-0.001,-0.005,-0.001,5,-11.05,-49.161,27.754
1660.71523,3,4.073,8.802,-0.357,4,-0.002,-0.005,-0.001,5,-10.922,-49.426,26.639
1660.77187,3,4.066,8.816,-0.353,4,-0.003,-0.005,-0.001,5,-10.439,-49.332,27.594
1660.82851,3,4.037,8.83,-0.324,4,-0.003,-0.004,-0.001,,,,
1660.88512,3,4.023,8.844,-0.354,4,-0.004,-0.005,-0.002,5,-11.581,-48.636,27.618
1660.94174,3,4.006,8.851,-0.334,4,-0.003,-0.004,-0.002,5,-10.4,-49.423,25.072
1660.99838,3,4,8.85,-0.314,4,-0.004,-0.004,-0.002,,,,
1661.05499,3,3.994,8.851,-0.352,4,-0.005,-0.003,-0.002,5,-10.641,-49.475,27.28
1661.11166,3,4.028,8.833,-0.325,4,-0.004,-0.002,-0.001,5,-10.759,-49.257,25.011
1661.1683,3,4.044,8.829,-0.323,4,-0.004,-0.001,-0.001,5,-10.648,-49.368,26.436
1661.22491,3,4.06,8.821,-0.341,4,-0.005,-0.002,-0.001,,,,
1661.28152,3,4.069,8.82,-0.306,4,-0.005,-0.002,0,5,-11.09,-48.251,27.541
1661.33819,3,4.075,8.834,-0.319,4,-0.006,-0.002,-0.001,5,-10.654,-49.611,26.999
1661.3948,3,4.082,8.837,-0.313,4,-0.006,-0.003,-0.001,,,,
1661.45141,3,4.065,8.845,-0.294,4,-0.006,-0.004,-0.001,5,-10.222,-49.213,27.724
1661.50805,3,4.058,8.854,-0.306,4,-0.006,-0.005,-0.001,5,-10.226,-48.279,27.737
1661.56466,3,4.037,8.865,-0.3,4,-0.005,-0.005,-0.001,5,-11.061,-48.697,27.657
1661.62133,3,4.03,8.874,-0.295,4,-0.005,-0.006,-0.002,,,,
1661.67797,3,4.013,8.881,-0.312,4,-0.004,-0.006,-0.002,5,-11.026,-49.046,27.043
1661.73458,3,4.002,8.897,-0.286,4,-0.003,-0.007,-0.002,5,-11.028,-48.807,26.897
1661.79119,3,3.991,8.898,-0.292,4,-0.002,-0.006,-0.002,5,-11.134,-49.176,27.461
1661.84784,3,3.996,8.891,-0.309,4,-0.001,-0.006,-0.002,5,-11.9,-48.553,27.132
1661.90445,3,3.998,8.895,-0.293,4,0.001,-0.005,-0.002,5,-11.197,-49.365,27.612
1661.96112,3,3.997,8.898,-0.305,4,0.001,-0.005,-0.002,5,-12.083,-49.471,27.301
1662.01776,3,4.02,8.889,-0.323,4,0.003,-0.005,-0.002,,,,
1662.07437,3,4.036,8.877,-0.311,4,0.004,-0.004,-0.002,5,-11.148,-48.912,27.727
1662.13098,3,4.039,8.878,-0.338,4,0.004,-0.004,-0.003,5,-11.188,-49.789,26.749
1662.18762,3,4.056,8.874,-0.334,4,0.005,-0.004,-0.003,5,-11.839,-49.156,26.176
1662.24426,3,4.073,8.857,-0.343,4,0.006,-0.004,-0.004,5,-11.649,-48.929,27.663
1662.30087,3,4.062,8.849,-0.359,4,0.006,-0.004,-0.004,5,-11.555,-48.813,27.011
1662.35751,3,4.064,8.841,-0.349,4,0.006,-0.004,-0.005,5,-10.843,-48.607,27.701
1662.41412,3,4.055,8.83,-0.378,4,0.006,-0.004,-0.005,,,,
1662.47079,3,4.046,8.814,-0.379,4,0.006,-0.004,-0.007,5,-11.45,-48.752,28.127
1662.52743,3,4.038,8.806,-0.378,4,0.005,-0.004,-0.008,5,-11.899,-48.953,26.787
1662.58404,3,4.022,8.807,-0.389,4,0.004,-0.004,-0.008,5,-11.948,-48.991,28.281
1662.64065,3,4.009,8.8,-0.376,4,0.004,-0.003,-0.008,5,-11.681,-49.355,26.964
1662.69729,3,3.986,8.793,-0.39,4,0.002,-0.003,-0.009,5,-11.818,-48.97,27.957
1662.7539,3,3.986,8.794,-0.4,4,0.001,-0.003,-0.009,5,-10.107,-48.706,27.251
1662.81057,3,3.978,8.798,-0.367,4,0,-0.002,-0.009,,,,
1662.86718,3,3.966,8.802,-0.385,4,-0.003,-0.001,-0.009,5,-11.197,-49.429,26.453
1662.92379,3,3.943,8.806,-0.362,4,-0.003,0,-0.009,5,-9.726,-49.57,26.271
1662.98043,3,3.983,8.798,-0.355,4,-0.004,0,-0.009,5,-9.76,-49.805,25.809
1663.03704,3,4.005,8.798,-0.418,4,-0.006,0,-0.009,5,-10.301,-49.423,27.112
1663.09372,3,3.986,8.803,-0.357,4,-0.005,0.001,-0.008,5,-10.948,-47.733,27.1
1663.15036,3,3.946,8.829,-0.344,4,-0.007,0,-0.007,5,-10.513,-48.251,27.138
1663.20697,3,3.953,8.839,-0.362,4,-0.008,0,-0.008,,,,
1663.26358,3,3.982,8.843,-0.339,4,-0.008,0,-0.008,5,-11.275,-49.023,27.463
1663.32025,3,3.993,8.852,-0.358,4,-0.009,0,-0.007,5,-10.452,-48.766,26.488
1663.37689,3,3.959,8.876,-0.341,4,-0.009,-0.001,-0.006,5,-10.548,-49.725,26.988
1663.4335,3,3.938,8.894,-0.305,4,-0.009,-0.002,-0.005,,,,
1663.49011,3,3.95,8.908,-0.329,4,-0.009,-0.002,-0.005,5,-11.041,-48.837,26.334
1663.54675,3,3.967,8.915,-0.302,4,-0.008,-0.003,-0.004,5,-11.542,-48.943,26.656
1663.60339,3,3.959,8.926,-0.297,4,-0.007,-0.004,-0.002,,,,
1663.66003,3,3.942,8.94,-0.308,4,-0.006,-0.005,0,5,-11.845,-49.025,28.352
1663.71664,3,3.951,8.938,-0.287,4,-0.004,-0.006,0.002,5,-9.917,-48.582,27.013
1663.77325,3,3.944,8.94,-0.295,4,-0.004,-0.007,0.002,5,-9.666,-49.077,26.283
1663.82989,3,3.949,8.944,-0.3,4,-0.002,-0.008,0.004,,,,
1663.8865,3,3.951,8.935,-0.296,4,-0.001,-0.009,0.005,5,-10.649,-49.934,26.274
1663.94317,3,3.943,8.926,-0.315,4,-0.001,-0.01,0.006,5,-10.587,-49.413,27.304
1663.99981,3,3.953,8.917,-0.316,4,0.001,-0.01,0.008,,,,
1664.05642,3,3.961,8.906,-0.315,4,0.002,-0.011,0.009,5,-11.806,-49.115,26.738
1664.11303,3,3.97,8.893,-0.345,4,0.002,-0.011,0.01,5,-11.975,-49.471,26.627
1664.1697,3,3.971,8.884,-0.331,4,0.003,-0.012,0.01,5,-9.993,-48.277,26.411
1664.22631,3,3.979,8.872,-0.344,4,0.002,-0.012,0.011,,,,
1664.28292,3,3.98,8.861,-0.351,4,0.003,-0.012,0.011,5,-11.462,-49.451,27.579
1664.33957,3,3.972,8.853,-0.349,4,0.003,-0.013,0.011,5,-11.522,-50.049,26.611
1664.39618,3,3.998,8.842,-0.356,4,0.003,-0.012,0.012,,,,
1664.45285,3,3.999,8.84,-0.36,4,0.002,-0.012,0.012,5,-11.526,-49.207,27.666
1664.50949,3,4.006,8.833,-0.353,4,0.002,-0.012,0.012,5,-11.592,-48.865,27.832
1664.5661,3,4.017,8.826,-0.357,4,0.001,-0.012,0.012,5,-11.157,-48.752,26.605
1664.62271,3,4.014,8.823,-0.356,4,-0.001,-0.011,0.011,,,,
1664.67935,3,4.033,8.815,-0.359,4,-0.001,-0.011,0.011,5,-10.901,-49.611,26.059
1664.73596,3,4.041,8.818,-0.358,4,-0.001,-0.011,0.011,5,-11.372,-49.254,26.68
1664.79263,3,4.044,8.808,-0.357,4,-0.001,-0.011,0.01,,,,
1664.84924,3,4.053,8.81,-0.359,4,-0.003,-0.01,0.008,5,-10.876,-49.382,28.488
1664.90585,3,4.067,8.806,-0.353,4,-0.003,-0.01,0.008,5,-11.972,-48.801,28.267
1664.96249,3,4.075,8.802,-0.355,4,-0.003,-0.01,0.007,5,-11.067,-49.269,26.059
1665.0191,3,4.081,8.803,-0.353,4,-0.005,-0.01,0.006,,,,
1665.07577,3,4.086,8.802,-0.349,4,-0.005,-0.01,0.004,5,-10.652,-48.857,26.73
1665.13241,3,4.077,8.804,-0.346,4,-0.006,-0.01,0.003,5,-10.664,-48.541,26.411
1665.18902,3,4.081,8.805,-0.348,4,-0.007,-0.01,0.002,5,-10.725,-49.582,26.953
1665.24563,3,4.085,8.808,-0.341,4,-0.007,-0.011,0.001,5,-11.862,-48.898,26.982
1665.30227,3,4.073,8.818,-0.339,4,-0.007,-0.011,-0.001,5,-10.759,-48.984,27.38
1665.35888,3,4.078,8.823,-0.333,4,-0.008,-0.011,-0.002,5,-10.76,-48.492,25.279
1665.41555,3,4.075,8.833,-0.327,4,-0.007,-0.012,-0.003,,,,
1665.47219,3,4.068,8.833,-0.325,4,-0.008,-0.012,-0.004,5,-10.632,-50.069,25.745
1665.5288,3,4.06,8.845,-0.318,4,-0.008,-0.012,-0.005,5,-9.862,-49.551,26.474
1665.58541,3,4.053,8.848,-0.322,4,-0.008,-0.012,-0.006,5,-10.141,-50.311,25.983
1665.64206,3,4.034,8.861,-0.311,4,-0.007,-0.013,-0.007,5,-11.383,-49.55,27.477
1665.6987,3,4.002,8.871,-0.309,4,-0.006,-0.013,-0.008,5,-11,-49.289,27
1665.75531,3,3.986,8.885,-0.316,4,-0.006,-0.013,-0.008,5,-10.635,-49.902,27.148
1665.81195,3,3.954,8.891,-0.318,4,-0.006,-0.013,-0.009,,,,
1665.86856,3,3.937,8.896,-0.312,4,-0.005,-0.012,-0.009,5,-11.612,-49.965,27.17
1665.92523,3,3.925,8.902,-0.318,4,-0.004,-0.012,-0.008,5,-10.622,-49.518,25.233
1665.98187,3,3.915,8.897,-0.319,4,-0.003,-0.011,-0.007,5,-11.235,-47.806,27.974
1666.03848,3,3.909,8.899,-0.325,4,-0.002,-0.011,-0.007,5,-10.306,-49.443,27.351
1666.09509,3,3.908,8.901,-0.328,4,-0.002,-0.01,-0.007,5,-9.554,-49.391,26.68
1666.15173,3,3.904,8.892,-0.33,4,-0.001,-0.008,-0.006,5,-8.949,-50.609,26.938
1666.20834,3,3.905,8.893,-0.333,4,0,-0.007,-0.006,,,,
1666.26501,3,3.919,8.884,-0.341,4,0,-0.007,-0.005,5,-10.959,-49.086,27.612
1666.32162,3,3.918,8.88,-0.338,4,0,-0.005,-0.004,5,-11.082,-49.077,27.463
1666.37823,3,3.935,8.87,-0.337,4,0.001,-0.005,-0.004,5,-10.776,-49.281,26.634
1666.43487,3,3.936,8.871,-0.335,4,-0.001,-0.004,-0.003,,,,
1666.49148,3,3.944,8.871,-0.349,4,0,-0.003,-0.003,5,-11.194,-49.649,27.388
1666.54815,3,3.945,8.87,-0.35,4,0,-0.002,-0.003,5,-10.881,-48.99,27.011
1666.60479,3,3.94,8.87,-0.339,4,-0.001,-0.002,-0.003,,,,
1666.6614,3,3.947,8.87,-0.349,4,-0.002,-0.001,-0.002,5,-10.829,-50.706,27.122
1666.71801,3,3.951,8.875,-0.34,4,-0.002,0,-0.002,5,-10.24,-49.489,26.18
1666.77468,3,3.955,8.88,-0.329,4,-0.002,0,-0.001,5,-11.452,-49.551,26.599
1666.83133,3,3.956,8.881,-0.337,4,-0.002,0,-0.001,,,,
1666.88794,3,3.955,8.882,-0.332,4,-0.002,0.001,-0.001,5,-9.682,-49.927,26.857
1666.94455,3,3.962,8.889,-0.336,4,-0.003,0.001,0,5,-9.549,-49.246,27.888
1667.00119,3,3.963,8.885,-0.325,4,-0.002,0.001,0,,,,
1667.05783,3,3.968,8.885,-0.323,4,-0.002,0.001,0.001,5,-11.046,-49.731,26.007
1667.11447,3,3.978,8.885,-0.314,4,-0.002,0.001,0.001,5,-9.727,-49.905,26.076
1667.17108,3,3.974,8.892,-0.313,4,-0.002,0.001,0.001,5,-10.277,-50.198,27.905
1667.22769,3,3.986,8.891,-0.309,4,-0.002,0,0.001,,,,
1667.28433,3,3.982,8.893,-0.313,4,-0.002,0,0.002,5,-11.586,-49.203,27.663
1667.34094,3,3.984,8.893,-0.303,4,-0.001,0,0.002,5,-10.165,-48.778,26.981
1667.39761,3,3.982,8.894,-0.295,4,-0.001,-0.001,0.002,,,,
1667.45425,3,3.98,8.895,-0.304,4,0,-0.001,0.003,5,-10.771,-48.445,26.213
1667.51086,3,3.976,8.9,-0.303,4,0.001,-0.002,0.003,5,-10.388,-49.191,27.425
1667.56747,3,3.97,8.9,-0.298,4,0.003,-0.002,0.003,5,-10.178,-48.48,27.002
1667.62411,3,3.97,8.894,-0.3,4,0.003,-0.002,0.004,,,,
1667.68075,3,3.969,8.886,-0.305,4,0.004,-0.003,0.004,5,-10.147,-48.827,26.311
1667.73736,3,3.964,8.881,-0.306,4,0.005,-0.003,0.005,5,-10.899,-48.886,26.26
1667.794,3,3.967,8.872,-0.313,4,0.005,-0.003,0.005,,,,
1667.85061,3,3.967,8.857,-0.32,4,0.006,-0.003,0.006,5,-10.519,-49.402,25.858
1667.90728,3,3.964,8.844,-0.328,4,0.006,-0.004,0.006,5,-10.73,-49.077,28.21
1667.96392,3,3.976,8.837,-0.335,4,0.006,-0.004,0.007,5,-10.825,-49.562,27.078
1668.02053,3,3.974,8.825,-0.349,4,0.006,-0.004,0.007,,,,
1668.07714,3,3.977,8.817,-0.349,4,0.006,-0.004,0.007,5,-10.855,-48.483,27.446
1668.13378,3,3.992,8.813,-0.355,4,0.005,-0.004,0.007,5,-11.113,-48.375,27.571
1668.1904,3,3.991,8.812,-0.363,4,0.005,-0.003,0.007,5,-11.292,-48.99,26.767
1668.24707,3,3.998,8.806,-0.365,4,0.003,-0.004,0.007,5,-11.473,-48.502,26.944
1668.30368,3,4.011,8.807,-0.361,4,0.002,-0.003,0.007,5,-10.654,-50.853,26.189
1668.36029,3,4.023,8.814,-0.362,4,0.001,-0.003,0.006,5,-10.461,-49.527,24.315
1668.41693,3,4.029,8.822,-0.356,4,0.001,-0.003,0.006,,,,
1668.47354,3,4.039,8.827,-0.358,4,0,-0.002,0.006,5,-9.215,-51.225,25.865
1668.53021,3,4.049,8.839,-0.35,4,-0.001,-0.002,0.005,5,-9.383,-50.162,25.708
1668.58685,3,4.046,8.847,-0.342,4,-0.003,-0.002,0.004,5,-10.777,-49.323,26.013
1668.64346,3,4.059,8.855,-0.341,4,-0.003,-0.002,0.003,5,-9.904,-48.872,26.558
1668.70007,3,4.064,8.857,-0.34,4,-0.003,-0.002,0.003,5,-10.439,-49.123,27.744
1668.75674,3,4.056,8.866,-0.329,4,-0.004,-0.002,0.002,5,-11.374,-50.058,26.451
1668.81338,3,4.075,8.857,-0.329,4,-0.004,-0.002,0.001,,,,
1668.86999,3,4.073,8.861,-0.326,4,-0.004,-0.002,0.001,5,-10.904,-49.915,25.398
1668.9266,3,4.061,8.864,-0.318,4,-0.004,-0.002,0,5,-10.861,-49.756,25.836
1668.98324,3,4.068,8.863,-0.323,4,-0.003,-0.002,-0.002,5,-9.984,-49.095,26.369
1669.03988,3,4.063,8.856,-0.316,4,-0.004,-0.002,-0.002,5,-12.242,-48.363,26.237
1669.09652,3,4.051,8.857,-0.322,4,-0.003,-0.003,-0.003,5,-9.995,-50.026,26.941
1669.15313,3,4.045,8.857,-0.317,4,-0.003,-0.003,-0.004,5,-10.472,-49.147,25.592
1669.20974,3,4.041,8.853,-0.321,4,-0.002,-0.004,-0.004,,,,
1669.26638,3,4.035,8.853,-0.324,4,-0.002,-0.004,-0.005,5,-10.977,-49.39,26.147
1669.32299,3,4.028,8.848,-0.315,4,-0.002,-0.004,-0.006,5,-10.806,-50.165,25.887
1669.37967,3,4.023,8.848,-0.313,4,-0.002,-0.005,-0.006,5,-9.601,-49.728,26.497
1669.43631,3,4.01,8.849,-0.324,4,-0.001,-0.005,-0.006,5,-10.786,-48.933,26.88
1669.49292,3,4,8.849,-0.316,4,-0.002,-0.006,-0.007,5,-10.677,-49.522,26.732
1669.54953,3,3.995,8.854,-0.316,4,-0.001,-0.006,-0.007,5,-10.857,-49.08,27.525
1669.60617,3,3.99,8.853,-0.326,4,-0.001,-0.006,-0.007,,,,
1669.66281,3,3.98,8.849,-0.322,4,-0.001,-0.007,-0.007,5,-10.899,-48.872,27.621
1669.71942,3,3.976,8.856,-0.322,4,0,-0.008,-0.007,5,-9.828,-49.767,26.906
1669.77606,3,3.975,8.861,-0.333,4,0.001,-0.008,-0.006,5,-10.332,-49.281,26.703
1669.83267,3,3.962,8.862,-0.32,4,0,-0.008,-0.006,,,,
1669.88934,3,3.962,8.869,-0.337,4,-0.001,-0.008,-0.006,5,-11.386,-48.454,26.169
1669.94598,3,3.962,8.87,-0.323,4,-0.001,-0.008,-0.005,5,-10.263,-49.258,25.656
1670.00259,3,3.949,8.87,-0.331,4,-0.001,-0.009,-0.005,,,,
1670.0592,3,3.949,8.866,-0.341,4,-0.001,-0.009,-0.004,5,-11.108,-49.094,27.119
1670.11584,3,3.935,8.863,-0.337,4,-0.001,-0.008,-0.003,5,-11.581,-49.376,26.352
1670.17245,3,3.94,8.858,-0.347,4,-0.001,-0.008,-0.003,5,-9.389,-50.023,27.776
1670.22912,3,3.926,8.863,-0.345,4,-0.002,-0.008,-0.002,,,,
1670.28573,3,3.935,8.863,-0.34,4,-0.003,-0.007,-0.001,5,-9.554,-49.625,26.265
1670.34234,3,3.927,8.855,-0.343,4,-0.003,-0.007,0,5,-11.746,-48.445,27.531
1670.39898,3,3.928,8.856,-0.337,4,-0.003,-0.006,-0.001,,,,
1670.45559,3,3.939,8.857,-0.337,4,-0.003,-0.005,0.001,5,-10.046,-49.223,26.53
1670.51226,3,3.943,8.856,-0.342,4,-0.004,-0.005,0.001,5,-10.791,-50.832,27.139
1670.5689,3,3.944,8.86,-0.337,4,-0.005,-0.005,0.001,5,-10.39,-49.113,27.199
1670.62551,3,3.954,8.865,-0.34,4,-0.005,-0.004,0.002,,,,
1670.68212,3,3.955,8.867,-0.323,4,-0.006,-0.004,0.002,5,-9.882,-49.225,26.239
1670.73877,3,3.95,8.875,-0.328,4,-0.005,-0.003,0.002,5,-9.764,-48.048,26.936
1670.79538,3,3.957,8.886,-0.322,4,-0.005,-0.003,0.003,,,,
1670.85205,3,3.96,8.893,-0.322,4,-0.005,-0.003,0.003,5,-11.139,-48.833,26.921
1670.90865,3,3.962,8.897,-0.317,4,-0.005,-0.003,0.003,5,-11.302,-49.084,27.899
1670.96526,3,3.974,8.903,-0.316,4,-0.004,-0.003,0.004,5,-9.976,-49.968,27.295
1671.0219,3,3.974,8.899,-0.313,4,-0.004,-0.003,0.005,,,,
1671.07851,3,3.981,8.9,-0.309,4,-0.004,-0.003,0.005,5,-10.927,-48.978,27.235
1671.13518,3,3.991,8.9,-0.307,4,-0.003,-0.004,0.005,5,-10.997,-49.536,27.147
1671.19182,3,3.998,8.899,-0.308,4,-0.003,-0.004,0.006,,,,
1671.24843,3,3.993,8.897,-0.309,4,-0.002,-0.004,0.006,5,-10.228,-49.417,25.452
1671.30504,3,3.995,8.893,-0.307,4,-0.002,-0.005,0.006,5,-10.567,-49.927,26.007
1671.36171,3,3.992,8.89,-0.308,4,-0.001,-0.005,0.007,5,-10.365,-50.049,26.076
1671.41835,3,3.987,8.889,-0.31,4,0,-0.006,0.007,,,,
1671.47496,3,3.987,8.882,-0.311,4,0,-0.006,0.007,5,-10.756,-49.718,25.502
1671.53157,3,3.994,8.876,-0.309,4,0,-0.007,0.008,5,-9.755,-50.143,25.54
1671.58821,3,3.982,8.873,-0.316,4,0.001,-0.007,0.008,5,-11.317,-49.794,25.22
1671.64482,3,3.998,8.863,-0.321,4,0.001,-0.007,0.008,5,-10.098,-49.252,27.081
1671.70149,3,4.005,8.853,-0.315,4,0.002,-0.008,0.008,5,-10.962,-48.003,27.35
1671.7581,3,4.015,8.849,-0.315,4,0.002,-0.008,0.008,5,-9.702,-48.155,27.614
1671.81471,3,4.018,8.844,-0.321,4,0.002,-0.009,0.008,,,,
1671.87135,3,4.03,8.834,-0.321,4,0.001,-0.009,0.008,5,-11.156,-49.049,27.226
1671.92796,3,4.03,8.832,-0.335,4,0.002,-0.01,0.007,5,-10.106,-49.174,25.954
1671.98463,3,4.036,8.832,-0.329,4,0.003,-0.01,0.007,5,-10.312,-49.298,27.075
1672.04127,3,4.039,8.823,-0.336,4,0.002,-0.01,0.006,5,-11.139,-49.487,27.463
1672.09788,3,4.04,8.826,-0.336,4,0.002,-0.01,0.006,5,-11.044,-48.975,26.804
1672.15449,3,4.045,8.822,-0.344,4,0.001,-0.01,0.005,5,-11.281,-49.257,25.784
1672.21117,3,4.048,8.823,-0.349,4,0.002,-0.011,0.004,,,,
1672.26778,3,4.043,8.822,-0.352,4,0.001,-0.011,0.003,5,-9.984,-49.327,27.821
1672.32439,3,4.043,8.83,-0.353,4,0,-0.01,0.003,5,-10.753,-48.819,26.923
1672.38103,3,4.037,8.831,-0.355,4,0,-0.01,0.002,5,-11.821,-49.214,27.751
1672.43764,3,4.014,8.837,-0.352,4,0,-0.01,0,5,-10.558,-49.75,26.532
1672.49431,3,4.012,8.845,-0.349,4,-0.001,-0.009,0,5,-9.897,-49.872,27.467
1672.55095,3,3.99,8.851,-0.36,4,-0.001,-0.008,-0.001,5,-9.845,-49.956,26.207
1672.60756,3,3.979,8.856,-0.362,4,-0.002,-0.006,-0.002,,,,
1672.66417,3,3.972,8.856,-0.356,4,-0.001,-0.005,-0.002,5,-10.962,-48.872,27.208
1672.72081,3,3.97,8.861,-0.361,4,-0.002,-0.004,-0.003,5,-9.949,-48.813,26.387
1672.77742,3,3.962,8.861,-0.357,4,-0.002,-0.003,-0.003,5,-10.287,-48.917,27.783
1672.83409,3,3.956,8.865,-0.363,4,-0.002,-0.001,-0.004,5,-9.5,-48.138,28.008
1672.8907,3,3.953,8.867,-0.361,4,-0.002,0,-0.004,5,-12.079,-50.021,27.556
1672.94731,3,3.955,8.872,-0.352,4,-0.002,0.001,-0.004,5,-10.397,-48.909,27.029
1673.00395,3,3.963,8.868,-0.353,4,-0.003,0.003,-0.004,,,,
1673.06056,3,3.97,8.873,-0.349,4,-0.002,0.004,-0.004,5,-10.1,-48.402,27.463
1673.11723,3,3.97,8.876,-0.341,4,-0.003,0.004,-0.005,5,-10.413,-48.892,26.196
1673.17387,3,3.969,8.877,-0.339,4,-0.002,0.005,-0.005,5,-11.346,-49.261,26.801
1673.23048,3,3.978,8.881,-0.329,4,-0.001,0.006,-0.004,,,,
1673.28709,3,3.975,8.884,-0.328,4,-0.001,0.006,-0.004,5,-10.675,-48.767,26.501
1673.34376,3,3.987,8.886,-0.325,4,0,0.006,-0.004,5,-12.508,-49.666,26.329
1673.40038,3,3.998,8.884,-0.317,4,0,0.005,-0.003,,,,
1673.45699,3,3.99,8.885,-0.322,4,0.001,0.005,-0.003,5,-10.683,-49.136,27.444
1673.51363,3,3.998,8.878,-0.322,4,0.001,0.005,-0.003,5,-10.84,-49.107,27.379
1673.57024,3,3.991,8.88,-0.318,4,0.002,0.004,-0.003,5,-10.365,-50.529,27.135
1673.62691,3,3.998,8.873,-0.325,4,0.003,0.003,-0.003,,,,
1673.68355,3,3.986,8.871,-0.321,4,0.004,0.003,-0.003,5,-10.32,-49.599,26.855
1673.74016,3,3.989,8.865,-0.332,4,0.004,0.002,-0.002,5,-8.549,-49.055,24.77
1673.79677,3,3.994,8.857,-0.334,4,0.005,0.002,-0.002,,,,
1673.85341,3,3.994,8.853,-0.338,4,0.006,0.002,-0.002,5,-9.718,-49.895,25.639
1673.91002,3,4,8.841,-0.345,4,0.006,0.001,-0.002,5,-9.077,-49.257,25.697
1673.96669,3,3.988,8.84,-0.352,4,0.006,0,-0.002,5,-10.905,-50.388,27.087
1674.02333,3,3.991,8.83,-0.356,4,0.005,0,-0.002,,,,
1674.07994,3,3.985,8.833,-0.371,4,0.006,0,-0.001,5,-10.95,-48.953,27.634
1674.13655,3,3.988,8.83,-0.373,4,0.005,0,-0.001,5,-10.809,-47.797,26.483
1674.19319,3,3.99,8.83,-0.371,4,0.005,0,-0.002,,,,
1674.24983,3,3.998,8.83,-0.379,4,0.004,0,-0.002,5,-9.839,-48.888,26.108
1674.30644,3,3.994,8.834,-0.382,4,0.004,0,-0.002,5,-9.851,-49.203,26.72
1674.36308,3,3.998,8.833,-0.38,4,0.002,0,-0.002,5,-11.929,-48.476,27.292
1674.41969,3,3.994,8.832,-0.38,4,0.002,0,-0.002,,,,
1674.47636,3,3.994,8.839,-0.381,4,0,0,-0.001,5,-10.695,-49.657,26.7
1674.533,3,3.986,8.843,-0.38,4,0,0,-0.002,5,-10.184,-49.519,25.81
1674.58961,3,3.988,8.849,-0.372,4,-0.001,0,-0.001,5,-11.974,-48.209,26.636
1674.64622,3,3.983,8.851,-0.371,4,-0.002,0,-0.001,5,-11.066,-49.106,27.638
1674.70287,3,3.985,8.853,-0.365,4,-0.003,0.001,-0.001,5,-10.883,-48.642,26.321
1674.75948,3,3.985,8.861,-0.35,4,-0.003,0,-0.001,5,-10.484,-50.575,28.319
1674.81615,3,3.985,8.874,-0.358,4,-0.004,0,0,,,,
1674.87276,3,3.99,8.879,-0.339,4,-0.004,0,0,5,-11.882,-49.019,27.271
1674.92937,3,3.994,8.887,-0.332,4,-0.004,-0.001,0,5,-11.119,-49.171,27.333
1674.98601,3,4.011,8.886,-0.333,4,-0.004,-0.002,0.001,5,-10.684,-49.007,27.151
1675.04262,3,4.015,8.898,-0.319,4,-0.004,-0.002,0.001,5,-10.928,-49.704,25.42
1675.09929,3,4.021,8.907,-0.313,4,-0.004,-0.003,0.001,5,-10.176,-48.683,26.585
1675.15593,3,4.022,8.906,-0.306,4,-0.004,-0.004,0.002,5,-10.809,-48.627,26.845
1675.21254,3,4.014,8.908,-0.3,4,-0.003,-0.006,0.002,,,,
1675.26915,3,4.01,8.908,-0.312,4,-0.002,-0.006,0.002,5,-11.797,-49.934,26.395
1675.32579,3,4.01,8.908,-0.298,4,-0.001,-0.007,0.003,5,-11.209,-48.972,26.848
1675.38246,3,4.001,8.897,-0.29,4,0,-0.009,0.003,5,-11.531,-49.414,27.332
1675.43907,3,3.99,8.893,-0.322,4,0,-0.01,0.003,5,-11.394,-48.764,27.968
1675.49568,3,3.991,8.885,-0.303,4,0.001,-0.011,0.003,5,-10.229,-48.558,27.122
1675.55232,3,3.976,8.876,-0.311,4,0.002,-0.011,0.003,5,-10.973,-49.051,27.26
1675.60896,3,3.97,8.854,-0.329,4,0.003,-0.012,0.004,,,,
1675.6656,3,3.953,8.83,-0.329,4,0.003,-0.012,0.004,5,-10.664,-48.749,25.517
1675.72221,3,3.966,8.833,-0.339,4,0.003,-0.012,0.005,5,-10.289,-49.536,26.852
1675.77882,3,3.934,8.85,-0.338,4,0.002,-0.012,0.005,5,-9.911,-50.516,26.215
1675.83546,3,3.924,8.84,-0.332,4,0.004,-0.012,0.005,5,-9.555,-49.988,26.949
1675.89207,3,3.907,8.845,-0.337,4,0.003,-0.011,0.006,5,-11.134,-49.234,27.124
1675.94875,3,3.927,8.85,-0.362,4,0.002,-0.01,0.005,5,-11.458,-46.909,25.656
1676.00539,3,3.943,8.834,-0.335,4,0.003,-0.009,0.006,,,,
1676.062,3,3.943,8.81,-0.411,4,0.001,-0.008,0.007,5,-10.471,-50.749,25.087
1676.11861,3,3.978,8.802,-0.325,4,0.003,-0.008,0.007,5,-10.716,-49.872,27.42
1676.17525,3,4.035,8.801,-0.323,4,-0.001,-0.006,0.006,5,-10.42,-49.152,26.758
1676.23189,3,4.034,8.785,-0.416,4,-0.001,-0.006,0.006,,,,
1676.28853,3,4.041,8.799,-0.359,4,-0.002,-0.006,0.005,5,-10.764,-49.197,27.295
1676.34514,3,4.082,8.816,-0.363,4,-0.004,-0.005,0.004,5,-11.569,-47.504,27.846
1676.40175,3,4.063,8.831,-0.368,4,-0.004,-0.005,0.003,,,,
1676.45839,3,4.056,8.832,-0.3,4,-0.004,-0.005,0.002,5,-10.358,-49.406,27.148
1676.515,3,4.062,8.85,-0.336,4,-0.007,-0.005,0.001,5,-11.191,-48.367,27.875
1676.57167,3,4.098,8.865,-0.337,4,-0.007,-0.006,-0.001,5,-11.87,-47.704,27.228
1676.62831,3,4.086,8.862,-0.302,4,-0.007,-0.006,-0.002,,,,
1676.68492,3,4.067,8.877,-0.336,4,-0.007,-0.006,-0.003,5,-10.823,-49.02,27.299
1676.74153,3,4.081,8.893,-0.304,4,-0.006,-0.006,-0.004,5,-11.647,-49.596,27.577
1676.79817,3,4.071,8.9,-0.301,4,-0.006,-0.007,-0.005,,,,
1676.85481,3,4.075,8.881,-0.376,4,-0.006,-0.007,-0.006,5,-10.501,-49.06,27.808
1676.91142,3,4.052,8.91,-0.254,4,-0.004,-0.01,-0.007,5,-10.986,-49.461,27.248
1676.96806,3,3.967,8.932,-0.332,4,-0.006,-0.01,-0.007,5,-10.786,-49.689,26.349
1677.02467,3,3.905,8.936,-0.325,4,-0.004,-0.01,-0.008,,,,
1677.08134,3,3.892,8.916,-0.286,4,-0.003,-0.009,-0.009,5,-10.352,-50.172,25.096
1677.13798,3,3.85,8.928,-0.333,4,-0.002,-0.009,-0.008,5,-11.853,-49.449,27.731
1677.19459,3,3.828,8.919,-0.305,4,0,-0.006,-0.007,,,,
1677.25121,3,3.829,8.904,-0.306,4,0,-0.006,-0.006,5,-10.95,-49.442,27.17
1677.30785,3,3.824,8.895,-0.345,4,0.001,-0.004,-0.005,5,-10.909,-49.605,27.872
1677.36446,3,3.848,8.881,-0.309,4,0.003,-0.002,-0.004,5,-10.48,-48.901,26.071
1677.42113,3,3.848,8.871,-0.346,4,0.003,-0.001,-0.003,,,,
1677.47774,3,3.852,8.849,-0.348,4,0.004,0,-0.002,5,-9.66,-49.355,27.704
1677.53435,3,3.865,8.846,-0.307,4,0.004,0.002,-0.001,5,-9.85,-49.573,27.147
1677.59099,3,3.884,8.844,-0.353,4,0.004,0.003,0,,,,
1677.6476,3,3.876,8.843,-0.333,4,0.005,0.003,0,5,-11.15,-48.825,27.643
1677.70427,3,3.892,8.843,-0.298,4,0.005,0.005,0.001,5,-10.324,-49.487,26.541
1677.76091,3,3.892,8.858,-0.347,4,0.005,0.005,0.002,5,-10.794,-49.728,26.683
1677.81752,3,3.923,8.858,-0.311,4,0.006,0.006,0.002,,,,
1677.87413,3,3.911,8.873,-0.307,4,0.005,0.006,0.004,5,-10.82,-49.605,25.792
1677.9308,3,3.923,8.876,-0.314,4,0.006,0.007,0.004,5,-11.673,-49.319,26.198
1677.98741,3,3.926,8.894,-0.288,4,0.005,0.006,0.005,5,-11.433,-49.991,27.132
1678.04402,3,3.934,8.897,-0.312,4,0.005,0.007,0.006,5,-10.872,-49.243,26.894
1678.10066,3,3.982,8.891,-0.298,4,0.006,0.007,0.007,5,-10.67,-49.223,26.628
1678.15727,3,4.022,8.889,-0.305,4,0.006,0.007,0.009,5,-10.893,-49.005,26.144
1678.21394,3,4.064,8.887,-0.321,4,0.006,0.005,0.011,,,,
1678.27058,3,4.064,8.877,-0.289,4,0.006,0.005,0.012,5,-11.02,-49.01,27.391
1678.32719,3,4.076,8.872,-0.304,4,0.005,0.002,0.012,5,-11.467,-48.524,27.693
1678.3838,3,4.083,8.875,-0.31,4,0.004,0.001,0.013,5,-10.818,-49.408,27.727
1678.44044,3,4.109,8.86,-0.292,4,0.004,-0.001,0.013,5,-11.044,-49.751,27.046
1678.49705,3,4.114,8.853,-0.333,4,0.003,-0.002,0.014,5,-10.901,-48.692,27.151
1678.55373,3,4.105,8.845,-0.321,4,0.003,-0.004,0.014,5,-10.194,-49.385,27.007
1678.61034,3,4.099,8.841,-0.325,4,0.002,-0.005,0.014,,,,
1678.66695,3,4.095,8.84,-0.338,4,0.001,-0.007,0.014,5,-11.827,-48.323,26.987
1678.72359,3,4.1,8.828,-0.337,4,0.001,-0.008,0.013,5,-10.538,-48.572,27.673
1678.7802,3,4.092,8.82,-0.348,4,-0.001,-0.008,0.013,5,-11.519,-50.142,26.321
1678.83687,3,4.103,8.817,-0.351,4,-0.001,-0.008,0.012,5,-10.771,-49.466,26.782
1678.89351,3,4.104,8.81,-0.342,4,-0.002,-0.009,0.011,5,-9.83,-49.931,26.63
1678.95012,3,4.108,8.798,-0.345,4,-0.003,-0.009,0.01,5,-10.155,-50.169,27.28
1679.00673,3,4.111,8.793,-0.346,4,-0.004,-0.009,0.008,,,,
1679.0634,3,4.115,8.787,-0.34,4,-0.004,-0.009,0.007,5,-10.332,-49.109,27.01
1679.12001,3,4.114,8.781,-0.347,4,-0.005,-0.009,0.006,5,-10.934,-48.209,27.85
1679.17662,3,4.112,8.772,-0.332,4,-0.005,-0.01,0.004,5,-11.931,-49.277,27.878
1679.23326,3,4.116,8.778,-0.337,4,-0.006,-0.01,0.003,5,-12.036,-49.457,27.199
1679.28987,3,4.114,8.782,-0.324,4,-0.006,-0.01,0.001,5,-11.736,-48.912,27.583
1679.34654,3,4.117,8.784,-0.317,4,-0.006,-0.01,-0.001,5,-11.54,-49.136,26.025
1679.40318,3,4.107,8.786,-0.32,4,-0.006,-0.011,-0.002,,,,
1679.45979,3,4.115,8.802,-0.318,4,-0.006,-0.012,-0.004,5,-10.631,-48.421,26.085
1679.5164,3,4.103,8.798,-0.301,4,-0.007,-0.012,-0.005,5,-10.976,-49.692,27.274
1679.57304,3,4.092,8.798,-0.321,4,-0.006,-0.013,-0.006,5,-11.646,-48.761,27.58
1679.62965,3,4.073,8.818,-0.314,4,-0.005,-0.013,-0.008,,,,
1679.68632,3,4.048,8.835,-0.321,4,-0.005,-0.014,-0.009,5,-11.252,-48.866,27.017
1679.74293,3,4,8.851,-0.323,4,-0.005,-0.014,-0.01,5,-10.913,-48.694,26.424
1679.79954,3,3.954,8.865,-0.327,4,-0.004,-0.013,-0.01,,,,
1679.85619,3,3.934,8.874,-0.335,4,-0.004,-0.012,-0.011,5,-11.392,-49.135,27.005
1679.9128,3,3.915,8.888,-0.338,4,-0.003,-0.011,-0.011,5,-11.366,-49.452,27.858
1679.96947,3,3.908,8.892,-0.337,4,-0.002,-0.009,-0.011,5,-10.767,-49.159,27.04
1680.02611,3,3.898,8.894,-0.331,4,-0.002,-0.008,-0.01,,,,
1680.08272,3,3.894,8.894,-0.342,4,-0.002,-0.006,-0.01,5,-9.741,-48.753,26.846
1680.13933,3,3.896,8.901,-0.333,4,0,-0.004,-0.009,5,-9.277,-49.95,26.109
1680.196,3,3.899,8.894,-0.343,4,-0.001,-0.002,-0.009,,,,
1680.25264,3,3.911,8.893,-0.335,4,0,-0.001,-0.008,5,-10.466,-50.906,26.61
1680.30925,3,3.927,8.889,-0.326,4,0.001,0.001,-0.008,5,-9.537,-49.448,26.978
1680.36586,3,3.934,8.887,-0.329,4,0.001,0.002,-0.007,5,-9.698,-49.69,26.28
1680.4225,3,3.944,8.885,-0.329,4,0.002,0.003,-0.007,,,,
1680.47914,3,3.948,8.88,-0.327,4,0.002,0.004,-0.006,5,-10.764,-49.629,25.594
1680.53578,3,3.952,8.879,-0.325,4,0.002,0.004,-0.006,5,-11.067,-48.857,27.728
1680.59239,3,3.962,8.871,-0.321,4,0.002,0.005,-0.005,,,,
1680.649,3,3.958,8.872,-0.33,4,0.003,0.005,-0.005,5,-10.8,-48.552,26.854
1680.70564,3,3.961,8.876,-0.325,4,0.003,0.006,-0.005,5,-10.62,-49.39,28.004
1680.76225,3,3.965,8.871,-0.32,4,0.002,0.005,-0.004,5,-10.77,-49.443,27.036
1680.81892,3,3.954,8.874,-0.325,4,0.002,0.006,-0.004,,,,
1680.87556,3,3.951,8.881,-0.305,4,0.002,0.005,-0.003,5,-11.128,-48.663,26.428
1680.93218,3,3.948,8.886,-0.315,4,0.002,0.005,-0.002,5,-11.974,-49.312,26.854
1680.98879,3,3.949,8.88,-0.315,4,0.003,0.005,-0.001,,,,
1681.04543,3,3.948,8.881,-0.314,4,0.004,0.005,0,5,-10.217,-48.682,26.196
1681.10207,3,3.946,8.889,-0.319,4,0.003,0.005,0.001,5,-9.741,-47.977,25.934
1681.15868,3,3.963,8.888,-0.321,4,0.003,0.005,0.001,5,-10.327,-49.979,25.368
1681.21532,3,3.967,8.877,-0.313,4,0.004,0.005,0.002,,,,
1681.27193,3,3.975,8.88,-0.316,4,0.005,0.004,0.003,5,-10.951,-48.836,26.363
1681.3286,3,3.975,8.884,-0.317,4,0.004,0.004,0.004,5,-10.947,-48.561,26.164
1681.38524,3,3.978,8.877,-0.315,4,0.005,0.004,0.004,5,-9.868,-49.242,25.815
1681.44185,3,3.992,8.875,-0.325,4,0.005,0.003,0.005,5,-11.064,-49.669,28.21
1681.49846,3,3.998,8.872,-0.327,4,0.006,0.003,0.005,5,-10.617,-49.786,27.588
1681.5551,3,3.982,8.865,-0.325,4,0.005,0.003,0.006,5,-12.073,-47.862,25.551
1681.61171,3,3.999,8.858,-0.34,4,0.005,0.002,0.006,,,,
1681.66832,3,3.997,8.854,-0.34,4,0.005,0.002,0.006,5,-10.304,-48.259,27.49
1681.725,3,4.01,8.849,-0.336,4,0.006,0.002,0.007,5,-11.859,-48.637,27.217
1681.78164,3,4.011,8.846,-0.345,4,0.006,0.001,0.007,5,-10.46,-48.824,25.531
1681.83825,3,4.004,8.844,-0.341,4,0.005,0.001,0.007,5,-10.393,-48.875,27.089
1681.89486,3,4.015,8.836,-0.348,4,0.005,0.001,0.007,5,-11.485,-48.228,27.313
1681.95153,3,4.018,8.837,-0.345,4,0.005,0.001,0.007,5,-11.064,-48.839,26.709
1682.00817,3,4.026,8.837,-0.349,4,0.005,0.001,0.007,,,,
1682.06478,3,4.036,8.822,-0.357,4,0.005,0.001,0.007,5,-9.879,-48.816,27.454
1682.12139,3,4.045,8.818,-0.355,4,0.005,0,0.007,5,-11.61,-48.955,27.347
1682.17803,3,4.05,8.812,-0.357,4,0.003,0,0.007,5,-10.822,-50.456,26.717
1682.23467,3,4.058,8.806,-0.368,4,0.003,-0.001,0.007,5,-10.73,-48.885,26.753
1682.29131,3,4.061,8.802,-0.362,4,0.002,-0.001,0.006,5,-11.18,-49.286,26.949
1682.34792,3,4.059,8.802,-0.368,4,0.002,-0.001,0.006,5,-11.676,-49.312,26.855
1682.40453,3,4.058,8.799,-0.365,4,0.002,-0.002,0.005,,,,
1682.46117,3,4.056,8.8,-0.369,4,0,-0.002,0.005,5,-11.186,-49.588,26.917
1682.51778,3,4.076,8.794,-0.378,4,-0.001,-0.003,0.004,5,-11.446,-48.628,26.009
1682.57445,3,4.071,8.807,-0.365,4,-0.002,-0.003,0.004,5,-10.62,-49.272,26.407
1682.63106,3,4.089,8.814,-0.372,4,-0.003,-0.003,0.004,,,,
1682.68767,3,4.088,8.814,-0.365,4,-0.003,-0.004,0.003,5,-11.525,-48.985,28.075
1682.74431,3,4.085,8.829,-0.358,4,-0.004,-0.005,0.002,5,-11.378,-49.3,28.342
1682.80092,3,4.104,8.837,-0.349,4,-0.005,-0.005,0.002,,,,
1682.85759,3,4.081,8.848,-0.345,4,-0.005,-0.006,0.001,5,-11.708,-48.518,27.405
1682.91423,3,4.085,8.851,-0.337,4,-0.005,-0.006,0,5,-10.406,-49.074,27.498
1682.97084,3,4.089,8.858,-0.335,4,-0.005,-0.007,-0.001,5,-11.818,-48.869,27.301
1683.02745,3,4.075,8.867,-0.331,4,-0.004,-0.007,-0.002,,,,
1683.08413,3,4.084,8.869,-0.333,4,-0.003,-0.008,-0.001,5,-11.041,-49.884,27.747
1683.14074,3,4.069,8.877,-0.327,4,-0.004,-0.009,-0.003,,,,
1683.19735,3,4.073,8.876,-0.325,4,-0.003,-0.01,-0.003,5,-11.032,-48.106,25.525
1683.25399,3,4.08,8.87,-0.329,4,-0.002,-0.01,-0.004,5,-12.321,-48.689,28.093
1683.3106,3,4.063,8.871,-0.33,4,-0.002,-0.01,-0.004,5,-11.363,-50.745,25.908
1683.36727,3,4.065,8.861,-0.331,4,-0.001,-0.011,-0.004,,,,
1683.42391,3,4.053,8.859,-0.337,4,-0.001,-0.012,-0.005,5,-10.878,-48.25,26.852
1683.48052,3,4.052,8.847,-0.337,4,-0.001,-0.012,-0.005,5,-9.19,-49.19,25.412
1683.53713,3,4.037,8.836,-0.34,4,0,-0.013,-0.005,5,-9.93,-50.107,25.214
1683.59377,3,4.017,8.83,-0.343,4,-0.001,-0.013,-0.006,5,-10.509,-51.047,26.253
1683.65038,3,4.018,8.817,-0.339,4,-0.001,-0.013,-0.006,5,-9.764,-49.307,26.212
1683.70705,3,3.986,8.812,-0.35,4,-0.002,-0.014,-0.006,5,-10.785,-49.928,26.804
1683.76369,3,3.984,8.803,-0.351,4,-0.002,-0.014,-0.006,,,,
1683.8203,3,3.977,8.794,-0.357,4,-0.003,-0.013,-0.005,5,-11.366,-49.004,28.636
1683.87691,3,3.955,8.792,-0.353,4,-0.003,-0.014,-0.005,5,-11.238,-49.352,27.585
1683.93355,3,3.965,8.787,-0.359,4,-0.004,-0.014,-0.005,5,-11.42,-49.347,27.107
1683.99019,3,3.951,8.787,-0.368,4,-0.004,-0.013,-0.005,5,-11.984,-49.612,27.155
1684.0468,3,3.949,8.789,-0.362,4,-0.005,-0.013,-0.005,5,-10.953,-48.843,26.942
1684.10344,3,3.964,8.79,-0.363,4,-0.006,-0.012,-0.004,5,-11.687,-49.068,26.564
1684.16005,3,3.943,8.806,-0.355,4,-0.007,-0.012,-0.004,,,,
1684.21672,3,3.961,8.816,-0.353,4,-0.008,-0.011,-0.004,5,-11.674,-49.62,26.115
1684.27337,3,3.953,8.829,-0.351,4,-0.008,-0.011,-0.003,5,-10.757,-50.117,26.715
1684.32998,3,3.937,8.851,-0.346,4,-0.009,-0.011,-0.004,5,-9.984,-49.402,26.993
1684.38659,3,3.927,8.871,-0.339,4,-0.01,-0.01,-0.002,5,-10.379,-50.291,27.599
1684.44323,3,3.899,8.902,-0.329,4,-0.01,-0.01,-0.002,5,-12.357,-48.836,27.635
1684.49987,3,3.906,8.918,-0.324,4,-0.009,-0.009,-0.001,5,-11.052,-48.901,26.854
1684.55651,3,3.909,8.939,-0.316,4,-0.009,-0.008,0,,,,
1684.61312,3,3.907,8.955,-0.301,4,-0.009,-0.007,0.001,5,-11.536,-49.744,27.296
1684.66973,3,3.93,8.963,-0.307,4,-0.008,-0.007,0.002,5,-10.86,-49.345,26.744
1684.72637,3,3.919,8.979,-0.292,4,-0.006,-0.007,0.003,5,-10.446,-48.807,26.968
1684.78298,3,3.942,8.977,-0.294,4,-0.005,-0.006,0.004,5,-10.744,-48.405,26.706
1684.83965,3,3.956,8.979,-0.287,4,-0.004,-0.006,0.006,5,-10.957,-49.037,26.81
1684.89626,3,3.951,8.973,-0.282,4,-0.002,-0.006,0.006,5,-11.395,-49.365,27.917
1684.95287,3,3.967,8.957,-0.292,4,0,-0.005,0.007,,,,
1685.00951,3,3.974,8.95,-0.296,4,0.002,-0.005,0.009,5,-11.327,-49.016,27.849
1685.06612,3,3.978,8.932,-0.303,4,0.003,-0.005,0.008,5,-9.352,-49.059,26.054
1685.12279,3,3.987,8.91,-0.31,4,0.005,-0.005,0.009,5,-9.761,-49.646,26.677
1685.17943,3,3.978,8.891,-0.312,4,0.005,-0.005,0.009,,,,
1685.23604,3,3.987,8.865,-0.321,4,0.006,-0.005,0.009,5,-11.162,-49.908,27.098
1685.29265,3,3.99,8.838,-0.326,4,0.006,-0.005,0.01,5,-10.484,-49.644,27.103
1685.34932,3,3.992,8.821,-0.341,4,0.007,-0.004,0.009,,,,
1685.40596,3,3.998,8.804,-0.34,4,0.008,-0.004,0.009,5,-10.3,-49.286,27.567
1685.46257,3,4.004,8.784,-0.345,4,0.007,-0.003,0.009,5,-9.949,-50.308,26.097
1685.51918,3,4.002,8.774,-0.354,4,0.006,-0.003,0.008,5,-10.326,-49.893,25.299
1685.57583,3,4.014,8.769,-0.359,4,0.006,-0.002,0.008,,,,
1685.63247,3,4.017,8.757,-0.357,4,0.005,-0.002,0.007,5,-10.716,-50.362,27.563
1685.68911,3,4.026,8.758,-0.361,4,0.004,-0.001,0.006,5,-10.767,-49.559,27.013
1685.74572,3,4.033,8.756,-0.365,4,0.003,-0.001,0.006,,,,
1685.80233,3,4.03,8.765,-0.355,4,0.002,0,0.004,5,-10.887,-48.689,28.291
1685.85897,3,4.043,8.772,-0.359,4,0.001,0,0.004,5,-10.843,-48.853,26.73
1685.91558,3,4.054,8.781,-0.352,4,0,0,0.003,5,-10.992,-49.449,27.505
1685.97225,3,4.061,8.798,-0.345,4,-0.001,0,0.002,,,,
1686.02886,3,4.061,8.816,-0.339,4,-0.002,0,0.001,5,-11.047,-48.868,27.02
1686.08547,3,4.076,8.83,-0.329,4,-0.003,0,0,5,-11.104,-49.028,27.341
1686.14211,3,4.081,8.845,-0.325,4,-0.002,0,-0.001,,,,
1686.19872,3,4.085,8.859,-0.32,4,-0.003,0,-0.002,5,-10.748,-48.364,28.006
1686.25539,3,4.096,8.873,-0.307,4,-0.002,-0.001,-0.002,5,-11.519,-47.797,26.764
1686.31203,3,4.097,8.882,-0.314,4,-0.003,-0.001,-0.003,5,-11.168,-49.185,27.89
1686.36864,3,4.095,8.892,-0.308,4,-0.002,-0.002,-0.004,,,,
1686.42525,3,4.093,8.891,-0.305,4,-0.001,-0.003,-0.005,5,-10.229,-50.702,27.281
1686.48192,3,4.089,8.893,-0.302,4,0,-0.003,-0.006,5,-9.624,-49.815,24.8
1686.53853,3,4.075,8.896,-0.308,4,0,-0.004,-0.006,,,,
1686.59514,3,4.078,8.898,-0.315,4,0.001,-0.005,-0.007,5,-10.588,-49.597,24.364
1686.65178,3,4.054,8.897,-0.305,4,0.001,-0.006,-0.007,5,-9.618,-50.249,25.676
1686.70839,3,4.059,8.889,-0.321,4,0.001,-0.006,-0.008,5,-10.486,-50.153,25.542
1686.76506,3,4.034,8.884,-0.321,4,0.002,-0.007,-0.007,,,,
1686.82171,3,4.014,8.875,-0.328,4,0.002,-0.008,-0.008,5,-10.512,-49.417,25.987
1686.87832,3,4.015,8.868,-0.333,4,0.002,-0.008,-0.008,5,-11.726,-49.548,26.924
1686.93493,3,3.978,8.861,-0.332,4,0.001,-0.007,-0.008,5,-10.57,-49.437,26.88
1686.99157,3,3.99,8.849,-0.344,4,0.002,-0.008,-0.008,5,-11.354,-49.062,26.157
1687.04818,3,3.973,8.84,-0.338,4,0.001,-0.007,-0.007,5,-11.189,-49.44,27.133
1687.10485,3,3.96,8.838,-0.341,4,0.002,-0.007,-0.008,5,-12.331,-49.057,26.544
1687.16146,3,3.956,8.826,-0.342,4,0.001,-0.006,-0.007,,,,
1687.21807,3,3.937,8.831,-0.34,4,0,-0.006,-0.007,5,-12.094,-48.161,26.7
1687.27471,3,3.935,8.825,-0.34,4,-0.001,-0.005,-0.007,5,-11.417,-48.871,26.735
1687.33132,3,3.923,8.832,-0.346,4,-0.001,-0.005,-0.006,5,-11.287,-48.842,28.423
1687.38799,3,3.904,8.842,-0.329,4,-0.002,-0.004,-0.006,5,-10.757,-48.846,27.307
1687.44463,3,3.894,8.853,-0.335,4,-0.002,-0.003,-0.005,5,-10.695,-49.391,27.319
1687.50124,3,3.887,8.864,-0.33,4,-0.002,-0.003,-0.004,5,-9.256,-50.061,26.109
1687.55785,3,3.881,8.871,-0.322,4,-0.002,-0.002,-0.004,,,,
1687.61449,3,3.902,8.872,-0.323,4,-0.002,-0.001,-0.003,5,-11.546,-50.426,27.016
1687.6711,3,3.898,8.881,-0.315,4,-0.002,0,-0.001,5,-10.777,-49.005,27.414
1687.72777,3,3.915,8.88,-0.313,4,-0.002,0,-0.001,5,-10.417,-49.165,27.911
1687.78438,3,3.928,8.877,-0.32,4,-0.001,0.001,0.001,5,-9.566,-49.55,26.843
1687.84099,3,3.924,8.885,-0.305,4,-0.001,0.001,0.001,5,-10.457,-49.551,26.759
1687.89763,3,3.953,8.877,-0.322,4,0,0.001,0.002,5,-11.523,-47.722,27.174
1687.95424,3,3.951,8.888,-0.312,4,0,0.001,0.003,,,,
1688.01091,3,3.966,8.882,-0.305,4,0,0.001,0.004,5,-11.897,-49.037,26.183
1688.06755,3,3.97,8.878,-0.31,4,0,0.001,0.005,5,-10.539,-49.162,27.313
1688.12416,3,3.964,8.88,-0.309,4,0.001,0,0.005,5,-12.215,-49.03,27.39
1688.18077,3,3.982,8.876,-0.309,4,0.001,0,0.006,5,-11.534,-49.149,28.427
1688.23742,3,3.987,8.876,-0.318,4,0.001,-0.001,0.007,5,-11.615,-49.071,26.984
1688.29406,3,3.979,8.877,-0.314,4,0.001,-0.001,0.007,5,-11.771,-50.122,26.704
1688.35067,3,3.999,8.878,-0.32,4,0.002,-0.002,0.007,,,,
1688.40731,3,3.99,8.872,-0.327,4,0.002,-0.002,0.008,5,-10.556,-49.615,28.764
1688.46392,3,3.974,8.873,-0.32,4,0.002,-0.002,0.008,5,-10.12,-50.395,26.14
1688.52059,3,4.006,8.859,-0.332,4,0.001,-0.003,0.009,5,-11.16,-50.122,26.617
1688.57723,3,3.977,8.86,-0.33,4,0.002,-0.003,0.009,,,,
1688.63384,3,3.991,8.851,-0.329,4,0.001,-0.003,0.009,5,-10.385,-49.785,27.025
1688.69045,3,3.981,8.853,-0.34,4,0.002,-0.003,0.01,5,-10.472,-49.635,26.884
1688.74709,3,3.99,8.845,-0.341,4,0.001,-0.002,0.009,,,,
1688.8037,3,4.002,8.831,-0.338,4,0.001,-0.003,0.009,5,-9.909,-48.61,26.164
1688.86037,3,3.982,8.845,-0.337,4,0.001,-0.002,0.009,5,-10.901,-49.146,27.38
1688.91698,3,4.009,8.837,-0.331,4,0.001,-0.002,0.009,5,-10.713,-49.475,26.781
1688.97359,3,4.011,8.841,-0.338,4,0.001,-0.001,0.009,,,,
1689.03023,3,4.02,8.841,-0.337,4,0.001,-0.001,0.009,5,-10.852,-48.204,27.747
1689.08684,3,4.048,8.838,-0.336,4,0,-0.001,0.008,5,-11.494,-48.752,27.641
1689.14351,3,4.03,8.841,-0.336,4,-0.001,-0.001,0.008,,,,
1689.20015,3,4.06,8.841,-0.336,4,0,-0.001,0.007,5,-10.789,-48.83,27.67
1689.25676,3,4.066,8.845,-0.335,4,0,-0.001,0.008,5,-12.016,-48.961,26.878
1689.31337,3,4.062,8.85,-0.328,4,0,-0.001,0.006,5,-11.2,-50.16,26.088
1689.37001,3,4.093,8.841,-0.339,4,0,-0.002,0.006,,,,
1689.42666,3,4.082,8.844,-0.331,4,0,-0.002,0.005,5,-10.353,-49.551,26.372
1689.48327,3,4.092,8.841,-0.326,4,0,-0.002,0.004,5,-10.435,-49.312,26.567
1689.53991,3,4.1,8.837,-0.328,4,0,-0.003,0.004,,,,
1689.59652,3,4.09,8.842,-0.327,4,0.001,-0.003,0.002,5,-10.303,-49.135,25.92
1689.65319,3,4.112,8.833,-0.333,4,0.001,-0.004,0.002,5,-10.84,-50.783,27.478
1689.7098,3,4.099,8.831,-0.341,4,0.001,-0.004,0.001,5,-10.976,-49.219,28.381
1689.76641,3,4.106,8.829,-0.329,4,0.001,-0.005,0,,,,
1689.82305,3,4.11,8.822,-0.341,4,0.002,-0.006,-0.001,5,-10.864,-49.696,26.047
1689.87966,3,4.092,8.825,-0.34,4,0.001,-0.007,-0.002,5,-11.362,-48.659,27.206
1689.93633,3,4.108,8.824,-0.337,4,0.001,-0.007,-0.003,,,,
1689.99297,3,4.083,8.827,-0.345,4,0.001,-0.008,-0.004,5,-11.876,-48.724,26.163
1690.04958,3,4.078,8.82,-0.349,4,0.002,-0.009,-0.005,5,-11.066,-48.225,27.507
1690.10619,3,4.052,8.83,-0.346,4,0.001,-0.009,-0.006,5,-11.696,-48.398,28.383
1690.16283,3,4.009,8.84,-0.352,4,0.001,-0.01,-0.007,,,,
1690.21944,3,3.987,8.845,-0.357,4,0.001,-0.009,-0.007,5,-10.832,-49.443,27.202
1690.27611,3,3.957,8.853,-0.365,4,0,-0.009,-0.008,5,-11.383,-49.602,26.349
1690.33272,3,3.946,8.856,-0.367,4,0.001,-0.008,-0.007,5,-10.715,-49.905,26.605
1690.38935,3,3.939,8.868,-0.361,4,0,-0.007,-0.007,5,-9.628,-49.147,26.445
1690.44599,3,3.927,8.873,-0.362,4,0,-0.006,-0.006,5,-10.721,-47.917,26.886
1690.50336,3,3.916,8.877,-0.362,4,0.001,-0.004,-0.006,5,-11.243,-50.186,26.813
1690.56141,3,3.919,8.878,-0.362,4,0,-0.003,-0.005,,,,
1690.61713,3,3.915,8.881,-0.357,4,0.001,-0.002,-0.005,5,-10.768,-49.626,26.993
1690.67252,3,3.933,8.882,-0.359,4,0.001,-0.001,-0.004,5,-10.902,-48.666,26.854
1690.72913,3,3.932,8.881,-0.357,4,0.001,0,-0.003,5,-10.829,-49.834,25.758
1690.78589,3,3.961,8.873,-0.357,4,0.001,0.001,-0.003,5,-10.817,-49.417,26.286
1690.84339,3,3.957,8.867,-0.347,4,0.001,0.002,-0.001,5,-11.214,-48.859,26.532
1690.90107,3,3.959,8.864,-0.345,4,0.001,0.003,-0.002,5,-11.179,-48.076,27.792
1690.95769,3,3.983,8.853,-0.345,4,0.001,0.004,-0.001,,,,
1691.01436,3,3.986,8.851,-0.345,4,0.002,0.004,-0.001,5,-11.858,-49.75,27.322
1691.07024,3,4.017,8.841,-0.341,4,0.001,0.004,0,5,-11.864,-49.371,27.597
1691.12556,3,3.999,8.843,-0.334,4,0.001,0.005,0,5,-11.429,-48.457,27.049
1691.18288,3,4.009,8.841,-0.335,4,0.002,0.005,0,5,-11.264,-48.257,27.878
1691.24016,3,4.01,8.834,-0.34,4,0.002,0.005,0,5,-11.218,-48.502,26.749
1691.2961,3,4.007,8.833,-0.333,4,0.002,0.005,0,5,-11.237,-49.294,26.62
1691.35408,3,4.022,8.827,-0.329,4,0.002,0.004,0.001,,,,
1691.41072,3,4.026,8.83,-0.321,4,0.001,0.003,0.002,5,-11.388,-48.746,25.223
1691.46733,3,4.037,8.823,-0.321,4,0.001,0.003,0.002,5,-11.319,-48.972,25.908
1691.5233,3,4.05,8.823,-0.32,4,0.001,0.002,0.002,5,-10.507,-49.455,26.872
1691.57857,3,4.059,8.818,-0.317,4,0.001,0,0.003,,,,
1691.63591,3,4.065,8.819,-0.315,4,0,-0.002,0.004,5,-10.648,-49.138,27.847
1691.69395,3,4.075,8.827,-0.313,4,-0.001,-0.003,0.005,5,-10.095,-48.341,26.973
1691.7505,3,4.068,8.829,-0.324,4,-0.001,-0.005,0.005,,,,
1691.80699,3,4.076,8.826,-0.321,4,-0.002,-0.007,0.005,5,-10.175,-48.503,28.416
1691.86366,3,4.069,8.826,-0.329,4,-0.002,-0.008,0.006,5,-10.825,-49.905,27.228
1691.91969,3,4.073,8.826,-0.338,4,-0.003,-0.01,0.005,5,-10.493,-49.168,24.924
1691.97527,3,4.07,8.828,-0.333,4,-0.003,-0.011,0.006,,,,
1692.03279,3,4.06,8.825,-0.338,4,-0.004,-0.013,0.006,5,-11.166,-49.059,27.788
1692.09013,3,4.071,8.822,-0.332,4,-0.004,-0.013,0.006,5,-11.853,-48.837,28.755
1692.14671,3,4.064,8.821,-0.334,4,-0.004,-0.014,0.005,,,,
1692.20338,3,4.062,8.823,-0.339,4,-0.005,-0.015,0.005,5,-11.372,-49.287,25.85
1692.26002,3,4.069,8.826,-0.335,4,-0.005,-0.016,0.005,5,-11.064,-49.115,26.41
1692.31602,3,4.06,8.824,-0.34,4,-0.005,-0.017,0.005,5,-9.784,-48.253,26.962
1692.37138,3,4.061,8.824,-0.329,4,-0.006,-0.017,0.004,,,,
1692.42799,3,4.058,8.836,-0.334,4,-0.006,-0.018,0.004,5,-11.674,-48.827,27.531
1692.48503,3,4.039,8.842,-0.33,4,-0.006,-0.019,0.004,5,-10.432,-49.455,26.593
1692.54268,3,4.011,8.855,-0.329,4,-0.007,-0.019,0.004,,,,
1692.59978,3,3.985,8.869,-0.327,4,-0.007,-0.019,0.004,5,-10.611,-49.538,26.736
1692.65645,3,3.963,8.869,-0.332,4,-0.007,-0.019,0.003,5,-10.153,-49.678,25.514
1692.71318,3,3.956,8.879,-0.325,4,-0.006,-0.018,0.003,5,-10.44,-50.797,26.523
1692.76906,3,3.948,8.879,-0.335,4,-0.006,-0.016,0.004,,,,
1692.82533,3,3.958,8.874,-0.334,4,-0.005,-0.015,0.004,5,-11.581,-49.66,27.26
1692.8835,3,3.961,8.876,-0.329,4,-0.004,-0.014,0.004,5,-10.889,-49.403,27.679
1692.93901,3,3.968,8.873,-0.341,4,-0.004,-0.012,0.004,,,,
1692.99504,3,3.981,8.877,-0.329,4,-0.003,-0.011,0.003,5,-11.638,-48.285,27.788
1693.05302,3,4,8.87,-0.337,4,-0.003,-0.01,0.003,5,-11.31,-48.601,26.707
1693.10957,3,4.027,8.863,-0.329,4,-0.002,-0.008,0.003,5,-10.497,-49.396,26.253
1693.16621,3,4.041,8.851,-0.327,4,-0.001,-0.007,0.002,,,,
1693.22218,3,4.053,8.849,-0.33,4,-0.002,-0.006,0.002,5,-10.846,-49.503,27.271
1693.27785,3,4.07,8.849,-0.329,4,-0.001,-0.005,0.001,5,-10.957,-49.734,27.319
1693.33546,3,4.074,8.846,-0.331,4,-0.001,-0.004,-0.001,5,-11.501,-48.264,27.863
1693.39229,3,4.086,8.839,-0.329,4,-0.001,-0.004,-0.001,5,-11.891,-49.02,26.53
1693.4481,3,4.08,8.836,-0.325,4,-0.001,-0.004,-0.003,5,-11.374,-49.442,27.582
1693.50398,3,4.096,8.83,-0.333,4,-0.002,-0.004,-0.004,5,-11.531,-49.712,26.36
1693.56129,3,4.081,8.83,-0.326,4,0,-0.004,-0.004,,,,
1693.61931,3,4.075,8.829,-0.325,4,-0.001,-0.004,-0.006,5,-12.318,-49.554,28.14
1693.67525,3,4.065,8.822,-0.328,4,-0.001,-0.005,-0.006,5,-11.255,-48.853,26.584
1693.73128,3,4.033,8.83,-0.32,4,-0.001,-0.005,-0.007,5,-11.72,-48.074,27.007
1693.78932,3,4.033,8.83,-0.325,4,-0.001,-0.005,-0.007,5,-9.996,-49.944,27.113
1693.84578,3,3.99,8.841,-0.326,4,0,-0.005,-0.007,5,-10.216,-49.158,27.794
1693.90239,3,3.996,8.838,-0.328,4,-0.001,-0.005,-0.008,5,-10.254,-49.165,25.97
1693.95909,3,3.972,8.849,-0.332,4,-0.001,-0.005,-0.007,,,,
1694.015,3,3.967,8.853,-0.324,4,0,-0.005,-0.008,5,-10.933,-48.325,26.929
1694.0703,3,3.966,8.853,-0.324,4,0,-0.005,-0.008,5,-10.916,-49.442,27.274
1694.12691,3,3.936,8.865,-0.325,4,0,-0.005,-0.007,5,-10.541,-49.223,26.28
1694.18382,3,3.947,8.869,-0.325,4,0,-0.005,-0.006,5,-10.921,-48.753,26.797
1694.24138,3,3.939,8.88,-0.331,4,0.001,-0.004,-0.006,5,-11.833,-48.952,27.989
1694.29863,3,3.947,8.871,-0.323,4,0.001,-0.004,-0.005,5,-11.102,-50.182,27.571
1694.355,3,3.937,8.877,-0.317,4,0,-0.004,-0.004,,,,
1694.41127,3,3.944,8.879,-0.328,4,0.001,-0.004,-0.004,5,-11.632,-49.667,28.233
1694.46855,3,3.934,8.874,-0.321,4,0.002,-0.003,-0.003,5,-10.561,-49.904,27.753
1694.52461,3,3.925,8.873,-0.325,4,0.002,-0.003,-0.002,5,-10.208,-49.332,27.419
1694.57997,3,3.93,8.868,-0.336,4,0.001,-0.003,-0.001,5,-8.824,-49.074,26.92
1694.63658,3,3.924,8.866,-0.333,4,0.001,-0.003,0,5,-10.863,-49.202,27.74
1694.69386,3,3.921,8.858,-0.341,4,0.001,-0.002,0.001,5,-10.518,-48.242,26.984
1694.75178,3,3.927,8.856,-0.348,4,0.001,-0.001,0.002,,,,
1694.80769,3,3.941,8.847,-0.345,4,0.001,-0.001,0.003,5,-11.282,-47.932,27.122
1694.86369,3,3.95,8.849,-0.349,4,0.001,0,0.004,5,-10.712,-49.156,26.459
1694.92094,3,3.965,8.839,-0.345,4,0,0.001,0.005,5,-11.159,-48.886,27.463
1694.97633,3,3.97,8.847,-0.339,4,-0.001,0.002,0.006,,,,
1695.03365,3,3.996,8.849,-0.34,4,-0.001,0.002,0.006,5,-9.952,-49.753,26.173
1695.0916,3,4.012,8.851,-0.344,4,-0.001,0.002,0.007,5,-10.62,-48.918,26.605
1695.14824,3,4.026,8.855,-0.333,4,-0.002,0.002,0.006,,,,
1695.20485,3,4.045,8.863,-0.325,4,-0.001,0.002,0.006,5,-10.249,-49.431,27.132
1695.26085,3,4.05,8.868,-0.321,4,-0.002,0.003,0.006,5,-10.919,-49.319,26.41
1695.31624,3,4.067,8.871,-0.322,4,-0.002,0.003,0.006,5,-11.63,-49.361,26.457
1695.37276,3,4.081,8.873,-0.309,4,-0.002,0.003,0.005,,,,
1695.43001,3,4.083,8.877,-0.316,4,-0.001,0.002,0.005,5,-10.48,-49.409,26.244
1695.48784,3,4.098,8.877,-0.31,4,0,0.001,0.005,5,-11.139,-49.126,27.339
1695.54448,3,4.101,8.876,-0.307,4,0,0.001,0.004,,,,
1695.60109,3,4.106,8.874,-0.308,4,0.001,-0.001,0.003,5,-11.871,-48.915,28.31
1695.65776,3,4.104,8.867,-0.309,4,0.002,-0.002,0.003,5,-10.838,-48.364,27.176
1695.71379,3,4.104,8.859,-0.302,4,0.002,-0.003,0.002,5,-11.214,-49.399,27.274
1695.76918,3,4.097,8.853,-0.313,4,0.003,-0.004,0.002,,,,
1695.82579,3,4.083,8.842,-0.322,4,0.004,-0.006,0.001,5,-12.106,-48.889,27.173
1695.88301,3,4.077,8.829,-0.327,4,0.004,-0.007,0.001,5,-10.585,-49.307,27.066
1695.9409,3,4.054,8.822,-0.339,4,0.005,-0.007,0,,,,
1695.99754,3,4.041,8.817,-0.338,4,0.005,-0.009,0,5,-11.832,-50.415,27.141
1696.05418,3,4.024,8.807,-0.344,4,0.004,-0.009,0,5,-11.324,-49.478,25.763
1696.11076,3,4.011,8.802,-0.351,4,0.004,-0.01,0,5,-11.093,-49.96,27.269
1696.16676,3,4.001,8.797,-0.355,4,0.003,-0.01,0,,,,
1696.22221,3,3.99,8.788,-0.362,4,0.002,-0.01,0,5,-10.634,-48.758,26.408
1696.27946,3,3.982,8.788,-0.368,4,0.002,-0.01,0,5,-10.96,-48.805,27.269
1696.33739,3,3.978,8.79,-0.367,4,0.001,-0.01,0,,,,
1696.39412,3,3.975,8.79,-0.368,4,0,-0.01,0,5,-10.004,-49.413,25.473
1696.45073,3,3.974,8.786,-0.37,4,-0.001,-0.009,0,5,-11.258,-48.613,26.465
1696.50743,3,3.983,8.796,-0.37,4,-0.003,-0.009,0.001,5,-11.877,-48.991,26.826
1696.56398,3,3.986,8.798,-0.374,4,-0.004,-0.008,0.001,,,,
1696.62004,3,3.99,8.806,-0.368,4,-0.005,-0.007,0.001,5,-10.963,-49.458,26.48
1696.67525,3,4.002,8.814,-0.36,4,-0.005,-0.007,0.001,5,-10.463,-47.835,27.159
1696.73253,3,4.005,8.825,-0.361,4,-0.007,-0.007,0.001,5,-10.519,-48.12,26.584
1696.79051,3,4.016,8.833,-0.349,4,-0.007,-0.007,0.001,5,-11.475,-48.23,26.822
1696.84648,3,4.02,8.846,-0.351,4,-0.008,-0.006,0.001,5,-11.028,-49.266,27.254
1696.90175,3,4.037,8.857,-0.338,4,-0.008,-0.006,0.001,5,-11.438,-48.538,27.446
1696.95909,3,4.049,8.87,-0.33,4,-0.008,-0.005,0.001,,,,
1697.01704,3,4.063,8.88,-0.335,4,-0.008,-0.006,0.001,5,-11.51,-50.009,27.878
1697.07298,3,4.077,8.888,-0.325,4,-0.008,-0.006,0.001,5,-10.509,-49.24,27.469
1697.12923,3,4.083,8.898,-0.317,4,-0.008,-0.006,0,5,-10.555,-49.274,26.439
1697.18745,3,4.093,8.898,-0.313,4,-0.007,-0.006,0,5,-10.953,-49.62,26.781
1697.24361,3,4.102,8.907,-0.301,4,-0.006,-0.007,-0.001,5,-11.519,-48.993,27.301
1697.30028,3,4.107,8.911,-0.305,4,-0.006,-0.007,-0.001,5,-10.526,-49.124,27.298
1697.35683,3,4.103,8.908,-0.294,4,-0.004,-0.008,-0.002,,,,
1697.4135,3,4.095,8.904,-0.301,4,-0.004,-0.009,-0.003,5,-10.272,-50.36,24.802
1697.46947,3,4.091,8.902,-0.3,4,-0.003,-0.01,-0.003,5,-9.937,-50.131,26.118
1697.52467,3,4.07,8.891,-0.297,4,-0.002,-0.011,-0.004,5,-9.335,-50.22,25.955
1697.58174,3,4.058,8.881,-0.304,4,-0.001,-0.012,-0.004,5,-10.396,-49.837,26.277
1697.63945,3,4.043,8.873,-0.303,4,0,-0.013,-0.005,5,-10.155,-49.91,26.199
1697.69658,3,4.026,8.857,-0.308,4,0,-0.014,-0.005,5,-11.403,-48.204,27.869
1697.75319,3,4.008,8.835,-0.321,4,0.001,-0.015,-0.004,,,,
1697.80986,3,3.991,8.818,-0.321,4,0.001,-0.015,-0.005,5,-11.017,-48.123,27.728
1697.86583,3,3.967,8.805,-0.331,4,0.001,-0.016,-0.004,5,-10.397,-48.579,27.249
1697.92177,3,3.947,8.795,-0.346,4,0.001,-0.016,-0.004,5,-11.304,-48.766,26.855
1697.97908,3,3.937,8.788,-0.341,4,0.001,-0.016,-0.004,5,-9.003,-48.956,27.437
1698.03435,3,3.928,8.781,-0.343,4,0.001,-0.016,-0.003,5,-11.371,-49.103,27.992
1698.09169,3,3.909,8.785,-0.358,4,0.001,-0.016,-0.003,5,-10.986,-48.598,26.999
1698.14958,3,3.911,8.782,-0.353,4,-0.001,-0.015,-0.001,,,,
1698.2061,3,3.906,8.792,-0.362,4,-0.001,-0.01,-0.002,5,-11.13,-49.437,27.69
1698.26286,3,3.91,8.794,-0.362,4,-0.002,-0.01,-0.002,5,-9.86,-50.014,26.544
1698.31886,3,3.902,8.812,-0.353,4,-0.003,-0.009,-0.001,5,-9.959,-50.662,27.42
1698.37413,3,3.904,8.826,-0.36,4,-0.003,-0.008,0,,,,
1698.43138,3,3.916,8.834,-0.352,4,-0.004,-0.007,0.001,5,-10.545,-49.362,27.171
1698.48924,3,3.921,8.849,-0.354,4,-0.005,-0.006,0.002,5,-9.979,-49.469,27.422
1698.54585,3,3.933,8.861,-0.355,4,-0.006,-0.005,0.003,,,,
1698.60249,3,3.945,8.874,-0.338,4,-0.006,-0.005,0.004,5,-10.178,-49.861,27.15
1698.6591,3,3.96,8.879,-0.344,4,-0.006,-0.003,0.004,5,-9.769,-48.419,26.753
1698.71583,3,3.978,8.889,-0.335,4,-0.006,-0.003,0.005,5,-9.772,-49.409,26.933
1698.77257,3,3.987,8.897,-0.329,4,-0.007,-0.002,0.005,,,,
1698.82848,3,3.996,8.909,-0.329,4,-0.007,-0.002,0.006,5,-10.463,-49.124,28.487
1698.88444,3,4.015,8.912,-0.317,4,-0.007,-0.002,0.006,5,-10.918,-49.35,26.239
1698.94224,3,4.036,8.916,-0.306,4,-0.006,-0.001,0.006,,,,
1698.99824,3,4.054,8.918,-0.314,4,-0.006,-0.001,0.006,5,-11.263,-49.426,27.783
1699.05424,3,4.067,8.924,-0.306,4,-0.005,-0.001,0.006,5,-11.137,-49.724,26.396
1699.11204,3,4.069,8.92,-0.293,4,-0.004,-0.002,0.005,5,-10.799,-48.726,26.706
1699.1682,3,4.077,8.924,-0.294,4,-0.004,-0.002,0.005,,,,
1699.22359,3,4.074,8.916,-0.297,4,-0.003,-0.002,0.004,5,-10.527,-48.134,27.003
1699.28084,3,4.065,8.909,-0.292,4,-0.001,-0.003,0.004,5,-11.394,-48.633,27.274
1699.3387,3,4.053,8.903,-0.299,4,0,-0.004,0.003,,,,
1699.39537,3,4.041,8.888,-0.299,4,0.001,-0.004,0.002,5,-10.378,-48.943,27.657
1699.45161,3,4.026,8.879,-0.306,4,0.002,-0.004,0.002,5,-11.29,-48.61,27.01
1699.50789,3,4.014,8.866,-0.321,4,0.003,-0.004,0.002,5,-11.282,-49.059,26.25
1699.56468,3,3.994,8.854,-0.321,4,0.004,-0.004,0.002,,,,
1699.62065,3,3.973,8.841,-0.329,4,0.004,-0.003,0.001,5,-12.437,-49.014,28.186
1699.67796,3,3.967,8.833,-0.331,4,0.005,-0.003,0.001,5,-10.31,-48.897,26.866
1699.7339,3,3.964,8.819,-0.338,4,0.005,-0.002,0.001,5,-11.206,-48.878,26.897
1699.79179,3,3.963,8.81,-0.344,4,0.006,-0.001,0.001,5,-12.148,-48.172,27.718
1699.84834,3,3.963,8.805,-0.349,4,0.006,0,0,5,-10.728,-48.154,26.854
1699.90501,3,3.962,8.803,-0.347,4,0.007,0,0.001,5,-10.269,-49.31,27
1699.96156,3,3.972,8.8,-0.354,4,0.006,0.001,0,,,,
1700.01762,3,3.986,8.796,-0.349,4,0.005,0.002,-0.001,5,-10.533,-49.571,27.48
1700.07301,3,3.998,8.79,-0.356,4,0.006,0.003,0,5,-10.719,-49.507,26.781
1700.13029,3,4.007,8.793,-0.357,4,0.005,0.003,-0.001,5,-9.825,-49.281,26.213
1700.18822,3,4.02,8.794,-0.353,4,0.005,0.003,-0.001,5,-10.278,-48.952,27.339
1700.24477,3,4.025,8.798,-0.352,4,0.004,0.004,-0.001,5,-9.824,-50.589,25.74
1700.30089,3,4.03,8.802,-0.36,4,0.004,0.004,-0.002,5,-9.677,-50.246,25.267
1700.35683,3,4.034,8.807,-0.356,4,0.003,0.005,-0.002,,,,
1700.41408,3,4.032,8.815,-0.356,4,0.002,0.005,-0.003,5,-10.86,-48.953,27.104
1700.46941,3,4.046,8.822,-0.357,4,0.002,0.005,-0.003,5,-10.121,-50.304,25.97
1700.52605,3,4.045,8.83,-0.353,4,0,0.005,-0.004,5,-9.337,-50.525,25.926
1700.5833,3,4.054,8.831,-0.353,4,0,0.005,-0.004,5,-10.172,-49.586,26.132
1700.64113,3,4.056,8.841,-0.343,4,0,0.006,-0.005,5,-9.572,-50.06,26.254
1700.69777,3,4.068,8.853,-0.351,4,-0.001,0.006,-0.005,5,-10.228,-50.089,25.272
1700.75438,3,4.061,8.856,-0.343,4,-0.001,0.006,-0.006,,,,
1700.81105,3,4.069,8.869,-0.33,4,-0.002,0.005,-0.007,5,-10.663,-51.506,26.579
1700.86714,3,4.071,8.88,-0.335,4,-0.001,0.006,-0.007,5,-9.276,-50.212,25.513
1700.92248,3,4.069,8.882,-0.327,4,-0.001,0.006,-0.008,5,-8.089,-51.122,26.541
1700.9797,3,4.057,8.892,-0.322,4,-0.001,0.005,-0.008,5,-9.474,-50.185,25.511
1701.03753,3,4.051,8.893,-0.318,4,0,0.006,-0.009,5,-9.814,-50.516,25.659
1701.09417,3,4.045,8.892,-0.321,4,0.001,0.005,-0.009,5,-10.266,-50.359,25.809
1701.15081,3,4.032,8.891,-0.32,4,0.001,0.005,-0.009,,,,
1701.20748,3,4.026,8.889,-0.316,4,0.001,0.005,-0.009,5,-10.497,-48.756,26.63
1701.26418,3,4.006,8.882,-0.321,4,0.002,0.004,-0.009,5,-9.673,-48.509,25.441
1701.32012,3,4,8.877,-0.317,4,0.002,0.004,-0.01,5,-9.541,-49.895,24.745
1701.37551,3,3.991,8.867,-0.321,4,0.003,0.003,-0.009,,,,
1701.43215,3,3.984,8.861,-0.32,4,0.003,0.003,-0.008,5,-9.947,-49.927,24.843
1701.48943,3,3.978,8.857,-0.323,4,0.004,0.003,-0.008,5,-9.047,-50.372,25.838
1701.54736,3,3.971,8.854,-0.321,4,0.004,0.002,-0.008,,,,
1701.60391,3,3.958,8.855,-0.329,4,0.004,0.002,-0.007,5,-10.544,-50.269,25.833
1701.66052,3,3.95,8.849,-0.329,4,0.005,0.001,-0.006,5,-10.112,-50.449,26.115
1701.71655,3,3.942,8.841,-0.333,4,0.005,0,-0.006,5,-11.212,-50.186,27.249
1701.77233,3,3.939,8.837,-0.334,4,0.005,0,-0.005,,,,
1701.83007,3,3.939,8.831,-0.34,4,0.005,0,-0.004,5,-10.559,-49.861,27.068
1701.88696,3,3.935,8.829,-0.345,4,0.005,0,-0.003,5,-10.983,-48.869,26.659
1701.9432,3,3.931,8.824,-0.344,4,0.005,-0.001,-0.002,,,,
1702.00036,3,3.935,8.831,-0.358,4,0.005,-0.001,-0.001,5,-10.283,-48.21,26.578
1702.05691,3,3.932,8.831,-0.36,4,0.005,-0.001,0,5,-11.819,-48.494,27.625
1702.11294,3,3.935,8.833,-0.354,4,0.004,-0.001,0.001,5,-11.075,-49.854,27.356
1702.16894,3,3.938,8.841,-0.359,4,0.003,-0.002,0.002,,,,
1702.22674,3,3.947,8.848,-0.357,4,0.002,-0.002,0.003,5,-11.842,-50.661,27.649
1702.28332,3,3.955,8.849,-0.364,4,0.001,-0.002,0.004,5,-10.674,-48.276,27.594
1702.34011,3,3.958,8.856,-0.365,4,0,-0.002,0.005,,,,
1702.39672,3,3.967,8.859,-0.358,4,-0.001,-0.002,0.006,5,-9.987,-48.244,25.514
1702.45339,3,3.974,8.868,-0.357,4,-0.002,-0.002,0.007,5,-10.011,-49.706,26.176
1702.51,3,3.988,8.867,-0.357,4,-0.003,-0.002,0.007,5,-10.402,-49.135,27.48
1702.56594,3,3.994,8.865,-0.349,4,-0.003,-0.002,0.008,,,,
1702.62136,3,4.013,8.876,-0.349,4,-0.003,-0.001,0.008,5,-10.67,-49.101,26.367
1702.67861,3,4.022,8.873,-0.341,4,-0.004,-0.001,0.008,5,-8.591,-49.081,24.892
1702.73638,3,4.032,8.872,-0.333,4,-0.004,-0.001,0.008,,,,
1702.79287,3,4.045,8.875,-0.337,4,-0.004,-0.001,0.008,5,-10.008,-49.68,25.934
1702.84982,3,4.053,8.873,-0.325,4,-0.004,-0.001,0.008,5,-9.07,-49.989,25.273
1702.90646,3,4.067,8.869,-0.319,4,-0.004,-0.001,0.007,5,-8.896,-50.16,26.407
1702.96313,3,4.062,8.865,-0.323,4,-0.003,-0.001,0.007,,,,
1703.01965,3,4.069,8.855,-0.315,4,-0.003,-0.001,0.006,5,-10.727,-48.094,26.869
1703.07565,3,4.073,8.849,-0.313,4,-0.003,-0.001,0.005,5,-10.419,-48.239,27.028
1703.13168,3,4.073,8.853,-0.316,4,-0.003,-0.002,0.005,5,-10.667,-49.02,26.482
1703.1889,3,4.069,8.85,-0.316,4,-0.003,-0.002,0.003,5,-11.137,-48.894,26.712
1703.24493,3,4.073,8.851,-0.313,4,-0.001,-0.002,0.002,5,-10.321,-49.408,27.118
1703.30282,3,4.068,8.849,-0.307,4,-0.001,-0.003,0.002,5,-10.82,-48.38,26.134
1703.35943,3,4.071,8.848,-0.309,4,-0.001,-0.003,0.001,,,,
1703.41546,3,4.066,8.849,-0.304,4,0,-0.004,-0.001,5,-10.461,-50.192,26.833
1703.47143,3,4.058,8.845,-0.308,4,0,-0.004,-0.001,5,-9.792,-50.449,26.262
1703.52929,3,4.057,8.843,-0.312,4,0.001,-0.005,-0.002,5,-10.455,-50.612,25.262
1703.5859,3,4.055,8.834,-0.323,4,0.003,-0.005,-0.003,5,-10.399,-47.957,26.288
1703.64211,3,4.048,8.835,-0.323,4,0.003,-0.006,-0.003,5,-11.037,-49.088,26.721
1703.69769,3,4.045,8.834,-0.325,4,0.003,-0.005,-0.004,5,-10.602,-49.554,27.127
1703.75457,3,4.027,8.83,-0.333,4,0.004,-0.006,-0.004,,,,
1703.81249,3,3.999,8.831,-0.337,4,0.003,-0.006,-0.005,5,-10.463,-50.645,26.814
1703.86858,3,3.995,8.832,-0.341,4,0.004,-0.006,-0.005,5,-10.532,-50.557,26.83
1703.92437,3,3.974,8.834,-0.351,4,0.004,-0.006,-0.005,5,-8.96,-51.244,26.401
1703.98217,3,3.971,8.829,-0.357,4,0.004,-0.005,-0.006,5,-9.386,-50.023,24.539
1704.039,3,3.97,8.83,-0.358,4,0.003,-0.004,-0.006,5,-9.184,-50.002,24.982
1704.09564,3,3.97,8.83,-0.355,4,0.002,-0.004,-0.005,5,-9.264,-50.555,25.232
1704.15231,3,3.967,8.831,-0.353,4,0.001,-0.003,-0.005,,,,
1704.20892,3,3.951,8.833,-0.364,4,0.001,-0.002,-0.005,5,-9.317,-50.493,26.425
1704.26486,3,3.949,8.839,-0.361,4,0.001,-0.001,-0.005,5,-10.168,-49.797,26.601
1704.32025,3,3.943,8.841,-0.362,4,0,0,-0.004,5,-11.122,-49.525,27.135
1704.37747,3,3.945,8.838,-0.365,4,0,0.001,-0.004,5,-10.229,-48.694,27.502
1704.43533,3,3.947,8.845,-0.35,4,-0.001,0.002,-0.004,5,-11.035,-49.796,27.316
1704.49203,3,3.944,8.846,-0.352,4,-0.001,0.003,-0.003,5,-10.854,-49.457,26.279
1704.54861,3,3.949,8.856,-0.35,4,-0.002,0.004,-0.003,,,,
1704.60531,3,3.955,8.861,-0.328,4,-0.002,0.005,-0.003,5,-9.843,-50.958,26.16
1704.66189,3,3.96,8.869,-0.339,4,-0.003,0.006,-0.002,5,-10.3,-48.589,27.002
1704.71865,3,3.974,8.876,-0.318,4,-0.002,0.006,-0.002,5,-9.013,-49.106,27.769
1704.77474,3,3.996,8.878,-0.317,4,-0.002,0.007,-0.002,,,,
1704.82992,3,4.009,8.889,-0.314,4,-0.001,0.007,-0.002,5,-10.4,-49.203,26.685
1704.88717,3,4.022,8.89,-0.302,4,-0.001,0.007,-0.002,5,-10.876,-49.286,25.893
1704.94509,3,4.03,8.897,-0.304,4,0,0.007,-0.002,,,,
1705.00176,3,4.033,8.903,-0.299,4,0.001,0.007,-0.002,5,-10.985,-48.578,26.886
1705.05767,3,4.036,8.899,-0.298,4,0.002,0.006,-0.002,5,-10.519,-49.435,26.248
1705.11306,3,4.033,8.903,-0.298,4,0.003,0.006,-0.002,5,-10.033,-49.171,26.237
1705.1697,3,4.026,8.9,-0.303,4,0.004,0.005,-0.002,,,,
1705.22631,3,4.014,8.893,-0.313,4,0.005,0.005,-0.002,5,-9.497,-50.18,26.715
1705.28353,3,4.01,8.887,-0.312,4,0.006,0.004,-0.002,5,-9.557,-50.084,26.346
1705.34142,3,4.003,8.876,-0.319,4,0.006,0.004,-0.002,,,,
1705.39806,3,3.994,8.866,-0.33,4,0.007,0.004,-0.002,5,-9.422,-50.548,25.635
1705.45474,3,3.99,8.851,-0.333,4,0.007,0.004,-0.002,5,-9.232,-49.945,25.58
1705.51074,3,3.988,8.846,-0.343,4,0.008,0.004,-0.002,5,-10.919,-50.493,27.219
1705.56606,3,3.986,8.833,-0.349,4,0.007,0.004,-0.001,,,,
1705.6227,3,3.982,8.821,-0.353,4,0.006,0.004,-0.001,5,-9.892,-49.249,27.357
1705.67931,3,3.986,8.816,-0.354,4,0.007,0.004,-0.001,5,-11.662,-48.753,27.544
1705.73663,3,3.986,8.81,-0.351,4,0.006,0.004,-0.001,,,,
1705.79452,3,3.982,8.813,-0.346,4,0.005,0.005,0,5,-10.423,-49.242,27.118
1705.85116,3,3.986,8.815,-0.354,4,0.004,0.005,0,5,-10.098,-48.712,27.164
1705.90789,3,3.998,8.81,-0.349,4,0.004,0.005,0,5,-9.795,-49.275,26.125
1705.96386,3,3.993,8.825,-0.33,4,0.003,0.005,0,,,,
1706.01913,3,4.003,8.825,-0.348,4,0.003,0.005,0,5,-10.51,-48.453,27.739
1706.07577,3,4.007,8.836,-0.338,4,0.002,0.005,0.001,5,-10.822,-49.96,25.873
1706.13302,3,4.018,8.845,-0.329,4,0.001,0.005,0.001,,,,
1706.19088,3,4.03,8.851,-0.328,4,0.002,0.005,0.002,5,-10.883,-49.036,27.058
1706.24758,3,4.038,8.861,-0.326,4,0.001,0.004,0.001,5,-10.481,-48.576,26.218
1706.30444,3,4.049,8.867,-0.314,4,0.002,0.004,0.002,5,-10.056,-48.701,27.383
1706.36108,3,4.057,8.866,-0.326,4,0.003,0.003,0.002,,,,
1706.41757,3,4.057,8.869,-0.31,4,0.003,0.003,0.001,5,-11.543,-49.849,26.929
1706.47353,3,4.058,8.869,-0.311,4,0.002,0.002,0.001,5,-10.429,-48.781,27.013
1706.52947,3,4.058,8.873,-0.327,4,0.003,0.002,0.001,5,-9.116,-48.256,26.666
1706.58749,3,4.048,8.87,-0.313,4,0.004,0.001,0.001,5,-10.78,-48.999,27.205
1706.6441,3,4.037,8.868,-0.329,4,0.004,0.001,0.001,5,-10.402,-49.489,26.77
1706.70071,3,4.026,8.866,-0.329,4,0.005,0.001,0.001,5,-10.869,-50.092,26.967
1706.75744,3,4.027,8.861,-0.309,4,0.005,0,0,,,,
1706.81335,3,4.008,8.865,-0.337,4,0.005,0,0.001,5,-10.353,-49.194,26.582
1706.8692,3,4.005,8.853,-0.341,4,0.005,0.001,0.001,5,-10.785,-48.148,27.42
1706.92648,3,4.002,8.843,-0.33,4,0.006,0.001,0.002,5,-9.929,-48.84,27.808
1706.98205,3,3.998,8.84,-0.356,4,0.005,0.001,0.001,5,-10.651,-49.371,27.47
1707.03957,3,4.014,8.833,-0.353,4,0.005,0.002,0.002,5,-10.867,-49.893,26.36
1707.0964,3,4.003,8.83,-0.355,4,0.004,0.002,0.002,5,-10.483,-48.315,25.945
1707.1524,3,4.02,8.822,-0.353,4,0.004,0.002,0.003,,,,
1707.21035,3,4.011,8.819,-0.357,4,0.004,0.002,0.003,5,-10.519,-48.828,27.747
1707.26632,3,4.037,8.807,-0.357,4,0.003,0.002,0.003,5,-10.692,-48.422,27.861
1707.32159,3,4.032,8.806,-0.366,4,0.002,0.002,0.004,5,-11.989,-46.956,27.878
1707.37887,3,4.037,8.798,-0.357,4,0.002,0.002,0.003,5,-11.386,-47.859,27.93
1707.43688,3,4.034,8.791,-0.362,4,0.001,0.003,0.004,5,-10.548,-49.323,27.562
1707.49355,3,4.033,8.79,-0.36,4,0,0.003,0.003,5,-12.332,-47.98,27.025
1707.55016,3,4.037,8.793,-0.352,4,0,0.003,0.003,,,,
1707.60674,3,4.036,8.789,-0.346,4,-0.002,0.003,0.003,5,-11.572,-49.518,27.534
1707.66268,3,4.045,8.793,-0.336,4,-0.003,0.003,0.003,5,-11.066,-48.698,26.93
1707.71801,3,4.037,8.786,-0.341,4,-0.003,0.003,0.002,5,-11.275,-48.705,26.744
1707.77477,3,4.05,8.791,-0.331,4,-0.002,0.003,0.002,,,,
1707.83163,3,4.054,8.8,-0.317,4,-0.003,0.003,0.002,5,-11.801,-49.304,25.72
1707.8887,3,4.06,8.806,-0.333,4,-0.003,0.003,0.002,5,-11.516,-48.898,27.089
1707.9464,3,4.049,8.811,-0.329,4,-0.003,0.003,0.002,,,,
1708.00308,3,4.074,8.822,-0.322,4,-0.003,0.002,0.001,5,-11.421,-49.152,28.152
1708.05969,3,4.067,8.837,-0.314,4,-0.002,0.002,0.001,5,-11.086,-49.73,27.17
1708.11566,3,4.063,8.856,-0.311,4,-0.002,0.002,0,5,-11.069,-49.251,26.765
1708.17104,3,4.061,8.861,-0.316,4,-0.001,0.002,0,,,,
1708.22769,3,4.077,8.873,-0.319,4,0,0.002,0,5,-11.27,-49.512,26.781
1708.28494,3,4.077,8.88,-0.315,4,0.001,0.002,0,5,-11.899,-48.134,26.505
1708.3428,3,4.066,8.88,-0.323,4,0.002,0.002,0,,,,
1708.39941,3,4.083,8.881,-0.335,4,0.002,0.002,-0.001,5,-11.44,-50.136,27.048
1708.45608,3,4.073,8.897,-0.321,4,0.004,0.001,-0.001,5,-11.179,-49.193,26.537
1708.51208,3,4.078,8.893,-0.33,4,0.003,0.001,-0.002,5,-9.966,-49.498,26.137
1708.56805,3,4.069,8.891,-0.332,4,0.004,0.001,-0.001,,,,
1708.62527,3,4.066,8.893,-0.33,4,0.005,0.001,-0.002,5,-9.569,-49.709,25.458
1708.68112,3,4.064,8.883,-0.335,4,0.005,0.001,-0.002,5,-10.764,-49.789,24.635
1708.73873,3,4.056,8.879,-0.337,4,0.005,0.001,-0.002,,,,
1708.79577,3,4.049,8.86,-0.346,4,0.006,0.001,-0.001,5,-10.345,-50.468,25.932
1708.85241,3,4.043,8.857,-0.345,4,0.006,0.001,-0.002,5,-9.979,-49.834,25.703
1708.90908,3,4.041,8.848,-0.336,4,0.006,0.001,-0.001,5,-11.205,-49.072,26.367
1708.96584,3,4.025,8.826,-0.351,4,0.006,0.001,-0.002,,,,
1709.02273,3,4.026,8.82,-0.345,4,0.006,0.002,-0.001,5,-12.172,-49.554,26.75
1709.07958,3,4.023,8.81,-0.347,4,0.005,0.002,-0.001,5,-10.355,-48.37,27.165
1709.13574,3,4.045,8.792,-0.348,4,0.005,0.003,-0.001,,,,
1709.19241,3,4.025,8.78,-0.348,4,0.005,0.003,-0.001,5,-10.466,-49.399,27.495
1709.24835,3,4.039,8.771,-0.343,4,0.005,0.004,-0.001,5,-11.401,-48.669,26.451
1709.30428,3,4.034,8.771,-0.345,4,0.004,0.004,-0.001,5,-11.951,-47.798,27.075
1709.3616,3,4.039,8.767,-0.341,4,0.003,0.004,-0.002,,,,
1709.41757,3,4.053,8.763,-0.343,4,0.003,0.004,-0.002,5,-11.255,-48.973,27.419
1709.4753,3,4.052,8.776,-0.343,4,0.002,0.005,-0.002,5,-11.345,-48.903,27.455
1709.53164,3,4.052,8.778,-0.331,4,0.002,0.005,-0.002,5,-10.67,-47.572,27.898
1709.58889,3,4.055,8.789,-0.337,4,0.002,0.006,-0.003,5,-11.156,-48.711,26.201
1709.6455,3,4.073,8.8,-0.337,4,0.002,0.006,-0.003,5,-11.621,-49.5,27.515
1709.7015,3,4.078,8.814,-0.329,4,0.002,0.006,-0.004,5,-11.519,-48.499,27.762
1709.75753,3,4.082,8.822,-0.317,4,0.001,0.006,-0.004,,,,
1709.8153,3,4.085,8.834,-0.325,4,0.001,0.006,-0.005,5,-12.453,-49.673,26.257
1709.87127,3,4.089,8.838,-0.321,4,0.002,0.006,-0.005,5,-12.578,-48.566,27.156
1709.92721,3,4.094,8.848,-0.315,4,0.002,0.006,-0.006,5,-10.776,-47.678,27.153
1709.98519,3,4.098,8.845,-0.313,4,0.002,0.005,-0.006,5,-11.005,-48.511,26.962
1710.04183,3,4.095,8.849,-0.321,4,0.003,0.005,-0.006,5,-12.43,-48.631,28.352
1710.09844,3,4.1,8.849,-0.316,4,0.002,0.004,-0.006,5,-11.743,-48.018,27.022
1710.15496,3,4.101,8.844,-0.311,4,0.003,0.004,-0.006,,,,
1710.21078,3,4.1,8.843,-0.313,4,0.003,0.003,-0.006,5,-11.893,-49.948,27.6
1710.26635,3,4.102,8.841,-0.315,4,0.003,0.002,-0.006,5,-11.871,-49.429,26.607
1710.32296,3,4.077,8.845,-0.315,4,0.003,0,-0.006,5,-10.909,-49.451,26.038
1710.38024,3,4.08,8.846,-0.313,4,0.003,-0.001,-0.005,5,-11.545,-48.642,26.746
1710.43823,3,4.05,8.85,-0.314,4,0.002,-0.003,-0.005,5,-11.583,-49.049,26.768
1710.4942,3,4.025,8.857,-0.316,4,0.002,-0.004,-0.004,5,-10.95,-48.706,27.527
1710.55016,3,3.999,8.861,-0.318,4,0.002,-0.004,-0.003,,,,
1710.60809,3,3.973,8.86,-0.325,4,0.002,-0.005,-0.002,5,-11.859,-48.982,27.783
1710.66396,3,3.958,8.86,-0.329,4,0.002,-0.005,0,5,-11.499,-48.679,27.179
1710.71935,3,3.94,8.856,-0.329,4,0.002,-0.005,0.001,5,-11.497,-47.632,26.758
1710.77624,3,3.935,8.856,-0.336,4,0.002,-0.004,0.003,5,-11.206,-48.625,27.377
1710.83373,3,3.935,8.85,-0.335,4,0.002,-0.003,0.004,5,-11.736,-48.239,27.426
1710.89111,3,3.939,8.847,-0.333,4,0.002,-0.002,0.005,5,-11.006,-49.91,25.929
1710.94793,3,3.948,8.84,-0.331,4,0.001,-0.001,0.006,,,,
1711.00454,3,3.96,8.839,-0.331,4,0.002,0,0.007,5,-10.837,-50.392,27.188
1711.06047,3,3.977,8.83,-0.329,4,0.002,0.001,0.008,5,-11.441,-48.962,27.127
1711.11574,3,4.001,8.824,-0.329,4,0.003,0.002,0.008,5,-9.879,-49.052,26.041
1711.17241,3,4.02,8.817,-0.326,4,0.002,0.003,0.009,,,,
1711.22963,3,4.036,8.814,-0.327,4,0.002,0.004,0.009,5,-10.851,-49.814,26.759
1711.28746,3,4.061,8.805,-0.333,4,0.002,0.004,0.01,5,-12.015,-49.249,27.693
1711.34417,3,4.077,8.799,-0.334,4,0.001,0.004,0.01,,,,
1711.40087,3,4.098,8.796,-0.328,4,0.001,0.004,0.009,5,-11.327,-48.602,27.417
1711.45739,3,4.12,8.785,-0.332,4,0.002,0.004,0.009,5,-12.025,-48.643,27.397
1711.51339,3,4.132,8.79,-0.333,4,0.001,0.003,0.008,5,-11.398,-48.677,26.465
1711.56881,3,4.146,8.786,-0.335,4,0.001,0.003,0.007,,,,
1711.62542,3,4.158,8.79,-0.331,4,0.001,0.002,0.007,5,-12.315,-49.002,26.004
1711.68264,3,4.17,8.792,-0.332,4,0.001,0.001,0.006,5,-10.957,-49.303,25.357
1711.74056,3,4.175,8.799,-0.328,4,0,0.001,0.005,,,,
1711.79735,3,4.179,8.802,-0.329,4,0.001,0,0.004,5,-10.712,-49.355,26.041
1711.85384,3,4.192,8.806,-0.328,4,-0.001,-0.001,0.003,5,-10.42,-49.036,26.613
1711.91036,3,4.189,8.818,-0.325,4,-0.001,-0.002,0.002,5,-11.348,-49.562,25.194
1711.96709,3,4.192,8.822,-0.318,4,-0.001,-0.002,0.001,,,,
1712.02312,3,4.197,8.829,-0.321,4,-0.001,-0.004,-0.001,5,-11.691,-49.324,26.945
1712.07912,3,4.196,8.828,-0.323,4,0,-0.005,-0.002,5,-11.908,-49.568,25.896
1712.13707,3,4.183,8.828,-0.31,4,0,-0.005,-0.003,,,,
1712.19387,3,4.171,8.831,-0.325,4,0,-0.006,-0.005,5,-12.488,-49.002,26.355
1712.25063,3,4.153,8.83,-0.317,4,0.001,-0.007,-0.006,5,-12.285,-49.243,26.559
1712.30706,3,4.131,8.828,-0.315,4,0.001,-0.007,-0.007,5,-12.447,-49.075,27.489
1712.36345,3,4.094,8.834,-0.326,4,0.001,-0.007,-0.008,,,,
1712.42009,3,4.076,8.831,-0.317,4,0.002,-0.007,-0.01,5,-11.229,-48.14,26.273
1712.47643,3,4.057,8.829,-0.335,4,0.003,-0.007,-0.01,5,-11.778,-48.302,26.378
1712.53331,3,4.025,8.825,-0.342,4,0.003,-0.006,-0.011,,,,
1712.59014,3,3.99,8.833,-0.333,4,0.003,-0.006,-0.012,5,-11.755,-48.314,27.396
1712.64656,3,3.967,8.826,-0.341,4,0.004,-0.004,-0.012,5,-12.317,-48.351,27.957
1712.70324,3,3.945,8.819,-0.349,4,0.005,-0.003,-0.012,5,-11.679,-48.689,26.921
1712.75927,3,3.929,8.817,-0.351,4,0.004,-0.001,-0.012,,,,
1712.81533,3,3.924,8.812,-0.36,4,0.005,0.001,-0.011,5,-11.826,-48.196,27.614
1712.87264,3,3.927,8.804,-0.363,4,0.004,0.003,-0.01,5,-11.658,-48.064,27.58
1712.92852,3,3.923,8.81,-0.356,4,0.004,0.004,-0.01,5,-10.876,-49.358,26.088
1712.98626,3,3.935,8.808,-0.364,4,0.003,0.006,-0.009,5,-10.744,-49.461,26.994
1713.0428,3,3.956,8.809,-0.36,4,0.003,0.008,-0.008,5,-10.431,-49.767,28.209
1713.09978,3,3.976,8.814,-0.352,4,0.003,0.009,-0.008,5,-11.308,-48.331,26.488
1713.15636,3,3.99,8.816,-0.351,4,0.002,0.011,-0.007,,,,
1713.21303,3,4.006,8.819,-0.342,4,0.001,0.011,-0.007,5,-11.665,-49.229,26.649
1713.26955,3,4.019,8.833,-0.339,4,0.001,0.011,-0.006,5,-11.784,-49.2,26.294
1713.32552,3,4.023,8.845,-0.326,4,0,0.011,-0.005,5,-11.116,-50.136,26.968
1713.38167,3,4.032,8.853,-0.327,4,-0.001,0.011,-0.005,5,-11.745,-49.24,26.466
1713.43911,3,4.049,8.86,-0.316,4,0,0.011,-0.004,5,-10.794,-49.628,27.367
1713.49492,3,4.061,8.863,-0.309,4,-0.001,0.01,-0.002,5,-12.286,-48.067,26.479
1713.55297,3,4.069,8.865,-0.298,4,-0.001,0.009,-0.001,,,,
1713.60888,3,4.077,8.869,-0.3,4,-0.001,0.007,0,5,-11.133,-48.726,27.133
1713.66478,3,4.085,8.868,-0.298,4,0,0.006,0.001,5,-11.371,-48.778,26.799
1713.72206,3,4.094,8.863,-0.296,4,0,0.004,0.002,5,-12.349,-49.037,26.154
1713.77794,3,4.095,8.869,-0.303,4,0.001,0.003,0.003,5,-11.623,-47.993,27.541
1713.83586,3,4.096,8.861,-0.304,4,0.001,0.001,0.003,5,-10.448,-48.839,27.46
1713.89196,3,4.104,8.856,-0.313,4,0.002,0,0.004,5,-11.919,-49.594,27.606
1713.94783,3,4.104,8.854,-0.319,4,0.003,-0.003,0.004,,,,
1714.00579,3,4.107,8.851,-0.318,4,0.003,-0.003,0.005,5,-11.145,-48.3,26.9
1714.06191,3,4.112,8.849,-0.321,4,0.003,-0.005,0.005,5,-11.888,-48.154,26.631
1714.11711,3,4.112,8.846,-0.325,4,0.003,-0.005,0.004,5,-10.818,-49.08,26.007
1714.17372,3,4.103,8.838,-0.329,4,0.004,-0.006,0.005,5,-10.304,-49.8,26.447
1714.23079,3,4.108,8.829,-0.331,4,0.003,-0.007,0.004,5,-12.013,-48.389,27.037
1714.28844,3,4.101,8.822,-0.335,4,0.004,-0.008,0.004,5,-11.52,-48.146,29.091
1714.34542,3,4.091,8.814,-0.343,4,0.004,-0.008,0.003,,,,
1714.40194,3,4.081,8.811,-0.343,4,0.004,-0.009,0.003,5,-11.421,-48.712,27.005
1714.45879,3,4.073,8.804,-0.346,4,0.003,-0.009,0.003,5,-11.021,-48.978,27.374
1714.51479,3,4.076,8.799,-0.352,4,0.003,-0.01,0.002,5,-9.189,-49.068,26.033
1714.5707,3,4.063,8.794,-0.356,4,0.003,-0.01,0.002,,,,
1714.62856,3,4.053,8.792,-0.363,4,0.002,-0.01,0.002,5,-10.516,-49.852,25.9
1714.68532,3,4.053,8.79,-0.368,4,0.002,-0.009,0.002,5,-9.906,-50.002,24.716
1714.74193,3,4.048,8.787,-0.366,4,0.001,-0.01,0.002,,,,
1714.7986,3,4.049,8.777,-0.38,4,0.001,-0.009,0.002,5,-9.944,-49.428,25.191
1714.85524,3,4.043,8.774,-0.369,4,0,-0.008,0.001,5,-11.844,-48.708,26.167
1714.91121,3,4.047,8.77,-0.37,4,-0.002,-0.008,0.001,5,-11.444,-49.553,26.862
1714.96657,3,4.047,8.766,-0.376,4,-0.003,-0.008,0.001,,,,
1715.02318,3,4.047,8.762,-0.37,4,-0.004,-0.007,0,5,-10.703,-48.88,26.653
1715.07988,3,4.048,8.767,-0.37,4,-0.006,-0.007,0,5,-12.093,-48.911,27.303
1715.13729,3,4.053,8.764,-0.365,4,-0.007,-0.006,0,,,,
1715.19503,3,4.052,8.774,-0.36,4,-0.007,-0.006,0,5,-10.432,-48.471,26.175
1715.2517,3,4.066,8.777,-0.36,4,-0.008,-0.005,-0.001,5,-11.026,-48.972,27.454
1715.30782,3,4.069,8.788,-0.343,4,-0.009,-0.005,-0.001,5,-11.807,-49.152,26.039
1715.36296,3,4.074,8.8,-0.337,4,-0.009,-0.006,-0.001,,,,
1715.41957,3,4.084,8.811,-0.332,4,-0.009,-0.005,-0.002,5,-11.488,-49.396,26.321
1715.47689,3,4.1,8.822,-0.321,4,-0.009,-0.006,-0.002,5,-11.815,-48.886,27.728
1715.53484,3,4.109,8.842,-0.312,4,-0.009,-0.006,-0.003,,,,
1715.59154,3,4.112,8.85,-0.303,4,-0.009,-0.007,-0.003,5,-11.717,-48.613,26.576
1715.64821,3,4.105,8.862,-0.295,4,-0.008,-0.007,-0.003,5,-11.54,-49.753,26.92
1715.70485,3,4.113,8.881,-0.294,4,-0.007,-0.008,-0.004,5,-11.852,-50.191,28.018
1715.76085,3,4.112,8.881,-0.295,4,-0.006,-0.009,-0.004,,,,
1715.816,3,4.097,8.89,-0.304,4,-0.005,-0.009,-0.005,5,-10.823,-49.092,27.078
1715.87264,3,4.081,8.905,-0.298,4,-0.004,-0.01,-0.005,5,-11.264,-48.434,27.127
1715.92992,3,4.051,8.919,-0.295,4,-0.004,-0.011,-0.005,5,-11.046,-47.838,26.714
1715.98793,3,4.028,8.919,-0.31,4,-0.002,-0.011,-0.005,5,-11.768,-48.718,26.44
1716.04467,3,4.004,8.917,-0.307,4,0,-0.011,-0.006,5,-11.183,-48.891,26.573
1716.10057,3,3.99,8.92,-0.316,4,0.001,-0.01,-0.005,5,-11.304,-47.437,27.133
1716.15648,3,3.969,8.918,-0.324,4,0.002,-0.009,-0.004,,,,
1716.21419,3,3.955,8.912,-0.323,4,0.004,-0.009,-0.004,5,-11.182,-49.913,28.442
1716.26982,3,3.943,8.902,-0.334,4,0.004,-0.007,-0.003,5,-11.664,-49.121,27.394
1716.32634,3,3.935,8.891,-0.342,4,0.006,-0.006,-0.003,5,-10.971,-49.57,26.422
1716.38433,3,3.943,8.878,-0.331,4,0.006,-0.004,-0.002,5,-10.869,-49.126,26.991
1716.441,3,3.945,8.862,-0.338,4,0.006,-0.003,-0.001,5,-9.985,-49.123,27.202
1716.49755,3,3.964,8.851,-0.345,4,0.007,-0.001,0,5,-12.654,-49.043,27.882
1716.55425,3,3.973,8.832,-0.345,4,0.007,0,0,,,,
1716.61095,3,3.979,8.813,-0.354,4,0.007,0.001,0.001,5,-11.145,-49.422,26.761
1716.66683,3,3.983,8.805,-0.348,4,0.007,0.002,0.001,5,-11.102,-49.078,28.181
1716.72206,3,3.997,8.785,-0.35,4,0.006,0.003,0.002,5,-12.675,-48.764,27.187
1716.77898,3,3.994,8.777,-0.362,4,0.006,0.004,0.002,5,-12.181,-49.678,26.825
1716.83663,3,4.006,8.77,-0.358,4,0.006,0.005,0.002,5,-11.893,-48.801,27.081
1716.894,3,4.006,8.763,-0.361,4,0.004,0.005,0.002,5,-11.565,-50.465,27.286
1716.95061,3,4.004,8.763,-0.362,4,0.004,0.005,0.003,,,,
1717.00731,3,4.014,8.763,-0.347,4,0.004,0.006,0.002,5,-10.968,-49.356,27.087
1717.06411,3,4.028,8.767,-0.355,4,0.002,0.006,0.002,5,-10.956,-48.749,26.54
1717.12062,3,4.033,8.779,-0.345,4,0.001,0.007,0.003,5,-12.553,-49.181,26.715
1717.17699,3,4.041,8.786,-0.34,4,0,0.007,0.003,5,-11.491,-48.86,27.005
1717.2329,3,4.058,8.798,-0.347,4,0,0.007,0.003,5,-10.892,-50.148,27.562
1717.28899,3,4.071,8.811,-0.324,4,0,0.007,0.002,5,-10.33,-49.33,25.458
1717.34691,3,4.084,8.823,-0.323,4,-0.001,0.007,0.002,,,,
1717.40352,3,4.089,8.833,-0.326,4,-0.001,0.007,0.002,5,-10.158,-48.958,26.34
1717.46016,3,4.104,8.849,-0.318,4,-0.001,0.012,0.002,5,-10.887,-48.245,27.599
1717.51613,3,4.116,8.857,-0.319,4,0,0.012,0.002,5,-9.863,-48.946,27.158
1717.57152,3,4.12,8.865,-0.313,4,-0.001,0.012,0.001,,,,
1717.62813,3,4.128,8.867,-0.311,4,0,0.011,0,5,-9.787,-49.98,27.281
1717.68538,3,4.128,8.881,-0.313,4,0,0.011,0,5,-11.388,-50.633,26.866
1717.74318,3,4.131,8.881,-0.305,4,0.002,0.01,-0.001,,,,
1717.79967,3,4.132,8.874,-0.312,4,0.002,0.009,-0.002,5,-9.805,-50.764,26.781
1717.85656,3,4.124,8.874,-0.309,4,0.003,0.009,-0.002,5,-9.95,-49.46,26.236
1717.91256,3,4.122,8.869,-0.309,4,0.004,0.008,-0.002,5,-10.454,-49.129,26.982
1717.96852,3,4.11,8.864,-0.319,4,0.004,0.008,-0.003,,,,
1718.02639,3,4.099,8.857,-0.314,4,0.005,0.007,-0.004,5,-10.371,-48.677,26.305
1718.08245,3,4.086,8.842,-0.317,4,0.005,0.007,-0.004,5,-10.762,-49.719,25.526
1718.13878,3,4.069,8.837,-0.329,4,0.006,0.007,-0.004,,,,
1718.19652,3,4.056,8.822,-0.328,4,0.006,0.007,-0.004,5,-10.878,-48.047,26.651
1718.25307,3,4.052,8.811,-0.339,4,0.005,0.006,-0.005,5,-11.421,-49.434,26.956
1718.30959,3,4.045,8.794,-0.347,4,0.005,0.006,-0.005,5,-10.796,-49.73,28.471
1718.36562,3,4.031,8.783,-0.349,4,0.005,0.007,-0.005,,,,
1718.42095,3,4.025,8.783,-0.361,4,0.004,0.007,-0.005,5,-10.667,-48.296,26.962
1718.47817,3,4.024,8.776,-0.372,4,0.004,0.007,-0.005,5,-10.161,-49.413,25.972
1718.53621,3,4.032,8.77,-0.369,4,0.003,0.007,-0.005,,,,
1718.59307,3,4.014,8.778,-0.362,4,0.002,0.008,-0.005,5,-11.084,-49.345,27.098
1718.64949,3,4.024,8.785,-0.366,4,0.001,0.008,-0.005,5,-10.567,-49.521,26.611
1718.70613,3,4.03,8.792,-0.363,4,0.001,0.008,-0.004,5,-10.93,-49.585,27.588
1718.76207,3,4.036,8.816,-0.348,4,0.001,0.009,-0.004,,,,
1718.81737,3,4.025,8.826,-0.341,4,0,0.008,-0.004,5,-10.594,-48.787,26.308
1718.87462,3,4.041,8.83,-0.335,4,0,0.008,-0.004,5,-10.913,-48.988,27.158
1718.93245,3,4.048,8.827,-0.338,4,-0.001,0.009,-0.004,,,,
1718.98909,3,4.031,8.833,-0.298,4,0,0.009,-0.004,5,-11.046,-48.593,27.298
1719.04576,3,4.024,8.84,-0.306,4,0,0.008,-0.004,5,-11.497,-49.899,26.515
1719.10231,3,4.024,8.85,-0.309,4,0,0.009,-0.004,5,-10.196,-50.455,25.958
1719.15898,3,4.046,8.851,-0.301,4,0.001,0.009,-0.004,,,,
1719.21563,3,4.053,8.851,-0.308,4,0.001,0.009,-0.004,5,-11.497,-48.465,26.952
1719.27163,3,4.043,8.867,-0.314,4,0.002,0.009,-0.004,5,-10.815,-49.133,27.451
1719.32766,3,4.045,8.858,-0.304,4,0.002,0.009,-0.004,5,-12.744,-49.344,26.414
1719.38555,3,4.076,8.853,-0.336,4,0.002,0.009,-0.005,5,-10.701,-48.737,27.003
1719.44219,3,4.097,8.857,-0.308,4,0.002,0.009,-0.005,5,-11.626,-49.161,27.005
1719.49816,3,4.106,8.852,-0.386,4,0.003,0.008,-0.006,,,,
1719.55416,3,3.894,8.878,-0.1,4,0.007,0.009,-0.008,5,-11.411,-50.343,27.15
1719.61141,3,4.122,8.839,-0.676,4,0.011,0.012,-0.01,5,-11.363,-48.903,27.203
1719.66744,3,4.272,8.861,-0.35,4,0.003,0.008,0.011,5,-10.437,-48.485,27
1719.72521,3,3.698,8.879,0.035,4,0.012,0.005,0.003,5,-10.321,-49.568,27.147
1719.78167,3,4.389,8.845,-0.671,4,0.008,0.013,-0.003,5,-11.032,-49.538,26.158
1719.83855,3,3.901,8.837,-0.198,4,0.013,0.007,0.002,5,-10.902,-49.04,26.563
1719.89525,3,4.019,8.835,-0.405,4,-0.001,0.006,-0.007,,,,
1719.95128,3,3.265,8.788,-0.339,4,0.018,0.007,-0.002,5,-10.321,-49.265,27.594
1720.00658,3,2.799,8.758,-0.283,4,0.006,0.008,0.035,5,-12.218,-48.582,27.654
1720.06322,3,2.965,8.585,-0.217,4,0.016,0.003,0.215,5,-13.441,-48.628,27.448
1720.11983,3,3.816,8.383,-0.473,4,0.035,0.011,0.417,,,,
1720.17705,3,4.92,8.189,-0.242,4,0.045,0.007,0.623,5,-15.939,-46.123,28.659
1720.23494,3,5.425,8.001,-0.551,4,0.044,0.008,0.679,5,-17.462,-45.58,28.558
1720.29171,3,5.851,7.844,-0.412,4,0.053,0.01,0.658,,,,
1720.34841,3,6.268,7.7,-0.533,4,0.042,0.008,0.626,5,-19.881,-44.072,28.375
1720.40471,3,6.648,7.568,-0.449,4,0.041,0.008,0.544,5,-20.314,-43.279,29.024
1720.46041,3,6.417,7.462,-0.55,4,0.032,0.008,0.449,5,-21.297,-42.244,27.913
1720.51622,3,6.339,7.348,-0.439,4,0.027,0.008,0.352,,,,
1720.57354,3,6.723,7.263,-0.51,4,0.018,0.007,0.318,5,-23.326,-41.364,26.46
1720.63085,3,6.709,7.189,-0.477,4,0.023,0.007,0.289,5,-22.919,-40.948,27.054
1720.68676,3,6.623,7.111,-0.503,4,0.018,0.008,0.241,,,,
1720.74468,3,6.534,7.026,-0.456,4,0.018,0.008,0.21,5,-23.505,-39.011,26.028
1720.80132,3,6.999,6.961,-0.487,4,0.018,0.008,0.218,5,-23.599,-39.575,26.988
1720.85796,3,7.303,6.905,-0.545,4,0.018,0.007,0.229,5,-25.395,-38.86,26.215
1720.91399,3,7.296,6.869,-0.499,4,0.02,0.009,0.173,,,,
1720.96927,3,7.202,6.847,-0.571,4,0.013,0.007,0.104,5,-23.978,-37.808,28.387
1721.02646,3,6.996,6.824,-0.473,4,0.013,0.008,0.044,5,-26.367,-37.764,29.501
1721.08426,3,6.859,6.801,-0.529,4,0.004,0.006,0.011,,,,
1721.14109,3,6.947,6.784,-0.563,4,0.008,0.007,0.011,5,-27.113,-37.921,29.742
1721.1977,3,6.804,6.761,-0.515,4,-0.006,0.003,0.019,5,-26.016,-37.756,29.523
1721.25434,3,6.68,6.734,-0.509,4,-0.007,0.002,0.029,5,-25.375,-37.486,29.453
1721.31034,3,6.525,6.673,-0.399,4,-0.007,0.001,0.059,,,,
1721.36567,3,6.692,6.579,-0.538,4,0.001,0.003,0.122,5,-26.108,-37.874,28.995
1721.42234,3,6.926,6.497,-0.502,4,0.015,0.007,0.195,5,-26.695,-36.374,28.323
1721.47962,3,7.336,6.36,-0.534,4,0.017,0.007,0.251,,,,
1721.53754,3,7.596,6.273,-0.536,4,0.022,0.008,0.272,5,-28.091,-35.28,27.698
1721.59418,3,7.616,6.186,-0.581,4,0.017,0.007,0.248,5,-27.246,-35.083,29.091
1721.65101,3,7.754,6.106,-0.482,4,0.012,0.006,0.213,5,-29.52,-34.578,28.709
1721.7078,3,7.744,6.044,-0.601,4,0.009,0.006,0.18,,,,
1721.76358,3,7.859,6.003,-0.469,4,0.009,0.005,0.142,5,-28.423,-34.972,29.443
1721.81873,3,7.779,5.962,-0.558,4,0.004,0.004,0.104,5,-28.761,-34.155,29.007
1721.87601,3,7.848,5.939,-0.582,4,0.004,0.004,0.07,5,-28.78,-33.246,28.293
1721.93396,3,7.695,5.932,-0.469,4,0,0.003,0.043,5,-30.759,-32.709,28.697
1721.99064,3,7.685,5.922,-0.507,4,-0.006,0.002,0.018,5,-30.077,-32.977,28.035
1722.04728,3,7.607,5.91,-0.54,4,-0.001,0.003,0.016,5,-30.028,-32.437,28.418
1722.10392,3,7.628,5.903,-0.501,4,-0.001,0.002,0.021,,,,
1722.16056,3,7.763,5.89,-0.529,4,-0.003,0.001,0.034,5,-29.002,-33.482,28.577
1722.2165,3,7.743,5.88,-0.559,4,0.007,0.003,0.039,5,-30.338,-32.306,28.802
1722.27176,3,7.741,5.876,-0.514,4,0,0.002,0.031,5,-30.162,-32.967,28.11
1722.32914,3,7.802,5.862,-0.494,4,-0.005,0,0.033,5,-31.067,-32.846,28.566
1722.38715,3,7.739,5.852,-0.607,4,0.001,0.002,0.026,5,-30.162,-33.16,28.893
1722.44373,3,7.815,5.844,-0.521,4,0.005,0.003,0.02,5,-30.261,-32.683,29.14
1722.50031,3,7.715,5.847,-0.518,4,-0.008,-0.001,0.019,,,,
1722.55689,3,7.712,5.83,-0.54,4,-0.004,0,0.014,5,-30.119,-32.695,27.689
1722.61359,3,7.663,5.821,-0.518,4,0.001,0.002,0.02,5,-29.44,-32.893,28.387
1722.66953,3,7.58,5.805,-0.559,4,0.003,0.003,0.024,5,-30.804,-31.59,29.594
1722.7255,3,7.664,5.77,-0.526,4,-0.001,0.001,0.048,5,-30.286,-32.22,28.142
1722.78348,3,7.73,5.74,-0.568,4,0.006,0.003,0.068,5,-30.569,-31.778,28.502
1722.84012,3,7.884,5.703,-0.558,4,0.003,0.003,0.087,5,-30.29,-32.109,28.02
1722.89603,3,8.175,5.672,-0.607,4,0.003,0.003,0.089,,,,
1722.95197,3,8.046,5.653,-0.519,4,-0.001,0.002,0.065,5,-30.284,-32.202,29.527
1723.00995,3,7.877,5.655,-0.515,4,-0.009,0.002,-0.002,5,-30.922,-31.836,28.065
1723.06653,3,7.855,5.66,-0.574,4,-0.008,0.001,-0.003,5,-31.49,-31.58,29.137
1723.1225,3,7.835,5.649,-0.566,4,-0.004,0.003,-0.009,,,,
1723.17856,3,7.883,5.641,-0.5,4,-0.008,0.003,-0.006,5,-30.92,-31.738,29.625
1723.23664,3,7.873,5.633,-0.522,4,-0.011,0.001,-0.004,5,-31.587,-31.787,28.79
1723.29334,3,7.872,5.642,-0.554,4,-0.007,0.002,-0.003,,,,
1723.35001,3,7.872,5.647,-0.497,4,-0.006,0.003,-0.002,5,-30.592,-32.198,29.326
1723.40656,3,7.884,5.642,-0.51,4,-0.006,0.003,-0.003,5,-30.318,-31.754,29.265
1723.46277,3,7.894,5.642,-0.573,4,-0.005,0.002,-0.003,5,-30.135,-32.025,28.838
1723.51883,3,7.884,5.645,-0.48,4,-0.005,0.001,-0.003,,,,
1723.57447,3,7.88,5.653,-0.526,4,-0.006,0.002,-0.003,5,-31.01,-32.027,27.986
1723.63199,3,7.866,5.657,-0.551,4,-0.005,0,-0.003,5,-30.035,-33,26.486
1723.6893,3,7.872,5.653,-0.496,4,-0.005,0,-0.003,,,,
1723.74591,3,7.86,5.665,-0.521,4,-0.006,0,-0.004,5,-30.194,-33.899,28.368
1723.80274,3,7.86,5.669,-0.549,4,-0.005,0,-0.004,5,-30.125,-31.83,27.673
1723.85941,3,7.848,5.679,-0.514,4,-0.005,-0.001,-0.004,5,-30.589,-32.68,29.681
1723.9159,3,7.844,5.685,-0.517,4,-0.005,0,-0.004,,,,
1723.97178,3,7.836,5.695,-0.56,4,-0.004,0,-0.004,5,-30.388,-33.496,27.823
1724.02729,3,7.847,5.688,-0.522,4,-0.004,0,-0.004,5,-30.214,-31.599,30.28
1724.08497,3,7.84,5.698,-0.517,4,-0.005,0,-0.003,,,,
1724.1427,3,7.837,5.696,-0.562,4,-0.004,0.001,-0.003,5,-31.436,-31.078,27.727
1724.19809,3,7.847,5.691,-0.54,4,-0.004,0.002,-0.003,5,-30.734,-31.767,29.489
1724.25611,3,7.831,5.701,-0.53,4,-0.005,0.001,-0.002,5,-31.392,-32.698,29.477
1724.31238,3,7.845,5.689,-0.568,4,-0.005,0.002,-0.002,,,,
1724.36835,3,7.844,5.688,-0.538,4,-0.004,0.002,-0.001,5,-30.412,-31.915,30.74
1724.42402,3,7.844,5.697,-0.535,4,-0.005,0.002,-0.001,5,-30.765,-31.418,28.511
1724.48163,3,7.844,5.695,-0.556,4,-0.005,0.003,0,,,,
1724.53894,3,7.847,5.692,-0.541,4,-0.005,0.003,0,5,-30.295,-31.781,29.881
1724.59565,3,7.848,5.697,-0.523,4,-0.006,0.003,0.001,5,-30.757,-31.683,29.541
1724.65207,3,7.852,5.697,-0.542,4,-0.006,0.003,0.002,5,-31.824,-32.487,29.91
1724.7081,3,7.858,5.699,-0.532,4,-0.005,0.003,0.002,,,,
1724.76346,3,7.864,5.692,-0.516,4,-0.006,0.002,0.003,5,-31.03,-32.32,30.275
1724.8201,3,7.872,5.69,-0.533,4,-0.007,0.003,0.004,5,-31.102,-32.774,29.06
1724.87738,3,7.875,5.689,-0.52,4,-0.005,0.002,0.004,5,-31.76,-31.235,28.87
1724.93534,3,7.888,5.677,-0.509,4,-0.006,0.002,0.005,5,-30.602,-30.94,28.862
1724.99198,3,7.886,5.68,-0.525,4,-0.005,0.001,0.005,5,-31.396,-32.295,28.835
1725.04859,3,7.882,5.686,-0.517,4,-0.005,0,0.005,5,-31.096,-32.248,27.866
1725.10523,3,7.864,5.706,-0.502,4,-0.005,0,0.006,,,,
1725.16117,3,7.842,5.728,-0.519,4,-0.005,-0.001,0.005,5,-30.737,-31.941,29.472
1725.2165,3,7.82,5.745,-0.523,4,-0.003,-0.001,0.006,5,-30.359,-31.783,29.797
1725.27381,3,7.801,5.753,-0.517,4,-0.002,-0.001,0.007,5,-31.534,-32.57,28.542
1725.33176,3,7.803,5.756,-0.536,4,-0.001,-0.001,0.008,5,-31.677,-31.363,29.369
1725.3877,3,7.799,5.748,-0.529,4,0.001,-0.001,0.008,5,-30.586,-31.801,28.198
1725.44349,3,7.794,5.744,-0.531,4,0.002,0.001,0.009,5,-31.589,-32.048,29.018
1725.50126,3,7.794,5.736,-0.536,4,0.004,0.001,0.01,,,,
1725.55756,3,7.804,5.715,-0.547,4,0.005,0.002,0.011,5,-31.094,-31.219,30.264
1725.61289,3,7.819,5.688,-0.549,4,0.008,0.004,0.011,5,-31.888,-31.564,28.085
1725.6695,3,7.849,5.654,-0.554,4,0.008,0.005,0.012,5,-30.457,-31.682,27.731
1725.72663,3,7.865,5.632,-0.554,4,0.009,0.006,0.012,5,-31.073,-31.108,29.01
1725.78446,3,7.865,5.614,-0.546,4,0.01,0.007,0.012,5,-30.292,-31.725,29.102
1725.84137,3,7.87,5.6,-0.553,4,0.01,0.007,0.012,5,-31.718,-31.895,28.709
1725.89798,3,7.876,5.586,-0.55,4,0.01,0.008,0.011,,,,
1725.95438,3,7.888,5.575,-0.553,4,0.01,0.009,0.011,5,-31.27,-31.229,28.6
1726.01023,3,7.889,5.564,-0.559,4,0.009,0.01,0.01,5,-30.951,-31.241,28.784
1726.06592,3,7.882,5.559,-0.56,4,0.009,0.011,0.01,5,-31.779,-31.305,27.884
1726.12333,3,7.892,5.558,-0.565,4,0.009,0.012,0.009,5,-31.441,-31.406,30.739
1726.18143,3,7.903,5.542,-0.561,4,0.008,0.012,0.008,5,-30.681,-31.883,29.701
1726.23719,3,7.915,5.533,-0.564,4,0.008,0.013,0.008,5,-31.445,-30.951,29.507
1726.29313,3,7.93,5.535,-0.557,4,0.008,0.014,0.007,,,,
1726.35111,3,7.944,5.535,-0.555,4,0.007,0.015,0.005,5,-31.81,-32.413,29.456
1726.40769,3,7.959,5.531,-0.553,4,0.007,0.015,0.004,5,-31.285,-31.786,29.375
1726.46363,3,7.972,5.537,-0.541,4,0.007,0.015,0.003,5,-32.143,-30.664,28.816
1726.51896,3,7.988,5.543,-0.542,4,0.006,0.016,0.002,,,,
1726.57624,3,8.003,5.547,-0.531,4,0.006,0.015,0,5,-31.613,-31.558,29.437
1726.63419,3,8.006,5.56,-0.525,4,0.006,0.015,-0.001,5,-31.392,-30.47,29.269
1726.69086,3,8.019,5.565,-0.52,4,0.005,0.014,-0.002,,,,
1726.7475,3,8.025,5.563,-0.515,4,0.005,0.014,-0.004,5,-30.057,-33.588,26.587
1726.80402,3,8.016,5.569,-0.506,4,0.006,0.012,-0.005,5,-29.208,-31.602,27.734
1726.85996,3,8.004,5.572,-0.531,4,0.006,0.011,-0.005,5,-30.589,-32.184,26.944
1726.91538,3,8.018,5.583,-0.508,4,0.006,0.01,-0.006,,,,
1726.97263,3,7.996,5.584,-0.51,4,0.006,0.009,-0.007,5,-29.881,-31.866,27.771
1727.03049,3,7.986,5.573,-0.533,4,0.007,0.007,-0.008,5,-30.305,-31.917,28.571
1727.08713,3,7.976,5.572,-0.535,4,0.007,0.006,-0.009,,,,
1727.14374,3,7.967,5.566,-0.54,4,0.008,0.005,-0.009,5,-31.065,-31.308,28.232
1727.20044,3,7.931,5.57,-0.538,4,0.008,0.004,-0.01,5,-31.531,-31.902,29.614
1727.25721,3,7.907,5.582,-0.556,4,0.007,0.003,-0.011,5,-31.56,-31.59,28.297
1727.31379,3,7.887,5.578,-0.548,4,0.007,0.003,-0.011,,,,
1727.36963,3,7.884,5.576,-0.554,4,0.008,0.002,-0.011,5,-32.549,-32.402,29.456
1727.42566,3,7.852,5.579,-0.567,4,0.007,0.003,-0.011,5,-31.67,-31.563,27.661
1727.48365,3,7.833,5.585,-0.569,4,0.006,0.003,-0.011,,,,
1727.54035,3,7.831,5.585,-0.569,4,0.006,0.003,-0.01,5,-31.146,-31.194,29.314
1727.59681,3,7.829,5.599,-0.566,4,0.006,0.004,-0.01,5,-32.257,-31.195,29.317
1727.65342,3,7.84,5.598,-0.566,4,0.005,0.005,-0.009,5,-30.843,-31.281,29.314
1727.70942,3,7.83,5.602,-0.592,4,0.004,0.006,-0.008,,,,
1727.76481,3,7.849,5.61,-0.591,4,0.005,0.006,-0.008,5,-32.127,-30.721,28.793
1727.82145,3,7.852,5.608,-0.589,4,0.004,0.007,-0.008,5,-30.374,-31.314,29.424
1727.87873,3,7.856,5.62,-0.558,4,0.002,0.008,-0.007,,,,
1727.93668,3,7.846,5.641,-0.584,4,0.001,0.008,-0.006,5,-30.492,-33.2,27.957
1727.99332,3,7.869,5.641,-0.575,4,0.001,0.009,-0.006,5,-31.143,-31.728,28.085
1728.04999,3,7.877,5.646,-0.546,4,0.001,0.009,-0.005,5,-31.009,-31.801,28.72
1728.10663,3,7.889,5.655,-0.557,4,0,0.01,-0.005,,,,
1728.16318,3,7.892,5.664,-0.559,4,0,0.01,-0.004,5,-29.565,-30.904,29.266
1728.21906,3,7.909,5.667,-0.514,4,0.001,0.01,-0.004,5,-30.544,-31.47,28.105
1728.27506,3,7.915,5.673,-0.539,4,0,0.01,-0.004,5,-30.727,-31.65,27.789
1728.33301,3,7.928,5.656,-0.533,4,0,0.009,-0.004,5,-30.278,-33.113,30.066
1728.38977,3,7.945,5.645,-0.522,4,0.001,0.009,-0.004,5,-31.61,-31.378,28.979
1728.44574,3,7.943,5.645,-0.534,4,0,0.009,-0.003,5,-29.75,-31.766,28.979
1728.50162,3,7.963,5.628,-0.518,4,0,0.008,-0.004,,,,
1728.5589,3,7.971,5.63,-0.526,4,0,0.006,-0.004,5,-30.995,-31.595,28.807
1728.61423,3,7.955,5.641,-0.516,4,-0.001,0.006,-0.004,5,-31.236,-32.433,27.815
1728.67154,3,7.94,5.641,-0.529,4,0.001,0.004,-0.005,5,-30.702,-30.904,28.499
1728.72892,3,7.933,5.64,-0.52,4,0,0.003,-0.005,5,-31.604,-31.23,28.783
1728.78501,3,7.919,5.643,-0.515,4,0.001,0.002,-0.005,5,-31.715,-31.544,28.328
1728.84281,3,7.892,5.658,-0.534,4,0,0.002,-0.005,5,-30.869,-31.279,29.912
1728.89954,3,7.882,5.645,-0.509,4,0,0,-0.006,,,,
1728.95612,3,7.872,5.646,-0.519,4,0,-0.001,-0.005,5,-30.147,-30.745,28.992
1729.01197,3,7.871,5.654,-0.53,4,0,-0.002,-0.005,5,-30.855,-31.581,28.471
1729.06726,3,7.835,5.673,-0.512,4,0,-0.002,-0.004,5,-30.113,-31.563,28.798
1729.12403,3,7.8,5.693,-0.534,4,-0.001,-0.002,-0.004,5,-30.322,-32.254,29.544
1729.18143,3,7.804,5.673,-0.529,4,0.001,-0.002,-0.003,5,-31.058,-32.549,28.867
1729.23899,3,7.788,5.679,-0.535,4,0,-0.002,-0.002,5,-31.174,-31.317,29.207
1729.29563,3,7.797,5.659,-0.553,4,0,-0.002,-0.001,,,,
1729.35233,3,7.789,5.652,-0.577,4,0,-0.002,0,5,-31.152,-31.604,28.664
1729.409,3,7.794,5.646,-0.556,4,0,-0.001,0.001,5,-31.641,-31.998,29.297
1729.46512,3,7.783,5.657,-0.57,4,-0.001,0,0.002,5,-31.03,-31.325,28.983
1729.5203,3,7.782,5.651,-0.57,4,-0.001,0,0.003,5,-30.107,-31.615,28.531
1729.57697,3,7.788,5.652,-0.569,4,-0.001,0.001,0.004,5,-30.235,-31.801,29.295
1729.63431,3,7.804,5.653,-0.564,4,-0.002,0.003,0.004,5,-31.277,-31.808,28.529
1729.69147,3,7.804,5.653,-0.562,4,-0.002,0.004,0.006,,,,
1729.7475,3,7.824,5.649,-0.559,4,-0.003,0.005,0.006,5,-31.627,-30.878,29.007
1729.80548,3,7.846,5.653,-0.561,4,-0.004,0.006,0.006,5,-29.672,-33.162,28.928
1729.86213,3,7.869,5.649,-0.558,4,-0.004,0.007,0.007,5,-29.855,-33.595,27.086
1729.918,3,7.887,5.652,-0.549,4,-0.004,0.008,0.007,,,,
1729.97397,3,7.891,5.657,-0.541,4,-0.004,0.009,0.007,5,-29.935,-32.62,27.931
1730.03183,3,7.915,5.657,-0.536,4,-0.005,0.009,0.007,5,-29.852,-32.819,27.673
1730.0885,3,7.935,5.657,-0.524,4,-0.005,0.009,0.007,,,,
1730.14496,3,7.949,5.653,-0.521,4,-0.005,0.009,0.006,5,-31.348,-31.535,28.661
1730.20133,3,7.951,5.655,-0.523,4,-0.004,0.009,0.007,5,-31.425,-31.604,29.208
1730.25779,3,7.962,5.653,-0.515,4,-0.004,0.009,0.006,5,-30.751,-31.5,28.3
1730.31311,3,7.954,5.649,-0.51,4,-0.003,0.008,0.005,,,,
1730.36972,3,7.955,5.653,-0.516,4,-0.002,0.007,0.005,5,-30.293,-31.383,29.07
1730.42698,3,7.947,5.654,-0.514,4,-0.002,0.006,0.004,5,-31.891,-31.456,28.32
1730.48484,3,7.947,5.654,-0.503,4,-0.002,0.006,0.004,,,,
1730.5416,3,7.937,5.652,-0.514,4,-0.001,0.005,0.003,5,-31.114,-31.696,28.778
1730.59818,3,7.929,5.645,-0.506,4,0,0.004,0.003,5,-31.226,-32.587,28.171
1730.65418,3,7.927,5.647,-0.5,4,0,0.003,0.003,5,-30.397,-30.841,28.081
1730.70951,3,7.906,5.647,-0.512,4,0.001,0.002,0.002,,,,
1730.76612,3,7.89,5.644,-0.521,4,0.002,0.001,0.002,5,-30.379,-32.365,28.069
1730.8234,3,7.871,5.649,-0.523,4,0.002,0.001,0.002,5,-31.068,-30.478,29.674
1730.88126,3,7.87,5.646,-0.516,4,0.004,-0.004,0.003,,,,
1730.93793,3,7.856,5.641,-0.529,4,0.004,-0.005,0.003,5,-31.853,-31.238,28.714
1730.9946,3,7.848,5.637,-0.534,4,0.005,-0.005,0.003,5,-32.828,-31.398,29.326
1731.05124,3,7.834,5.636,-0.535,4,0.006,-0.005,0.003,5,-31.529,-31.636,30.069
1731.10718,3,7.836,5.63,-0.544,4,0.006,-0.005,0.002,,,,
1731.16251,3,7.825,5.63,-0.556,4,0.007,-0.004,0.002,5,-30.055,-31.76,28.665
1731.21918,3,7.825,5.626,-0.558,4,0.007,-0.003,0.002,5,-31.334,-31.599,29.399
1731.27649,3,7.836,5.62,-0.558,4,0.007,-0.002,0.002,5,-31.657,-32.442,28.857
1731.33444,3,7.842,5.613,-0.566,4,0.007,-0.001,0.002,5,-31.081,-31.244,28.171
1731.39105,3,7.858,5.606,-0.569,4,0.007,0,0.002,5,-30.157,-30.081,29.056
1731.44769,3,7.873,5.601,-0.564,4,0.007,0.002,0.001,5,-31.844,-30.167,28.674
1731.50433,3,7.884,5.595,-0.569,4,0.007,0.003,0.001,,,,
1731.5603,3,7.9,5.593,-0.562,4,0.006,0.004,0.001,5,-31.854,-31.915,28.922
1731.61557,3,7.9,5.596,-0.562,4,0.006,0.005,0,5,-31.897,-31.056,29.582
1731.67221,3,7.916,5.603,-0.553,4,0.005,0.005,-0.001,5,-30.907,-32.005,28.075
1731.72949,3,7.914,5.612,-0.549,4,0.005,0.006,-0.001,5,-31.059,-31.447,27.191
1731.78677,3,7.918,5.619,-0.554,4,0.005,0.007,-0.002,5,-31.042,-30.783,29.628
1731.84274,3,7.916,5.622,-0.542,4,0.005,0.008,-0.002,5,-31.775,-30.875,28.261
1731.90069,3,7.922,5.635,-0.538,4,0.004,0.008,-0.003,,,,
1731.95669,3,7.921,5.633,-0.534,4,0.005,0.008,-0.003,5,-31.383,-32.457,29.51
1732.01199,3,7.909,5.638,-0.537,4,0.004,0.009,-0.003,5,-31.902,-31.75,28.789
1732.06863,3,7.915,5.642,-0.529,4,0.005,0.009,-0.004,5,-31.587,-32.17,29.683
1732.1254,3,7.916,5.636,-0.524,4,0.005,0.009,-0.004,5,-29.597,-31.822,29.622
1732.18274,3,7.921,5.638,-0.526,4,0.005,0.009,-0.005,5,-30.855,-31.474,28.908
1732.24042,3,7.919,5.637,-0.519,4,0.006,0.008,-0.006,5,-31.369,-32.399,28.149
1732.2973,3,7.929,5.631,-0.514,4,0.006,0.008,-0.006,,,,
1732.35382,3,7.931,5.637,-0.515,4,0.006,0.008,-0.006,5,-31.465,-31.425,28.705
1732.40976,3,7.925,5.633,-0.522,4,0.007,0.007,-0.006,5,-30.862,-31.798,29.178
1732.46582,3,7.922,5.63,-0.51,4,0.007,0.006,-0.007,5,-30.312,-32.832,29.088
1732.52389,3,7.921,5.629,-0.515,4,0.007,0.005,-0.007,5,-31.619,-30.933,28.871
1732.58026,3,7.916,5.632,-0.521,4,0.007,0.004,-0.007,5,-31.419,-31.129,28.467
1732.63693,3,7.903,5.626,-0.511,4,0.008,0.003,-0.007,5,-31.429,-31.841,27.98
1732.6936,3,7.887,5.635,-0.52,4,0.008,0.002,-0.007,,,,
1732.7503,3,7.88,5.639,-0.52,4,0.007,0.001,-0.007,5,-31.441,-30.179,27.394
1732.80682,3,7.862,5.649,-0.516,4,0.007,0,-0.006,5,-31.14,-31.041,28.592
1732.86273,3,7.848,5.649,-0.531,4,0.007,0,-0.006,5,-30.518,-32.449,27.843
1732.91806,3,7.84,5.651,-0.534,4,0.007,-0.001,-0.005,,,,
1732.97531,3,7.84,5.645,-0.526,4,0.007,-0.001,-0.004,5,-30.675,-32.079,28.31
1733.03326,3,7.831,5.64,-0.547,4,0.008,-0.001,-0.004,5,-30.576,-31.653,28.062
1733.09018,3,7.827,5.644,-0.553,4,0.007,-0.001,-0.003,,,,
1733.14697,3,7.832,5.641,-0.55,4,0.007,0,-0.003,5,-29.935,-32.387,27.695
1733.20309,3,7.824,5.648,-0.554,4,0.007,-0.001,-0.002,5,-31.027,-32.616,28.714
1733.2597,3,7.826,5.646,-0.562,4,0.006,0,-0.001,5,-32.701,-31.807,28.822
1733.31573,3,7.828,5.654,-0.554,4,0.006,0,-0.001,,,,
1733.3717,3,7.829,5.662,-0.55,4,0.006,0.002,0,5,-30.528,-32.304,28.74
1733.42953,3,7.829,5.663,-0.558,4,0.005,0.002,0.001,5,-30.305,-31.671,28.162
1733.48614,3,7.833,5.67,-0.549,4,0.006,0.003,0.002,,,,
1733.54297,3,7.839,5.673,-0.554,4,0.005,0.004,0.002,5,-31.311,-31.502,29.819
1733.59961,3,7.853,5.671,-0.554,4,0.004,0.005,0.003,5,-31.384,-31.447,29.521
1733.65613,3,7.857,5.673,-0.548,4,0.004,0.005,0.004,5,-31.39,-31.282,27.42
1733.7121,3,7.863,5.671,-0.546,4,0.004,0.006,0.004,,,,
1733.76749,3,7.869,5.669,-0.549,4,0.004,0.006,0.005,5,-30.515,-30.579,28.076
1733.82434,3,7.879,5.67,-0.539,4,0.004,0.006,0.005,5,-30.984,-31.923,29.256
1733.88126,3,7.89,5.671,-0.541,4,0.004,0.007,0.006,,,,
1733.93817,3,7.895,5.671,-0.538,4,0.003,0.007,0.007,5,-30.653,-31.071,29.878
1733.99588,3,7.901,5.662,-0.526,4,0.003,0.007,0.007,5,-30.475,-31.262,29.263
1734.05246,3,7.907,5.668,-0.526,4,0.004,0.007,0.008,5,-31.456,-31.493,29.23
1734.10916,3,7.907,5.659,-0.523,4,0.004,0.006,0.008,,,,
1734.16605,3,7.912,5.655,-0.52,4,0.004,0.005,0.008,5,-31.323,-31.143,29.573
1734.22226,3,7.915,5.649,-0.523,4,0.004,0.005,0.008,5,-31.355,-31.227,29.253
1734.2793,3,7.918,5.645,-0.522,4,0.004,0.004,0.009,,,,
1734.33624,3,7.919,5.633,-0.522,4,0.005,0.003,0.008,5,-29.588,-31.549,29.922
1734.39203,3,7.916,5.628,-0.521,4,0.005,0.002,0.009,5,-30.804,-31.207,28.127
1734.44876,3,7.922,5.621,-0.523,4,0.006,0.002,0.009,5,-30.969,-32.283,29.559
1734.50555,3,7.925,5.607,-0.523,4,0.006,0.001,0.008,,,,
1734.56164,3,7.923,5.596,-0.53,4,0.006,0.001,0.008,5,-30.389,-30.38,28.662
1734.61743,3,7.93,5.582,-0.536,4,0.006,0,0.007,5,-30.432,-31.227,27.872
1734.67523,3,7.932,5.57,-0.542,4,0.006,0,0.007,5,-31.589,-30.873,29.138
1734.73215,3,7.924,5.564,-0.542,4,0.005,-0.001,0.006,5,-30.804,-31.056,28.645
1734.78891,3,7.926,5.563,-0.552,4,0.005,-0.001,0.005,5,-31.354,-31.836,29.373
1734.84552,3,7.921,5.562,-0.549,4,0.005,-0.001,0.004,5,-32.205,-32.852,28.786
1734.90216,3,7.923,5.559,-0.553,4,0.004,-0.002,0.003,,,,
1734.9581,3,7.921,5.56,-0.558,4,0.004,-0.002,0.003,5,-30.65,-31.114,29.443
1735.0133,3,7.926,5.562,-0.55,4,0.003,-0.002,0.002,5,-31.613,-31.413,28.99
1735.07062,3,7.922,5.564,-0.546,4,0.003,-0.002,0.001,5,-31.621,-32.03,29.492
1735.12857,3,7.923,5.568,-0.558,4,0.002,-0.002,0,5,-31.418,-30.693,29.509
1735.18457,3,7.926,5.574,-0.556,4,0.002,-0.002,-0.001,5,-30.862,-31.056,29.126
1735.24057,3,7.923,5.578,-0.555,4,0.002,-0.002,-0.002,5,-31.689,-31.564,28.908
1735.29849,3,7.916,5.586,-0.552,4,0.002,-0.002,-0.002,,,,
1735.35492,3,7.911,5.586,-0.546,4,0.001,-0.002,-0.003,5,-30.643,-31.54,28.505
1735.41104,3,7.907,5.595,-0.554,4,0,-0.002,-0.004,5,-31.693,-31.827,28.128
1735.46692,3,7.897,5.606,-0.559,4,0,-0.002,-0.004,5,-31.529,-31.337,29.941
1735.52478,3,7.882,5.617,-0.555,4,0,-0.001,-0.004,5,-30.69,-30.46,28.827
1735.58163,3,7.87,5.628,-0.561,4,0,-0.001,-0.004,5,-31.479,-31.123,28.574
1735.6383,3,7.862,5.637,-0.558,4,0,-0.001,-0.005,5,-31.201,-31.206,29.3
1735.69501,3,7.851,5.645,-0.557,4,-0.001,0,-0.005,,,,
1735.75079,3,7.846,5.651,-0.562,4,0,0.001,-0.005,5,-33.134,-31.328,29.765
1735.80612,3,7.843,5.658,-0.553,4,0,0.002,-0.005,5,-31.116,-32.544,29.114
1735.86276,3,7.842,5.671,-0.552,4,0,0.002,-0.004,5,-30.794,-31.476,28.545
1735.91995,3,7.84,5.673,-0.548,4,0,0.003,-0.004,5,-30.658,-32.372,27.57
1735.978,3,7.848,5.684,-0.545,4,0,0.004,-0.003,5,-30.173,-31.027,28.163
1736.03497,3,7.844,5.678,-0.542,4,0,0.004,-0.003,5,-29.53,-31.827,28.612
1736.09143,3,7.851,5.681,-0.536,4,0.001,0.005,-0.002,,,,
1736.14804,3,7.863,5.676,-0.535,4,0.002,0.005,-0.002,5,-29.237,-30.769,27.676
1736.20425,3,7.874,5.671,-0.533,4,0.003,0.006,-0.001,5,-30.205,-31.714,27.751
1736.26001,3,7.877,5.665,-0.522,4,0.003,0.006,-0.001,5,-31.717,-31.529,29.539
1736.31576,3,7.892,5.662,-0.525,4,0.003,0.006,-0.001,,,,
1736.37305,3,7.895,5.655,-0.524,4,0.004,0.005,-0.001,5,-31.398,-30.916,29.688
1736.43094,3,7.906,5.649,-0.522,4,0.005,0.005,0,5,-30.775,-30.495,29.15
1736.48758,3,7.915,5.641,-0.526,4,0.005,0.005,0,,,,
1736.54419,3,7.92,5.637,-0.519,4,0.006,0.004,0,5,-31.514,-31.514,29.443
1736.60083,3,7.914,5.639,-0.526,4,0.006,0.003,-0.001,5,-30.891,-31.444,29.169
1736.65744,3,7.913,5.638,-0.523,4,0.007,0.003,-0.001,5,-32.391,-32.133,28.162
1736.71347,3,7.913,5.633,-0.526,4,0.007,0.002,-0.001,,,,
1736.76947,3,7.923,5.634,-0.528,4,0.007,0.001,-0.001,5,-31.017,-31.435,29.169
1736.82736,3,7.918,5.637,-0.526,4,0.007,0.001,0,5,-30.647,-31.1,29.999
1736.884,3,7.92,5.636,-0.525,4,0.007,0,-0.001,,,,
1736.94061,3,7.923,5.631,-0.535,4,0.007,0,-0.001,5,-32.294,-31.273,29.427
1736.99722,3,7.918,5.638,-0.541,4,0.007,-0.001,0,5,-31.265,-31.516,29.085
1737.05331,3,7.913,5.641,-0.54,4,0.007,-0.001,0,5,-30.47,-31.393,28.899
1737.10879,3,7.896,5.644,-0.546,4,0.007,-0.002,0,,,,
1737.16522,3,7.88,5.649,-0.552,4,0.006,-0.002,0,5,-31.386,-32.286,29.718
1737.22262,3,7.872,5.645,-0.55,4,0.006,-0.002,0,5,-30.417,-31.27,28.716
1737.28067,3,7.858,5.649,-0.558,4,0.005,-0.001,0,,,,
1737.33722,3,7.849,5.643,-0.555,4,0.006,-0.001,0.001,5,-31.233,-30.771,28.918
1737.39413,3,7.842,5.644,-0.561,4,0.005,0,0.002,5,-32.471,-31.48,28.952
1737.45071,3,7.833,5.643,-0.566,4,0.005,0,0.002,5,-31.778,-31.14,27.98
1737.5068,3,7.832,5.641,-0.558,4,0.005,0.001,0.002,,,,
1737.56299,3,7.832,5.633,-0.552,4,0.003,0.002,0.003,5,-32.021,-31.616,27.806
1737.61825,3,7.833,5.623,-0.562,4,0.003,0.003,0.003,5,-31.96,-31.291,28.079
1737.67486,3,7.837,5.627,-0.552,4,0.003,0.003,0.003,,,,
1737.73218,3,7.853,5.624,-0.553,4,0.002,0.004,0.004,5,-32.196,-31.01,29.698
1737.79016,3,7.861,5.611,-0.546,4,0.002,0.005,0.004,5,-30.923,-31.326,28.958
1737.84711,3,7.886,5.61,-0.538,4,0.002,0.005,0.004,5,-32.103,-30.467,29.91
1737.90399,3,7.896,5.606,-0.527,4,0.002,0.005,0.004,,,,
1737.95938,3,7.912,5.602,-0.529,4,0.001,0.005,0.004,5,-32.298,-30.791,28.815
1738.01523,3,7.923,5.607,-0.523,4,0,0.005,0.004,5,-31.009,-30.843,29.315
1738.07275,3,7.939,5.605,-0.512,4,0,0.004,0.004,5,-32.037,-31.198,28.572
1738.12918,3,7.947,5.61,-0.51,4,0,0.003,0.004,5,-30.676,-31.613,28.668
1738.18649,3,7.958,5.612,-0.509,4,0,0.002,0.003,5,-30.949,-31.226,27.672
1738.24316,3,7.954,5.61,-0.511,4,0,0.001,0.003,5,-31.721,-30.927,28.687
1738.2998,3,7.944,5.619,-0.514,4,0,-0.001,0.003,,,,
1738.3558,3,7.937,5.634,-0.518,4,0,-0.002,0.003,5,-32.309,-31.334,29.532
1738.41177,3,7.918,5.641,-0.518,4,0.001,-0.003,0.002,5,-31.429,-31.96,29.178
1738.46912,3,7.901,5.638,-0.529,4,0,-0.003,0.002,5,-30.365,-31.612,29.533
1738.52499,3,7.893,5.643,-0.54,4,0.001,-0.004,0.002,5,-32.162,-30.502,28.229
1738.5823,3,7.88,5.645,-0.535,4,0.001,-0.004,0.002,5,-31.796,-31.606,29.021
1738.63827,3,7.872,5.638,-0.548,4,0.001,-0.003,0.002,5,-30.734,-31.578,28.563
1738.69623,3,7.862,5.643,-0.552,4,0.002,-0.003,0.002,,,,
1738.75287,3,7.849,5.637,-0.557,4,0.002,-0.003,0.002,5,-31.844,-31.219,29.405
1738.80881,3,7.856,5.633,-0.552,4,0.003,-0.002,0.002,5,-30.618,-30.624,28.499
1738.86407,3,7.852,5.629,-0.554,4,0.003,-0.001,0.002,5,-31.223,-31.766,28.822
1738.92139,3,7.859,5.618,-0.555,4,0.003,0,0.002,5,-31.419,-31.88,29.604
1738.9794,3,7.867,5.612,-0.555,4,0.003,0,0.002,5,-30.307,-33.203,28.864
1739.0361,3,7.87,5.596,-0.558,4,0.002,0.001,0.002,5,-29.163,-32.776,28.108
1739.09204,3,7.876,5.591,-0.558,4,0.002,0.001,0.002,,,,
1739.14813,3,7.88,5.589,-0.559,4,0.001,0.002,0.001,5,-30.313,-31.192,28.072
1739.20517,3,7.889,5.594,-0.544,4,0.001,0.002,0.001,5,-30.679,-32.463,27.519
1739.26108,3,7.892,5.59,-0.544,4,0.001,0.003,0.001,5,-29.723,-32.489,27.104
1739.31836,3,7.897,5.593,-0.542,4,-0.001,0.003,0,,,,
1739.37457,3,7.902,5.594,-0.545,4,0,0.003,0,5,-31.566,-31.598,29.314
1739.43231,3,7.907,5.599,-0.537,4,-0.001,0.003,0,5,-31.255,-31.467,29.12
1739.48834,3,7.915,5.598,-0.534,4,-0.001,0.003,0,,,,
1739.54428,3,7.914,5.607,-0.534,4,-0.001,0.003,0,5,-31.334,-32.021,28.828
1739.6022,3,7.918,5.61,-0.534,4,-0.001,0.003,-0.001,5,-31.583,-30.96,28.856
1739.65823,3,7.93,5.609,-0.527,4,-0.001,0.002,-0.001,5,-32.185,-32.167,29.439
1739.71356,3,7.936,5.616,-0.532,4,-0.002,0.002,-0.002,,,,
1739.77081,3,7.939,5.618,-0.53,4,-0.002,0.002,-0.002,5,-31.625,-31.221,28.188
1739.8287,3,7.941,5.618,-0.526,4,-0.001,0.002,-0.002,5,-30.35,-31.781,29.225
1739.88531,3,7.94,5.633,-0.527,4,-0.001,0.001,-0.003,,,,
1739.94128,3,7.933,5.643,-0.522,4,-0.002,0,-0.004,5,-30.695,-31.58,30.048
1739.99731,3,7.923,5.661,-0.523,4,-0.001,0,-0.004,5,-31.439,-32.121,29.185
1740.05524,3,7.911,5.668,-0.518,4,-0.001,-0.001,-0.004,5,-32.571,-32.3,28.088
1740.11124,3,7.906,5.683,-0.519,4,0,-0.001,-0.004,,,,
1740.16675,3,7.894,5.684,-0.522,4,0.001,-0.001,-0.004,5,-31.186,-30.504,28.658
1740.22381,3,7.89,5.681,-0.529,4,0.002,-0.001,-0.004,5,-32.744,-31.563,28.92
1740.28094,3,7.884,5.677,-0.523,4,0.003,-0.001,-0.004,,,,
1740.3385,3,7.876,5.677,-0.52,4,0.003,-0.002,-0.003,5,-31.975,-30.702,28.886
1740.39508,3,7.868,5.674,-0.532,4,0.004,-0.002,-0.003,5,-30.524,-30.742,29.3
1740.45135,3,7.864,5.67,-0.521,4,0.004,-0.002,-0.003,5,-30.859,-32.399,28.125
1740.50775,3,7.858,5.658,-0.529,4,0.004,-0.002,-0.002,,,,
1740.56299,3,7.855,5.656,-0.53,4,0.005,-0.002,-0.001,5,-31.526,-31.67,28.87
1740.6203,3,7.847,5.647,-0.531,4,0.005,-0.003,-0.001,5,-30.707,-31.627,28.74
1740.67825,3,7.84,5.639,-0.536,4,0.005,-0.003,0,,,,
1740.73489,3,7.835,5.632,-0.543,4,0.005,-0.002,0,5,-30.388,-31.58,29.016
1740.79153,3,7.826,5.63,-0.542,4,0.005,-0.002,0.001,5,-30.597,-31.346,28.859
1740.84796,3,7.824,5.624,-0.549,4,0.004,-0.002,0.001,5,-30.981,-31.1,29.362
1740.90384,3,7.821,5.622,-0.553,4,0.004,-0.002,0.001,,,,
1740.95937,3,7.819,5.617,-0.552,4,0.004,-0.001,0.002,5,-31.825,-31.442,28.612
1741.01598,3,7.816,5.622,-0.553,4,0.004,-0.001,0.002,5,-30.443,-31.641,27.882
1741.07333,3,7.816,5.622,-0.554,4,0.002,0,0.003,5,-31.921,-31.813,28.85
1741.13128,3,7.836,5.622,-0.552,4,0.002,0.001,0.003,5,-31.842,-32.217,28.186
1741.18789,3,7.841,5.621,-0.554,4,0.001,0.001,0.004,5,-30.98,-31.795,29.135
1741.24456,3,7.858,5.629,-0.554,4,0.001,0.002,0.004,5,-29.727,-31.227,30.273
1741.3012,3,7.867,5.623,-0.552,4,0,0.003,0.004,,,,
1741.35705,3,7.886,5.63,-0.546,4,0,0.004,0.004,5,-31.23,-31.068,28.96
1741.41238,3,7.901,5.627,-0.538,4,-0.001,0.004,0.004,5,-32.304,-30.432,29.001
1741.46966,3,7.919,5.63,-0.541,4,-0.001,0.004,0.004,5,-31.636,-31.758,28.981
1741.52755,3,7.936,5.629,-0.538,4,-0.002,0.004,0.004,5,-30.695,-31.409,28.481
1741.58428,3,7.949,5.635,-0.535,4,-0.002,0.004,0.003,5,-31.95,-31.447,28.645
1741.64089,3,7.955,5.637,-0.529,4,-0.002,0.004,0.003,5,-31.168,-31.476,28.572
1741.69747,3,7.956,5.641,-0.528,4,-0.002,0.003,0.003,,,,
1741.7535,3,7.962,5.642,-0.52,4,-0.002,0.003,0.002,5,-31.3,-31.464,28.755
1741.8088,3,7.966,5.641,-0.525,4,-0.002,0.002,0.002,5,-30.626,-31.987,29.46
1741.86541,3,7.961,5.64,-0.519,4,-0.002,0,0.002,5,-30.905,-31.265,28.687
1741.92205,3,7.944,5.644,-0.518,4,-0.002,-0.001,0.002,5,-32.018,-31.48,27.908
1741.97866,3,7.941,5.642,-0.518,4,-0.002,-0.001,0.001,5,-31.47,-31.145,29.671
1742.03597,3,7.939,5.641,-0.516,4,-0.002,-0.002,0.001,5,-31.895,-33.035,28.554
1742.09393,3,7.927,5.633,-0.519,4,0,-0.003,0,,,,
1742.15032,3,7.916,5.633,-0.522,4,-0.001,-0.004,0,5,-30.391,-32.571,28.265
1742.20602,3,7.909,5.63,-0.525,4,0,-0.004,0,5,-29.456,-31.418,28.32
1742.26183,3,7.9,5.622,-0.533,4,0,-0.004,0,5,-30.91,-31.934,27.437
1742.31909,3,7.888,5.623,-0.532,4,0,-0.005,-0.001,5,-30.185,-31.854,26.411
1742.37695,3,7.884,5.619,-0.537,4,0,-0.005,-0.001,5,-29.961,-32.745,27.553
1742.43356,3,7.871,5.616,-0.543,4,0,-0.006,-0.001,5,-31.096,-31.155,27.438
1742.49023,3,7.856,5.614,-0.546,4,-0.001,-0.006,-0.001,,,,
1742.54687,3,7.848,5.611,-0.547,4,-0.001,-0.005,-0.001,5,-31.358,-32.339,28.441
1742.60287,3,7.848,5.61,-0.554,4,-0.001,-0.005,-0.001,5,-31.429,-31.763,29.533
1742.65887,3,7.842,5.614,-0.558,4,0,-0.005,-0.001,5,-30.672,-31.029,29.857
1742.71667,3,7.83,5.618,-0.558,4,-0.001,-0.004,-0.001,,,,
1742.77316,3,7.837,5.62,-0.555,4,-0.002,-0.004,-0.001,5,-31.906,-30.786,28.275
1742.82995,3,7.828,5.626,-0.562,4,-0.002,-0.003,-0.001,5,-30.418,-31.291,29.587
1742.88674,3,7.823,5.632,-0.56,4,-0.002,-0.002,-0.001,,,,
1742.94335,3,7.821,5.64,-0.557,4,-0.002,-0.001,0,5,-31.633,-31.281,29.669
1742.99999,3,7.819,5.645,-0.555,4,-0.002,0,0,5,-31.468,-31.313,29.59
1743.0559,3,7.822,5.653,-0.55,4,-0.002,0.001,0,5,-32.246,-30.717,28.271
1743.11181,3,7.824,5.656,-0.55,4,-0.002,0.002,0,,,,
1743.16961,3,7.834,5.657,-0.553,4,-0.002,0.002,0.001,5,-30.972,-30.658,29.361
1743.2264,3,7.844,5.661,-0.547,4,-0.001,0.003,0.001,5,-32.068,-31.465,29.109
1743.28301,3,7.856,5.651,-0.546,4,-0.001,0.004,0.001,,,,
1743.33975,3,7.872,5.657,-0.537,4,-0.001,0.004,0.002,5,-31.003,-31.128,28.369
1743.39654,3,7.891,5.656,-0.531,4,-0.001,0.005,0.002,5,-30.919,-31.273,29.268
1743.45321,3,7.901,5.662,-0.529,4,-0.001,0.005,0.002,5,-32.408,-31.386,28.741
1743.50915,3,7.92,5.664,-0.528,4,-0.001,0.005,0.002,,,,
1743.56432,3,7.926,5.665,-0.528,4,0,0.004,0.002,5,-31.087,-32.121,29.646
1743.62161,3,7.934,5.667,-0.52,4,0.001,0.004,0.002,5,-31.154,-31.709,28.293
1743.67889,3,7.938,5.669,-0.518,4,0.001,0.003,0.002,,,,
1743.73486,3,7.943,5.672,-0.522,4,0.001,0.002,0.002,5,-32.019,-31.274,28.326
1743.79287,3,7.947,5.665,-0.518,4,0.002,0.002,0.002,5,-32.436,-30.579,28.775
1743.8496,3,7.942,5.659,-0.522,4,0.002,0.001,0.002,5,-31.219,-30.809,27.515
1743.9056,3,7.935,5.653,-0.521,4,0.002,0,0.002,,,,
1743.96072,3,7.926,5.649,-0.522,4,0.003,-0.001,0.002,5,-31.856,-30.954,29.907
1744.01794,3,7.916,5.642,-0.524,4,0.003,-0.001,0.002,5,-31.94,-31.404,28.227
1744.07586,3,7.907,5.635,-0.526,4,0.002,-0.002,0.002,,,,
1744.1321,3,7.892,5.633,-0.535,4,0.003,-0.002,0.001,5,-30.71,-31.528,28.537
1744.18765,3,7.879,5.625,-0.531,4,0.003,-0.003,0.001,5,-31.194,-31.955,28.172
1744.24423,3,7.872,5.621,-0.538,4,0.003,-0.003,0.001,5,-31.586,-31.416,28.511
1744.30114,3,7.864,5.618,-0.537,4,0.003,-0.003,0.001,,,,
1744.35848,3,7.862,5.61,-0.541,4,0.003,-0.003,0.001,5,-31.509,-31.418,28.757
1744.41375,3,7.865,5.608,-0.546,4,0.003,-0.003,0.001,5,-30.582,-31.784,28.452
1744.47097,3,7.866,5.611,-0.549,4,0.003,-0.003,0.001,5,-31.526,-31.494,28.795
1744.5288,3,7.87,5.602,-0.551,4,0.002,-0.003,0.001,5,-30.952,-32.375,28.238
1744.58535,3,7.872,5.604,-0.548,4,0.002,-0.002,0,5,-31.012,-31.804,29.027
1744.64193,3,7.88,5.605,-0.546,4,0.002,-0.002,0,5,-30.661,-31.793,28.571
1744.69872,3,7.887,5.606,-0.552,4,0.001,-0.003,0,,,,
1744.75472,3,7.89,5.612,-0.546,4,0.001,-0.002,0,5,-29.776,-31.05,28.192
1744.81082,3,7.895,5.618,-0.541,4,0.001,-0.002,0,5,-31.668,-31.425,28.51
1744.86886,3,7.896,5.625,-0.538,4,0,-0.002,0,5,-32.216,-30.182,27.777
1744.92535,3,7.906,5.633,-0.538,4,0,-0.002,0,5,-31.656,-33.197,27.966
1744.98187,3,7.903,5.637,-0.534,4,0,-0.002,0,5,-31.418,-32.126,28.676
1745.03869,3,7.907,5.645,-0.538,4,0,-0.002,-0.001,5,-32.013,-31.241,29.274
1745.09533,3,7.902,5.654,-0.538,4,-0.001,-0.002,-0.001,,,,
1745.15194,3,7.896,5.655,-0.538,4,-0.001,-0.002,-0.001,5,-30.945,-32.469,28.476
1745.20791,3,7.899,5.655,-0.541,4,-0.001,-0.002,-0.001,5,-29.515,-32.481,27.844
1745.26373,3,7.887,5.654,-0.543,4,-0.001,-0.002,0,5,-30.914,-31.593,27.843
1745.32156,3,7.881,5.653,-0.538,4,-0.001,-0.002,0,5,-31.287,-33.324,27.003
1745.37771,3,7.874,5.654,-0.546,4,-0.001,-0.002,0,5,-30.367,-32.614,27.571
1745.43371,3,7.864,5.649,-0.551,4,-0.001,-0.002,0,5,-29.419,-30.807,28.635
1745.49169,3,7.862,5.645,-0.55,4,-0.001,-0.001,0,,,,
1745.5483,3,7.855,5.644,-0.546,4,-0.001,-0.001,0,5,-31.192,-31.352,28.934
1745.60418,3,7.845,5.638,-0.545,4,-0.001,-0.001,0,5,-29.604,-32.462,28.5
1745.65957,3,7.846,5.633,-0.552,4,-0.002,0,0,5,-30.188,-32.538,27.812
1745.71621,3,7.845,5.628,-0.551,4,-0.001,0.001,0.001,5,-30.559,-31.998,29.318
1745.77319,3,7.844,5.624,-0.547,4,-0.001,0.001,0,5,-30.702,-32.706,28.781
1745.8308,3,7.837,5.626,-0.554,4,-0.002,0.002,0,5,-31.572,-30.664,28.859
1745.88799,3,7.84,5.63,-0.541,4,-0.002,0.002,0,,,,
1745.9446,3,7.84,5.635,-0.533,4,-0.002,0.003,0,5,-31.764,-32.188,27.777
1746.0006,3,7.85,5.642,-0.53,4,-0.002,0.003,0,5,-30.771,-33.469,28.859
1746.05599,3,7.85,5.646,-0.527,4,-0.002,0.004,0.001,5,-30.603,-31.52,28.964
1746.11263,3,7.864,5.645,-0.527,4,-0.001,0.004,0,,,,
1746.16988,3,7.873,5.649,-0.52,4,-0.001,0.004,0.001,5,-31.41,-31.139,28.581
1746.22775,3,7.885,5.651,-0.512,4,-0.001,0.004,0.002,5,-32.457,-31.375,30.209
1746.28436,3,7.895,5.649,-0.51,4,-0.001,0.003,0.001,,,,
1746.34094,3,7.898,5.661,-0.513,4,0,0.003,0.002,5,-31.664,-31.117,29.137
1746.39761,3,7.903,5.662,-0.506,4,0,0.002,0.002,5,-31.105,-32.176,28.369
1746.45364,3,7.903,5.665,-0.509,4,0.001,0.001,0.002,5,-30.568,-31.313,28.867
1746.50903,3,7.9,5.677,-0.514,4,0.001,0,0.002,,,,
1746.56567,3,7.897,5.677,-0.513,4,0.001,0,0.003,5,-31.601,-31.49,28.909
1746.62286,3,7.9,5.678,-0.515,4,0.003,-0.001,0.002,5,-31.45,-31.299,29.733
1746.68069,3,7.896,5.673,-0.52,4,0.003,-0.001,0.003,,,,
1746.73742,3,7.896,5.67,-0.522,4,0.003,-0.002,0.003,5,-31.898,-31.543,28.568
1746.79406,3,7.894,5.661,-0.531,4,0.004,-0.003,0.004,5,-31.343,-31.073,29.019
1746.85085,3,7.891,5.653,-0.538,4,0.004,-0.002,0.004,5,-31.418,-31.348,28.748
1746.90682,3,7.884,5.644,-0.547,4,0.005,-0.003,0.004,,,,
1746.96206,3,7.88,5.635,-0.545,4,0.004,-0.003,0.004,5,-31.61,-31.859,28.905
1747.0194,3,7.881,5.622,-0.547,4,0.004,-0.003,0.004,5,-31.834,-30.609,28.867
1747.07742,3,7.874,5.617,-0.551,4,0.004,-0.002,0.004,,,,
1747.13394,3,7.87,5.617,-0.558,4,0.003,-0.002,0.004,5,-31.747,-31.421,28.685
1747.19058,3,7.868,5.612,-0.56,4,0.004,-0.002,0.004,5,-30.75,-31.587,28.835
1747.24728,3,7.875,5.607,-0.552,4,0.003,-0.001,0.004,5,-29.565,-31.749,28.606
1747.30322,3,7.871,5.612,-0.552,4,0.001,0,0.004,,,,
1747.35845,3,7.874,5.608,-0.553,4,0.001,0,0.004,5,-32.249,-31.807,28.137
1747.41506,3,7.878,5.608,-0.55,4,0.001,0.001,0.003,5,-31.517,-31.41,28.758
1747.47238,3,7.882,5.609,-0.544,4,0,0.002,0.003,5,-31.473,-31.361,29.666
1747.53036,3,7.888,5.606,-0.543,4,0,0.002,0.003,5,-30.415,-31.342,28.421
1747.58688,3,7.892,5.603,-0.534,4,-0.001,0.002,0.002,5,-30.888,-31.97,29.475
1747.64349,3,7.897,5.602,-0.536,4,0,0.002,0.002,5,-30.769,-31.706,29.114
1747.70001,3,7.915,5.599,-0.526,4,0,0.002,0.002,,,,
1747.75619,3,7.916,5.598,-0.529,4,0,0.002,0.002,5,-30.663,-32.237,29.61
1747.81149,3,7.93,5.606,-0.522,4,0,0.002,0.001,5,-29.971,-31.776,29.61
1747.86877,3,7.939,5.606,-0.515,4,0,0.001,0.001,5,-31.517,-31.252,28.25
1747.92678,3,7.94,5.614,-0.51,4,0,0.001,0,5,-31.329,-31.654,28.609
1747.98339,3,7.952,5.614,-0.508,4,0,0,-0.001,5,-31.709,-31.055,29.065
1748.03997,3,7.954,5.627,-0.514,4,0,0,-0.001,5,-30.309,-30.386,27.522
1748.09664,3,7.961,5.623,-0.511,4,0,-0.001,-0.002,,,,
1748.15258,3,7.952,5.632,-0.514,4,0.001,-0.002,-0.002,5,-31.146,-32.208,29.19
1748.20855,3,7.951,5.627,-0.522,4,0.002,-0.002,-0.003,5,-30.826,-32.628,27.534
1748.26583,3,7.941,5.63,-0.519,4,0.001,-0.003,-0.004,5,-30.122,-32.439,26.518
1748.32137,3,7.939,5.632,-0.527,4,0.001,-0.003,-0.005,5,-30.87,-32.278,27.678
1748.37893,3,7.927,5.636,-0.534,4,0.002,-0.004,-0.005,5,-30.894,-31.154,27.858
1748.43649,3,7.91,5.637,-0.53,4,0.002,-0.004,-0.005,5,-30.301,-31.706,27.145
1748.49322,3,7.898,5.637,-0.538,4,0.002,-0.005,-0.006,,,,
1748.54968,3,7.883,5.644,-0.543,4,0.001,-0.005,-0.006,5,-30.614,-32.158,28.362
1748.60629,3,7.865,5.645,-0.547,4,0.001,-0.005,-0.006,5,-31.39,-31.34,29.378
1748.66308,3,7.844,5.65,-0.551,4,0.001,-0.005,-0.005,5,-30.208,-31.862,28.085
1748.71954,3,7.818,5.661,-0.556,4,0.001,-0.004,-0.005,5,-31.18,-32.394,28.412
1748.77468,3,7.799,5.664,-0.566,4,0.001,-0.003,-0.005,5,-31.421,-32.324,28.336
1748.83138,3,7.788,5.662,-0.564,4,0,-0.003,-0.004,5,-30.664,-32.814,28.569
1748.88931,3,7.781,5.662,-0.566,4,0,-0.001,-0.003,,,,
1748.94613,3,7.777,5.653,-0.566,4,0,0.001,-0.003,5,-30.074,-32.356,29.568
1749.00274,3,7.775,5.65,-0.558,4,0,0.002,-0.001,5,-30.763,-31.856,29.105
1749.05871,3,7.781,5.649,-0.556,4,-0.001,0.003,-0.001,5,-31.018,-32.5,29.845
1749.11395,3,7.789,5.646,-0.549,4,-0.001,0.005,0,,,,
1749.1712,3,7.793,5.644,-0.541,4,-0.001,0.005,0,5,-30.879,-31.621,29.91
1749.22915,3,7.813,5.642,-0.539,4,-0.001,0.006,0,5,-31.546,-30.547,30.331
1749.28585,3,7.824,5.651,-0.533,4,-0.001,0.007,0.001,,,,
1749.34231,3,7.841,5.651,-0.526,4,0,0.007,0.001,5,-30.562,-31.48,29.192
1749.39895,3,7.856,5.657,-0.522,4,-0.001,0.008,0.001,5,-31.618,-31.728,28.781
1749.45568,3,7.864,5.661,-0.514,4,0,0.008,0.002,5,-30.226,-31.895,28.719
1749.51186,3,7.876,5.662,-0.516,4,0.001,0.007,0.002,,,,
1749.56789,3,7.89,5.665,-0.515,4,0.001,0.007,0.002,5,-31.198,-32.437,29.205
1749.62551,3,7.899,5.673,-0.51,4,0.001,0.006,0.003,5,-31.03,-32.266,29.33
1749.68148,3,7.903,5.672,-0.511,4,0.002,0.005,0.003,,,,
1749.73687,3,7.917,5.671,-0.512,4,0.003,0.005,0.003,5,-30.779,-31.584,28.366
1749.79412,3,7.931,5.675,-0.503,4,0.004,0.003,0.003,5,-31.531,-31.367,28.83
1749.85137,3,7.931,5.681,-0.509,4,0.004,0.002,0.003,5,-30.655,-33.017,28.618
1749.90676,3,7.928,5.68,-0.508,4,0.004,0.002,0.004,,,,
1749.96337,3,7.929,5.674,-0.518,4,0.005,0,0.004,5,-31.342,-32.118,29.256
1750.02004,3,7.929,5.672,-0.523,4,0.005,0,0.004,5,-31.355,-33.084,30.56
1750.07745,3,7.923,5.669,-0.525,4,0.006,-0.001,0.004,,,,
1750.13534,3,7.911,5.664,-0.529,4,0.006,-0.002,0.004,5,-31.581,-31.606,28.819
1750.19131,3,7.904,5.662,-0.538,4,0.007,-0.002,0.004,5,-29.633,-32.051,27.878
1750.24716,3,7.9,5.653,-0.542,4,0.006,-0.003,0.004,5,-30.093,-32.343,27.299
1750.30441,3,7.892,5.645,-0.548,4,0.006,-0.003,0.004,,,,
1750.3598,3,7.882,5.641,-0.548,4,0.006,-0.003,0.004,5,-30.521,-32.26,27.353
1750.41705,3,7.868,5.636,-0.556,4,0.006,-0.003,0.004,5,-31.45,-31.152,28.023
1750.47491,3,7.867,5.626,-0.562,4,0.005,-0.003,0.004,,,,
1750.53152,3,7.856,5.625,-0.56,4,0.005,-0.002,0.004,5,-31.566,-31.972,28.87
1750.58825,3,7.852,5.618,-0.563,4,0.005,-0.002,0.005,5,-32.196,-31.708,29.524
1750.6448,3,7.851,5.612,-0.558,4,0.004,-0.002,0.004,5,-30.386,-32.214,29.318
1750.70049,3,7.851,5.605,-0.558,4,0.004,-0.001,0.004,,,,
1750.75619,3,7.85,5.605,-0.558,4,0.003,0,0.005,5,-30.789,-31.503,27.724
1750.8128,3,7.849,5.6,-0.554,4,0.003,0,0.005,5,-32.085,-31.451,28.021
1750.87005,3,7.852,5.598,-0.556,4,0.002,0.001,0.005,5,-30.243,-31.903,29.382
1750.92797,3,7.863,5.591,-0.546,4,0.001,0.001,0.005,5,-31.471,-31.732,29.488
1750.98459,3,7.864,5.596,-0.548,4,0.001,0.002,0.004,5,-30.838,-31.41,28.522
1751.04059,3,7.876,5.589,-0.546,4,0,0.002,0.004,5,-31.306,-31.512,28.534
1751.09671,3,7.888,5.596,-0.538,4,-0.001,0.002,0.004,,,,
1751.15408,3,7.901,5.591,-0.534,4,-0.001,0.002,0.003,5,-31.804,-32.043,29.1
1751.20923,3,7.903,5.593,-0.542,4,0,0.003,0.003,5,-30.383,-32.063,28.569
1751.26651,3,7.922,5.591,-0.532,4,-0.001,0.002,0.002,5,-31.433,-31.964,27.005
1751.32443,3,7.927,5.594,-0.538,4,-0.001,0.002,0.001,5,-30.966,-32.706,28.386
1751.38101,3,7.932,5.594,-0.534,4,-0.001,0.002,0.001,5,-30.925,-31.282,29.018
1751.43768,3,7.941,5.606,-0.532,4,-0.001,0.002,0,5,-31.441,-31.36,29.449
1751.49426,3,7.947,5.614,-0.526,4,-0.002,0.001,-0.001,,,,
1751.55087,3,7.953,5.618,-0.531,4,-0.001,0.001,-0.002,5,-31.16,-31.348,28.914
1751.6069,3,7.951,5.628,-0.528,4,-0.001,0.001,-0.003,5,-31.593,-31.766,29.86
1751.66226,3,7.951,5.632,-0.529,4,0,0,-0.003,5,-30.733,-30.653,28.784
1751.71951,3,7.95,5.637,-0.53,4,-0.001,0,-0.004,5,-31.673,-31.07,27.997
1751.7774,3,7.95,5.636,-0.526,4,0,-0.001,-0.004,5,-31.033,-32.202,28.334
1751.83404,3,7.939,5.646,-0.523,4,0,-0.001,-0.005,5,-30.739,-31.398,28.72
1751.89099,3,7.932,5.642,-0.523,4,0,-0.002,-0.006,,,,
1751.9479,3,7.927,5.647,-0.53,4,0,-0.002,-0.006,5,-31.358,-31.253,29.361
1752.0039,3,7.908,5.645,-0.532,4,0,-0.003,-0.006,5,-29.008,-31.868,28.802
1752.05993,3,7.9,5.652,-0.537,4,0.001,-0.003,-0.006,5,-30.933,-31.836,27.849
1752.11584,3,7.877,5.656,-0.535,4,0.001,-0.003,-0.006,5,-30.36,-32.454,28.732
1752.173,3,7.854,5.66,-0.537,4,0.001,-0.003,-0.006,5,-31.096,-31.859,30.029
1752.22915,3,7.832,5.665,-0.548,4,0.002,-0.003,-0.006,5,-29.889,-31.911,30.208
1752.28705,3,7.813,5.673,-0.546,4,0.001,-0.003,-0.005,,,,
1752.34369,3,7.797,5.675,-0.55,4,0.002,-0.002,-0.005,5,-30.974,-32.5,29.968
1752.39972,3,7.793,5.673,-0.55,4,0.001,-0.002,-0.004,5,-32.011,-32.336,29.388
1752.45504,3,7.79,5.666,-0.551,4,0.001,-0.001,-0.003,5,-31.39,-32.55,28.86
1752.51169,3,7.792,5.668,-0.548,4,0.002,0,-0.002,,,,
1752.56894,3,7.791,5.675,-0.554,4,0.003,0.001,-0.001,5,-31.01,-31.848,28.14
1752.62683,3,7.787,5.668,-0.553,4,0.003,0.002,-0.001,5,-32.024,-30.547,30.571
1752.68347,3,7.796,5.661,-0.547,4,0.003,0.003,0,,,,
1752.74008,3,7.805,5.664,-0.55,4,0.002,0.003,0.001,5,-31.828,-32.634,30.283
1752.79672,3,7.813,5.66,-0.546,4,0.002,0.004,0.002,5,-31.61,-31.776,28.651
1752.8533,3,7.821,5.661,-0.542,4,0.003,0.005,0.002,5,-30.307,-31.194,29.282
1752.90985,3,7.833,5.661,-0.539,4,0.002,0.005,0.003,,,,
1752.96588,3,7.85,5.663,-0.534,4,0.003,0.006,0.003,5,-29.616,-30.934,28.827
1753.02163,3,7.861,5.665,-0.529,4,0.003,0.006,0.004,5,-32.037,-31.841,28.868
1753.07925,3,7.872,5.666,-0.53,4,0.003,0.006,0.004,,,,
1753.13662,3,7.888,5.665,-0.526,4,0.003,0.006,0.005,5,-29.543,-32.971,27.879
1753.19314,3,7.897,5.673,-0.524,4,0.003,0.006,0.005,5,-30.914,-32.397,28.156
1753.24978,3,7.911,5.669,-0.529,4,0.004,0.006,0.005,5,-30.051,-33.095,28.128
1753.3063,3,7.915,5.669,-0.53,4,0.004,0.005,0.005,,,,
1753.36279,3,7.93,5.665,-0.526,4,0.004,0.005,0.005,5,-31.052,-31.599,29.662
1753.41946,3,7.938,5.661,-0.525,4,0.004,0.004,0.005,5,-31.48,-30.644,29.755
1753.47625,3,7.947,5.658,-0.523,4,0.004,0.003,0.005,,,,
1753.53293,3,7.944,5.653,-0.521,4,0.005,0.003,0.005,5,-31.694,-31.494,28.751
1753.58957,3,7.95,5.648,-0.525,4,0.004,0.002,0.005,5,-31.384,-31.361,29.562
1753.64615,3,7.951,5.646,-0.518,4,0.005,0.002,0.005,5,-30.775,-32.664,29.028
1753.70215,3,7.947,5.638,-0.517,4,0.006,0.001,0.005,,,,
1753.75754,3,7.947,5.637,-0.522,4,0.005,0,0.004,5,-30.969,-31.656,28.423
1753.81415,3,7.943,5.631,-0.518,4,0.006,0,0.003,5,-32.643,-30.957,28.874
1753.8714,3,7.933,5.626,-0.522,4,0.006,-0.001,0.003,,,,
1753.92868,3,7.928,5.625,-0.525,4,0.007,-0.002,0.003,5,-30.225,-32.15,27.162
1753.98462,3,7.913,5.622,-0.527,4,0.006,-0.002,0.002,5,-31.435,-32.048,28.462
1754.04254,3,7.903,5.611,-0.53,4,0.007,-0.003,0.001,5,-32.372,-30.981,29.309
1754.0993,3,7.888,5.61,-0.532,4,0.007,-0.003,0.002,,,,
1754.15533,3,7.878,5.61,-0.537,4,0.007,-0.004,0.001,5,-30.891,-31.436,29.512
1754.21112,3,7.866,5.605,-0.533,4,0.006,-0.004,0.001,5,-31.577,-32.076,28.836
1754.26898,3,7.846,5.606,-0.546,4,0.006,-0.004,0.001,5,-31.357,-31.818,28.864
1754.32586,3,7.84,5.597,-0.546,4,0.006,-0.004,0.001,5,-31.149,-31.892,27.985
1754.38202,3,7.831,5.602,-0.546,4,0.006,-0.004,0.001,5,-30.537,-31.81,29.036
1754.43741,3,7.818,5.602,-0.558,4,0.005,-0.003,0.001,5,-30.527,-30.176,27.853
1754.49435,3,7.816,5.594,-0.551,4,0.005,-0.003,0.001,,,,
1754.55163,3,7.817,5.593,-0.558,4,0.004,-0.002,0.001,5,-30.544,-30.49,29.576
1754.60696,3,7.829,5.59,-0.558,4,0.004,-0.002,0.001,5,-30.238,-30.409,28.772
1754.6636,3,7.835,5.586,-0.562,4,0.003,-0.001,0.001,5,-32.062,-31.232,28.578
1754.72082,3,7.84,5.583,-0.567,4,0.002,0,0.001,5,-31.781,-31.866,29.092
1754.77868,3,7.844,5.594,-0.567,4,0.002,0.001,0.001,5,-31.339,-31.876,30.101
1754.83532,3,7.845,5.603,-0.566,4,0.001,0.002,0,5,-32.095,-31.837,29.916
1754.89172,3,7.852,5.611,-0.567,4,0.001,0.003,0,,,,
1754.94833,3,7.855,5.619,-0.561,4,0,0.004,0,5,-30.956,-32.394,27.739
1755.00528,3,7.879,5.618,-0.556,4,0,0.005,-0.001,5,-31.647,-32.127,28.505
1755.06134,3,7.881,5.633,-0.555,4,-0.001,0.006,-0.001,5,-31.07,-32.542,29.312
1755.1166,3,7.897,5.639,-0.547,4,-0.002,0.006,-0.001,5,-30.714,-30.789,30.02
1755.17386,3,7.904,5.648,-0.538,4,-0.001,0.007,-0.001,5,-30.653,-32.684,27.936
1755.23184,3,7.919,5.646,-0.534,4,-0.002,0.007,-0.001,5,-29.358,-31.319,27.673
1755.28851,3,7.93,5.657,-0.53,4,-0.002,0.007,-0.002,,,,
1755.34503,3,7.94,5.665,-0.521,4,-0.003,0.008,-0.001,5,-30.251,-32.568,28.278
1755.40164,3,7.937,5.673,-0.51,4,-0.002,0.007,-0.001,5,-30.35,-32.387,28.169
1755.45828,3,7.938,5.678,-0.508,4,-0.001,0.007,-0.001,5,-30.551,-30.907,28.128
1755.51428,3,7.938,5.674,-0.5,4,-0.001,0.006,-0.002,,,,
1755.56964,3,7.938,5.669,-0.5,4,-0.001,0.004,-0.002,5,-31.877,-31.136,29.46
1755.62689,3,7.928,5.671,-0.508,4,0.001,0.003,-0.002,5,-30.695,-30.309,30.206
1755.68478,3,7.931,5.662,-0.506,4,0.001,0.003,-0.002,,,,
1755.74139,3,7.935,5.652,-0.514,4,0.002,0.001,-0.002,5,-31.207,-32.256,29.117
1755.79742,3,7.929,5.647,-0.524,4,0.003,0,-0.002,5,-31.967,-30.797,28.23
1755.85278,3,7.918,5.652,-0.514,4,0.003,-0.001,-0.002,,,,
1755.90939,3,7.894,5.665,-0.495,4,0.004,-0.002,-0.003,5,-31.503,-31.967,29.465
1755.96673,3,7.885,5.665,-0.535,4,0.004,-0.003,-0.003,5,-30.67,-31.302,28.571
1756.02466,3,7.884,5.661,-0.51,4,0.005,-0.004,-0.002,,,,
1756.0812,3,7.881,5.661,-0.52,4,0.004,-0.004,-0.002,5,-31.142,-30.325,28.722
1756.13785,3,7.862,5.66,-0.53,4,0.005,-0.004,-0.002,5,-30.269,-31.439,28.821
1756.19449,3,7.841,5.661,-0.546,4,0.005,-0.005,-0.002,5,-31.631,-32.666,29.413
1756.25045,3,7.839,5.669,-0.522,4,0.005,-0.005,-0.001,,,,
1756.30578,3,7.815,5.67,-0.544,4,0.006,-0.005,-0.001,5,-31.343,-31.818,28.862
1756.36245,3,7.806,5.676,-0.557,4,0.007,-0.005,0,5,-31.401,-31.912,27.788
1756.41971,3,7.793,5.683,-0.55,4,0.006,-0.003,0,5,-30.745,-30.803,29.173
1756.4776,3,7.789,5.682,-0.546,4,0.007,-0.003,0.001,5,-31.615,-30.936,29.314
1756.53433,3,7.787,5.674,-0.556,4,0.007,-0.002,0.002,5,-30.978,-31.303,29.074
1756.591,3,7.795,5.665,-0.566,4,0.007,-0.001,0.002,5,-30.649,-31.007,28.459
1756.64755,3,7.814,5.654,-0.565,4,0.007,0,0.003,,,,
1756.7034,3,7.819,5.634,-0.559,4,0.007,0.002,0.004,5,-30.745,-31.654,30.2
1756.75885,3,7.825,5.626,-0.563,4,0.006,0.002,0.004,5,-31.5,-32.503,28.807
1756.81616,3,7.847,5.625,-0.565,4,0.006,0.003,0.004,5,-31.281,-31.01,28.433
1756.87414,3,7.856,5.624,-0.557,4,0.006,0.004,0.004,5,-32.224,-31.113,27.26
1756.93075,3,7.869,5.625,-0.558,4,0.005,0.004,0.005,5,-31.017,-31.494,29.72
1756.98736,3,7.873,5.623,-0.55,4,0.004,0.005,0.004,5,-30.743,-31.714,29.3
1757.044,3,7.884,5.632,-0.536,4,0.004,0.005,0.005,,,,
1757.09994,3,7.902,5.633,-0.534,4,0.003,0.005,0.004,5,-31.769,-31.38,28.726
1757.15527,3,7.913,5.635,-0.541,4,0.003,0.006,0.004,5,-30.396,-30.685,29.276
1757.21188,3,7.919,5.637,-0.534,4,0.003,0.005,0.004,5,-32.15,-30.664,29.16
1757.26919,3,7.931,5.637,-0.533,4,0.003,0.005,0.004,5,-31.322,-31.514,28.575
1757.32721,3,7.927,5.639,-0.525,4,0.003,0.005,0.004,5,-30.634,-31.567,28.772
1757.38376,3,7.927,5.637,-0.529,4,0.003,0.005,0.003,5,-31.348,-31.747,28.77
1757.44043,3,7.919,5.638,-0.525,4,0.004,0.004,0.003,,,,
1757.49707,3,7.929,5.631,-0.526,4,0.003,0.004,0.002,5,-32.095,-31.845,29.616
1757.55301,3,7.926,5.633,-0.53,4,0.003,0.003,0.002,5,-31.245,-31.998,29.507
1757.60931,3,7.927,5.622,-0.538,4,0.004,0.003,0.002,5,-31.87,-31.841,28.706
1757.66696,3,7.925,5.62,-0.53,4,0.004,0.003,0.001,5,-31.168,-31.636,27.274
1757.72226,3,7.922,5.617,-0.526,4,0.004,0.002,0.001,5,-30.35,-30.853,28.514
1757.78027,3,7.902,5.621,-0.534,4,0.004,0.002,0.001,5,-31.708,-32.275,26.443
1757.83673,3,7.907,5.614,-0.538,4,0.004,0.001,0,,,,
1757.89316,3,7.896,5.616,-0.53,4,0.004,0.001,0,5,-29.268,-33.531,27.376
1757.94931,3,7.906,5.609,-0.538,4,0.003,0,-0.001,5,-30.266,-31.487,27.826
1758.00467,3,7.893,5.609,-0.543,4,0.004,0.001,-0.001,5,-30.263,-31.281,29.247
1758.06128,3,7.89,5.615,-0.536,4,0.003,0,-0.001,,,,
1758.11795,3,7.888,5.613,-0.534,4,0.003,0.001,-0.002,5,-31.422,-31.126,29.256
1758.17514,3,7.874,5.626,-0.535,4,0.002,0,-0.002,5,-31.473,-32.446,30.197
1758.23297,3,7.885,5.633,-0.526,4,0.002,0,-0.002,,,,
1758.2897,3,7.887,5.638,-0.53,4,0.002,0,-0.002,5,-30.302,-31.779,28.558
1758.34637,3,7.875,5.645,-0.53,4,0.002,0,-0.003,5,-31.448,-32.095,28.03
1758.4031,3,7.879,5.651,-0.528,4,0.002,0,-0.003,5,-31.563,-32.146,28.435
1758.45898,3,7.871,5.657,-0.523,4,0.003,0,-0.003,,,,
1758.51498,3,7.86,5.673,-0.534,4,0.003,0,-0.003,5,-31.642,-31.635,28.891
1758.57242,3,7.861,5.678,-0.518,4,0.003,0,-0.003,5,-31.322,-31.506,28.745
1758.6286,3,7.856,5.678,-0.533,4,0.004,0,-0.003,,,,
1758.68609,3,7.85,5.687,-0.533,4,0.004,0,-0.002,5,-32.504,-31.697,29.033
1758.7427,3,7.847,5.68,-0.535,4,0.005,0,-0.002,5,-30.476,-31.503,29.25
1758.79937,3,7.844,5.684,-0.541,4,0.005,0,-0.001,5,-31.65,-32.133,28.868
1758.85605,3,7.837,5.687,-0.541,4,0.006,0,-0.001,,,,
1758.91205,3,7.839,5.685,-0.548,4,0.006,0,0,5,-31.319,-31.522,29.291
1758.96737,3,7.831,5.679,-0.546,4,0.007,0.001,0,5,-31.395,-31.9,28.917
1759.02466,3,7.829,5.677,-0.545,4,0.008,0.001,0.001,,,,
1759.08255,3,7.826,5.672,-0.546,4,0.007,0.002,0.001,5,-31.458,-30.084,28.04
1759.13916,3,7.822,5.665,-0.536,4,0.008,0.003,0.001,5,-31.766,-31.584,29.372
1759.19577,3,7.84,5.641,-0.601,4,0.007,0.004,0.002,5,-31.194,-31.87,28.838
1759.25174,3,7.854,5.641,-0.528,4,0.009,0.004,0.002,,,,
1759.30774,3,7.846,5.632,-0.544,4,0.008,0.005,0.002,5,-31.421,-33.557,28.557
1759.36569,3,7.85,5.626,-0.568,4,0.008,0.005,0.002,5,-30.249,-30.357,29.002
1759.42245,3,7.847,5.62,-0.553,4,0.008,0.006,0.002,,,,
1759.47909,3,7.864,5.621,-0.558,4,0.007,0.006,0.002,5,-30.67,-32.776,27.905
1759.53579,3,7.865,5.619,-0.55,4,0.006,0.006,0.003,5,-31.563,-31.078,29.391
1759.59247,3,7.871,5.624,-0.539,4,0.005,0.007,0.003,5,-31.265,-31.175,28.915
1759.64892,3,7.887,5.615,-0.539,4,0.005,0.007,0.003,,,,
1759.70553,3,7.896,5.616,-0.544,4,0.004,0.007,0.003,5,-32.089,-30.487,28.593
1759.76153,3,7.903,5.618,-0.518,4,0.003,0.006,0.004,5,-32.558,-31.004,29.135
1759.81799,3,7.908,5.62,-0.522,4,0.003,0.006,0.004,5,-31.38,-32.558,28.481
1759.8764,3,7.919,5.617,-0.533,4,0.002,0.005,0.004,5,-30.696,-31.363,27.757
1759.93234,3,7.927,5.616,-0.501,4,0.001,0.004,0.004,5,-30.737,-31.427,29.485
1759.9888,3,7.927,5.626,-0.514,4,0,0.003,0.005,5,-32.108,-31.305,29.86
1760.04394,3,7.926,5.628,-0.524,4,0,0.001,0.006,,,,
1760.10119,3,7.934,5.631,-0.504,4,0,0,0.005,5,-31.688,-30.07,28.012
1760.15722,3,7.931,5.63,-0.513,4,-0.001,-0.001,0.006,5,-30.754,-31.215,29.718
1760.21505,3,7.93,5.636,-0.53,4,-0.001,-0.002,0.005,5,-32.095,-31.758,29.613
1760.27127,3,7.922,5.638,-0.513,4,0,-0.004,0.005,5,-32.315,-32.732,28.004
1760.32766,3,7.921,5.641,-0.526,4,0,-0.004,0.005,5,-32.585,-32.541,29.021
1760.38513,3,7.926,5.637,-0.535,4,-0.001,-0.005,0.005,5,-30.859,-32.603,29.759
1760.44113,3,7.926,5.63,-0.525,4,0,-0.005,0.005,,,,
1760.49713,3,7.923,5.634,-0.541,4,0,-0.006,0.005,5,-30.994,-30.913,29.538
1760.55432,3,7.917,5.636,-0.546,4,0,-0.006,0.004,5,-30.099,-31.055,28.162
1760.60959,3,7.91,5.626,-0.541,4,0,-0.006,0.003,5,-30.098,-31.122,27.661
1760.6669,3,7.903,5.625,-0.558,4,0,-0.006,0.003,5,-30.135,-31.882,27.985
1760.72485,3,7.896,5.626,-0.567,4,0,-0.006,0.002,5,-30.446,-31.685,27.788
1760.78152,3,7.886,5.615,-0.569,4,0.001,-0.006,0.002,5,-29.46,-32.626,28.709
1760.83816,3,7.871,5.622,-0.576,4,0.001,-0.004,0.002,,,,
1760.89459,3,7.86,5.621,-0.582,4,0,-0.003,0.001,5,-31.604,-31.319,29.364
1760.95037,3,7.862,5.62,-0.572,4,0,-0.002,0.001,5,-31.586,-32.536,30.186
1761.006,3,7.855,5.626,-0.577,4,-0.001,-0.001,0,5,-31.534,-31.63,28.85
1761.06265,3,7.844,5.626,-0.578,4,-0.001,0,-0.001,5,-31.549,-30.542,29.324
1761.11974,3,7.844,5.632,-0.564,4,0,0.001,-0.001,5,-31.238,-31.548,29.463
1761.17754,3,7.85,5.635,-0.559,4,-0.001,0.002,-0.001,5,-31.557,-31.166,27.87
1761.23449,3,7.851,5.637,-0.564,4,0,0.004,-0.001,,,,
1761.29095,3,7.86,5.63,-0.545,4,0,0.005,-0.002,5,-31.36,-29.472,28.77
1761.34783,3,7.874,5.634,-0.538,4,0,0.006,-0.002,5,-30.995,-32.214,29.326
1761.4038,3,7.883,5.637,-0.536,4,0.001,0.006,-0.002,5,-30.678,-31.52,29.507
1761.45904,3,7.894,5.631,-0.523,4,0.001,0.007,-0.003,,,,
1761.5162,3,7.906,5.633,-0.518,4,0.001,0.007,-0.003,5,-30.917,-32.477,28.149
1761.57397,3,7.911,5.633,-0.514,4,0.002,0.006,-0.004,5,-30.875,-32.083,27.245
1761.63085,3,7.919,5.633,-0.506,4,0.003,0.005,-0.004,,,,
1761.68749,3,7.922,5.632,-0.504,4,0.004,0.005,-0.005,5,-31.718,-31.134,27.794
1761.74419,3,7.923,5.642,-0.506,4,0.004,0.004,-0.005,5,-30.855,-31.775,29.128
1761.80111,3,7.927,5.645,-0.499,4,0.005,0.003,-0.005,5,-30.373,-31.598,28.018
1761.85748,3,7.914,5.65,-0.511,4,0.005,0.001,-0.005,,,,
1761.91207,3,7.91,5.654,-0.51,4,0.006,0.001,-0.005,5,-30.501,-32.288,27.85
1761.96902,3,7.911,5.659,-0.51,4,0.006,-0.001,-0.005,5,-30.553,-31.541,28.339
1762.0267,3,7.903,5.657,-0.513,4,0.007,-0.002,-0.006,,,,
1762.08404,3,7.888,5.661,-0.527,4,0.007,-0.003,-0.006,5,-31.758,-31.409,28.014
1762.14056,3,7.884,5.664,-0.527,4,0.007,-0.003,-0.006,5,-31.331,-31.467,28.688
1762.19714,3,7.876,5.652,-0.54,4,0.007,-0.003,-0.005,5,-31.842,-30.186,29.195
1762.25378,3,7.861,5.655,-0.55,4,0.008,-0.004,-0.005,,,,
1762.30978,3,7.849,5.656,-0.55,4,0.007,-0.004,-0.005,5,-32.558,-31.38,29.713
1762.36511,3,7.846,5.641,-0.563,4,0.007,-0.003,-0.004,5,-31.784,-31.4,28.264
1762.42233,3,7.832,5.642,-0.57,4,0.006,-0.003,-0.004,,,,
1762.48022,3,7.827,5.637,-0.573,4,0.006,-0.002,-0.003,5,-30.565,-31.503,28.859
1762.53689,3,7.827,5.624,-0.578,4,0.005,-0.002,-0.003,5,-31.317,-31.375,28.78
1762.59353,3,7.813,5.626,-0.577,4,0.005,-0.001,-0.002,5,-31.511,-32.336,28.653
1762.64953,3,7.817,5.626,-0.58,4,0.003,0,-0.002,,,,
1762.70553,3,7.822,5.622,-0.575,4,0.002,0.001,-0.001,5,-30.463,-31.65,28.709
1762.76281,3,7.82,5.622,-0.581,4,0,0.002,-0.001,5,-31.332,-31.522,29.044
1762.81875,3,7.825,5.626,-0.569,4,-0.001,0.003,0,5,-30.933,-32.355,27.283
1762.87664,3,7.836,5.622,-0.566,4,-0.002,0.003,0.001,5,-29.024,-32.991,29.16
1762.93334,3,7.835,5.633,-0.561,4,-0.003,0.004,0.001,5,-30.411,-31.984,26.776
1762.99001,3,7.847,5.641,-0.546,4,-0.004,0.005,0.002,5,-29.614,-32.823,27.972
1763.04653,3,7.847,5.654,-0.546,4,-0.005,0.005,0.002,,,,
1763.10314,3,7.859,5.664,-0.526,4,-0.005,0.005,0.002,5,-31.323,-32.767,28.455
1763.15917,3,7.876,5.673,-0.527,4,-0.006,0.005,0.003,5,-31.006,-31.926,26.788
1763.21514,3,7.884,5.682,-0.52,4,-0.005,0.004,0.004,5,-31.767,-32.137,28.751
1763.27303,3,7.892,5.688,-0.506,4,-0.006,0.004,0.004,5,-32.089,-32.23,30.255
1763.32967,3,7.902,5.698,-0.505,4,-0.006,0.003,0.005,5,-31.958,-31.953,29.289
1763.38628,3,7.922,5.693,-0.5,4,-0.004,0.002,0.005,5,-31.967,-31.921,29.587
1763.44289,3,7.915,5.702,-0.497,4,-0.005,0.001,0.005,,,,
1763.4995,3,7.931,5.693,-0.495,4,-0.004,0,0.005,5,-31.738,-30.6,28.723
1763.55605,3,7.93,5.693,-0.494,4,-0.002,-0.002,0.006,5,-31.261,-30.214,28.963
1763.61233,3,7.922,5.69,-0.502,4,-0.001,-0.003,0.006,5,-32.019,-30.829,29.318
1763.6679,3,7.925,5.68,-0.506,4,0,-0.004,0.007,5,-31.175,-31.638,28.032
1763.72482,3,7.908,5.678,-0.508,4,0,-0.005,0.007,5,-30.797,-31.668,28.81
1763.78271,3,7.905,5.673,-0.514,4,0,-0.006,0.006,5,-31.659,-31.764,28.831
1763.83935,3,7.893,5.671,-0.518,4,0.001,-0.007,0.007,,,,
1763.89596,3,7.887,5.664,-0.528,4,0.002,-0.008,0.007,5,-31.233,-30.681,28.998
1763.95193,3,7.874,5.662,-0.536,4,0.002,-0.008,0.007,5,-31.81,-31.384,28.844
1764.00732,3,7.864,5.65,-0.548,4,0.003,-0.009,0.007,5,-31.833,-30.727,28.36
1764.06469,3,7.864,5.641,-0.549,4,0.003,-0.009,0.007,5,-31.242,-30.559,27.475
1764.12273,3,7.839,5.633,-0.555,4,0.003,-0.008,0.007,5,-30.508,-31.432,29.057
1764.17858,3,7.844,5.619,-0.563,4,0.003,-0.007,0.007,5,-30.397,-30.791,28.438
1764.23449,3,7.836,5.612,-0.564,4,0.003,-0.006,0.007,,,,
1764.29244,3,7.83,5.609,-0.558,4,0.003,-0.005,0.007,5,-31.975,-30.305,28.955
1764.34841,3,7.836,5.605,-0.564,4,0.002,-0.004,0.006,5,-31.592,-31.403,29.79
1764.40441,3,7.832,5.597,-0.57,4,0.001,-0.003,0.006,5,-31.604,-31.45,29.393
1764.46172,3,7.833,5.599,-0.563,4,0.001,-0.001,0.005,,,,
1764.51772,3,7.844,5.599,-0.563,4,0.001,0,0.005,5,-31.226,-31.012,29.762
1764.57571,3,7.856,5.6,-0.557,4,0,0.002,0.004,5,-30.739,-31.946,29.425
1764.63158,3,7.86,5.598,-0.555,4,0,0.002,0.003,,,,
1764.68765,3,7.876,5.595,-0.55,4,-0.001,0.004,0.003,5,-30.185,-31.346,28.433
1764.74538,3,7.891,5.597,-0.544,4,-0.001,0.004,0.002,5,-30.905,-31.566,28.325
1764.80142,3,7.903,5.598,-0.542,4,-0.002,0.005,0.002,5,-30.939,-31.1,27.866
1764.85677,3,7.912,5.609,-0.534,4,-0.002,0.005,0.001,,,,
1764.91402,3,7.923,5.611,-0.535,4,-0.002,0.006,0,5,-30.515,-32.446,28.297
1764.97186,3,7.929,5.618,-0.526,4,-0.002,0.005,0,5,-30.484,-32.423,27.231
1765.02844,3,7.935,5.622,-0.53,4,-0.002,0.005,-0.001,,,,
1765.08517,3,7.945,5.631,-0.52,4,-0.001,0.005,-0.002,5,-30.116,-31.841,27.824
1765.14126,3,7.938,5.641,-0.516,4,-0.001,0.004,-0.003,5,-31.007,-31.74,28.203
1765.19729,3,7.94,5.64,-0.52,4,-0.001,0.004,-0.002,5,-31.827,-31.314,28.612
1765.25457,3,7.946,5.646,-0.513,4,0,0.003,-0.003,,,,
1765.3102,3,7.941,5.646,-0.508,4,0,0.002,-0.004,5,-30.225,-32.298,29.808
1765.3677,3,7.943,5.653,-0.509,4,0.001,0.001,-0.004,5,-30.577,-31.383,29.425
1765.42461,3,7.937,5.656,-0.514,4,0.002,0,-0.005,,,,
1765.48156,3,7.932,5.658,-0.507,4,0.002,0,-0.005,5,-31.14,-33.429,29.221
1765.5382,3,7.922,5.659,-0.515,4,0.003,-0.001,-0.005,5,-31.709,-31.718,28.693
1765.59423,3,7.918,5.654,-0.517,4,0.003,-0.002,-0.005,5,-31.573,-31.972,28.676
1765.64956,3,7.91,5.655,-0.518,4,0.004,-0.003,-0.006,,,,
1765.70617,3,7.906,5.646,-0.524,4,0.005,-0.003,-0.006,5,-31.467,-31.851,27.344
1765.76284,3,7.9,5.643,-0.525,4,0.005,-0.004,-0.006,5,-32.094,-31.357,29.237
1765.82009,3,7.89,5.635,-0.532,4,0.005,-0.004,-0.006,,,,
1765.87798,3,7.894,5.626,-0.541,4,0.005,-0.005,-0.006,5,-31.277,-30.602,28.912
1765.93462,3,7.876,5.631,-0.535,4,0.005,-0.004,-0.006,5,-31.104,-31.744,29.062
1765.99133,3,7.864,5.623,-0.544,4,0.005,-0.005,-0.006,5,-31.181,-31.435,29.51
1766.04745,3,7.852,5.626,-0.548,4,0.004,-0.005,-0.006,,,,
1766.10262,3,7.837,5.633,-0.546,4,0.004,-0.005,-0.006,5,-30.652,-31.766,28.236
1766.15923,3,7.83,5.633,-0.556,4,0.003,-0.004,-0.006,5,-31.337,-31.644,29.124
1766.21652,3,7.809,5.646,-0.557,4,0.003,-0.003,-0.006,5,-30.388,-30.882,28.757
1766.2745,3,7.806,5.651,-0.562,4,0.002,-0.003,-0.005,5,-32.594,-31.39,28.203
1766.33111,3,7.793,5.661,-0.571,4,0.002,-0.002,-0.004,5,-31.604,-32.501,29.253
1766.38775,3,7.796,5.658,-0.565,4,0.001,-0.002,-0.003,5,-32.431,-31.99,29.082
1766.44436,3,7.787,5.671,-0.575,4,0,0,-0.002,,,,
1766.50036,3,7.797,5.673,-0.573,4,0,0.001,-0.001,5,-30.681,-30.266,28.198
1766.55569,3,7.801,5.673,-0.564,4,-0.001,0.001,0,5,-30.865,-32.039,28.867
1766.61291,3,7.802,5.677,-0.56,4,-0.001,0.003,0.001,5,-31.233,-33.034,28.752
1766.67092,3,7.816,5.687,-0.554,4,-0.001,0.004,0.001,5,-32.381,-32.295,28.839
1766.72765,3,7.829,5.694,-0.549,4,-0.001,0.005,0.003,5,-30.775,-31.615,29.33
1766.78433,3,7.829,5.689,-0.548,4,-0.002,0.005,0.004,5,-31.393,-31.874,29.259
1766.84075,3,7.839,5.694,-0.546,4,-0.002,0.005,0.004,,,,
1766.89675,3,7.848,5.69,-0.544,4,-0.002,0.005,0.005,5,-30.775,-33.061,28.879
1766.95254,3,7.861,5.684,-0.542,4,-0.002,0.006,0.006,5,-30.37,-32.813,28
1767.00967,3,7.876,5.682,-0.542,4,-0.001,0.005,0.007,5,-29.922,-31.282,27.965
1767.06597,3,7.882,5.689,-0.529,4,-0.002,0.005,0.008,5,-31.645,-31.763,28.528
1767.12396,3,7.891,5.685,-0.522,4,-0.001,0.005,0.009,5,-31.183,-31.801,28.452
1767.1806,3,7.89,5.687,-0.516,4,0,0.004,0.009,5,-31.419,-32.333,28.067
1767.23714,3,7.904,5.678,-0.511,4,0,0.004,0.009,,,,
1767.29369,3,7.907,5.675,-0.512,4,0.001,0.003,0.01,5,-30.424,-32.565,27.019
1767.34975,3,7.915,5.665,-0.509,4,0.001,0.002,0.01,5,-31.729,-30.733,29.283
1767.40505,3,7.915,5.657,-0.51,4,0.002,0.001,0.01,5,-32.043,-29.984,28.471
1767.46233,3,7.912,5.65,-0.518,4,0.003,0,0.01,5,-31.406,-31.917,29.482
1767.51983,3,7.91,5.644,-0.52,4,0.004,-0.001,0.01,5,-30.322,-31.944,29.478
1767.57595,3,7.908,5.632,-0.525,4,0.004,-0.002,0.01,5,-31.009,-30.936,29.547
1767.63357,3,7.911,5.621,-0.522,4,0.004,-0.002,0.01,,,,
1767.69018,3,7.909,5.606,-0.526,4,0.005,-0.003,0.009,5,-30.779,-31.587,28.909
1767.74688,3,7.922,5.595,-0.539,4,0.005,-0.003,0.009,5,-31.38,-31.403,28.374
1767.80358,3,7.922,5.585,-0.542,4,0.005,-0.004,0.009,5,-31.985,-31.377,28.296
1767.86007,3,7.92,5.578,-0.546,4,0.005,-0.005,0.008,,,,
1767.91656,3,7.919,5.566,-0.546,4,0.005,-0.005,0.008,5,-31.734,-31.656,28.56
1767.97338,3,7.921,5.562,-0.553,4,0.004,-0.005,0.007,5,-31.923,-32.17,27.904
1768.02923,3,7.914,5.549,-0.562,4,0.004,-0.005,0.005,,,,
1768.08526,3,7.913,5.546,-0.569,4,0.004,-0.005,0.005,5,-31.821,-31.403,28.281
1768.14312,3,7.909,5.541,-0.574,4,0.002,-0.005,0.003,5,-32.091,-31.41,29.396
1768.19912,3,7.911,5.538,-0.578,4,0.001,-0.005,0.002,5,-31.383,-31.572,27.948
1768.25448,3,7.898,5.547,-0.573,4,0,-0.004,0.001,,,,
1768.31109,3,7.899,5.555,-0.575,4,-0.001,-0.004,0,5,-31.274,-31.752,28.317
1768.3684,3,7.894,5.563,-0.573,4,-0.002,-0.002,-0.001,5,-31.548,-31.717,29.814
1768.42629,3,7.896,5.574,-0.571,4,-0.002,-0.003,-0.002,,,,
1768.4829,3,7.898,5.584,-0.56,4,-0.003,-0.001,-0.003,5,-31.865,-32.816,28.082
1768.53951,3,7.902,5.601,-0.559,4,-0.005,-0.001,-0.004,5,-31.604,-31.096,29.071
1768.59612,3,7.9,5.624,-0.545,4,-0.005,0,-0.004,5,-31.987,-31.526,29.436
1768.65215,3,7.906,5.645,-0.55,4,-0.006,0,-0.005,,,,
1768.70754,3,7.905,5.66,-0.532,4,-0.006,0,-0.005,5,-31.514,-31.885,28.206
1768.76485,3,7.911,5.677,-0.523,4,-0.006,0.001,-0.005,5,-30.777,-31.822,28.02
1768.82281,3,7.911,5.687,-0.526,4,-0.005,0.001,-0.006,,,,
1768.87933,3,7.915,5.686,-0.518,4,-0.005,0.001,-0.006,5,-31.915,-31.528,27.502
1768.93594,3,7.918,5.693,-0.513,4,-0.003,0.001,-0.006,5,-32.208,-30.696,28.796
1768.99258,3,7.914,5.692,-0.51,4,-0.003,0.001,-0.006,5,-31.966,-31.442,29.503
1769.04919,3,7.915,5.687,-0.518,4,-0.002,0,-0.006,,,,
1769.10519,3,7.902,5.68,-0.519,4,-0.001,0,-0.005,5,-31.995,-32.323,28.912
1769.16052,3,7.888,5.68,-0.517,4,0.001,-0.001,-0.005,5,-31.2,-32.117,28.799
1769.2178,3,7.882,5.683,-0.518,4,0.001,-0.001,-0.005,,,,
1769.27505,3,7.864,5.677,-0.522,4,0.002,-0.001,-0.006,5,-31.125,-31.369,28.511
1769.33105,3,7.843,5.679,-0.538,4,0.003,-0.002,-0.005,5,-30.435,-32.552,27.975
1769.38894,3,7.829,5.675,-0.534,4,0.003,-0.002,-0.005,5,-31.686,-31.952,29.265
1769.44558,3,7.828,5.67,-0.537,4,0.003,-0.001,-0.004,,,,
1769.50216,3,7.817,5.661,-0.545,4,0.005,-0.001,-0.004,5,-30.984,-32.397,28.85
1769.55819,3,7.815,5.663,-0.546,4,0.006,0,-0.004,5,-29.309,-32.278,27.402
1769.61416,3,7.821,5.654,-0.546,4,0.006,0,-0.003,5,-30.696,-32.948,27.67
1769.67138,3,7.822,5.652,-0.558,4,0.006,0.001,-0.003,5,-30.449,-31.752,28.831
1769.72683,3,7.82,5.649,-0.553,4,0.006,0.001,-0.002,5,-31.11,-32.823,29.474
1769.78414,3,7.827,5.651,-0.556,4,0.005,0.002,-0.002,5,-29.826,-31.456,29.077
1769.84216,3,7.835,5.648,-0.568,4,0.006,0.002,-0.001,,,,
1769.89864,3,7.84,5.649,-0.562,4,0.006,0.002,-0.001,5,-30.516,-30.939,28.706
1769.95458,3,7.844,5.652,-0.554,4,0.005,0.003,-0.001,5,-30.687,-31.268,29.543
1770.00997,3,7.852,5.664,-0.554,4,0.005,0.004,0,5,-30.113,-32.159,28.868
1770.06719,3,7.861,5.672,-0.543,4,0.005,0.004,0,5,-31.154,-32.48,29.628
1770.12505,3,7.865,5.669,-0.542,4,0.005,0.004,0.001,5,-31.525,-31.702,29.295
1770.18148,3,7.876,5.671,-0.54,4,0.004,0.004,0.002,5,-30.235,-32.042,29.665
1770.23779,3,7.879,5.673,-0.534,4,0.004,0.004,0.002,,,,
1770.29437,3,7.884,5.678,-0.533,4,0.004,0.004,0.003,5,-31.241,-31.731,29.454
1770.34975,3,7.889,5.675,-0.53,4,0.004,0.004,0.003,5,-30.656,-31.752,30.284
1770.40701,3,7.888,5.676,-0.534,4,0.004,0.003,0.003,5,-30.743,-32.034,29.611
1770.46484,3,7.887,5.681,-0.519,4,0.004,0.003,0.004,5,-31.172,-31.781,29.485
1770.52151,3,7.883,5.679,-0.524,4,0.005,0.003,0.004,5,-31.059,-32.408,29.124
1770.57827,3,7.882,5.674,-0.53,4,0.004,0.002,0.004,5,-32.118,-31.213,29.17
1770.63503,3,7.88,5.664,-0.526,4,0.004,0.002,0.004,,,,
1770.69164,3,7.876,5.655,-0.528,4,0.005,0.002,0.005,5,-31.357,-31.54,29.594
1770.7477,3,7.872,5.65,-0.536,4,0.004,0.001,0.005,5,-31.349,-31.665,29.117
1770.80279,3,7.875,5.633,-0.534,4,0.005,0.001,0.005,5,-31.534,-31.079,28.604
1770.85949,3,7.877,5.622,-0.535,4,0.005,0.001,0.006,,,,
1770.91686,3,7.872,5.614,-0.546,4,0.005,0.001,0.006,5,-30.322,-31.734,28.905
1770.97463,3,7.874,5.605,-0.541,4,0.005,0.001,0.006,5,-31.213,-31.702,29.362
1771.03115,3,7.878,5.597,-0.538,4,0.004,0.001,0.005,,,,
1771.08779,3,7.878,5.594,-0.546,4,0.004,0.001,0.005,5,-30.507,-31.975,29.659
1771.14385,3,7.881,5.598,-0.544,4,0.004,0.001,0.005,5,-30.28,-32.347,27.983
1771.19918,3,7.882,5.589,-0.544,4,0.003,0.001,0.004,5,-30.319,-31.247,28.667
1771.25582,3,7.881,5.595,-0.552,4,0.003,0.001,0.004,,,,
1771.31304,3,7.881,5.6,-0.534,4,0.003,0.001,0.003,5,-30.823,-30.609,29.218
1771.37093,3,7.893,5.601,-0.539,4,0.002,0.002,0.003,5,-31.16,-31.223,29.16
1771.42693,3,7.891,5.609,-0.539,4,0.002,0.002,0.003,,,,
1771.48293,3,7.893,5.623,-0.536,4,0.002,0.001,0.002,5,-31.468,-31.694,28.809
1771.54083,3,7.899,5.629,-0.533,4,0.001,0.001,0.002,5,-30.916,-32.085,28.676
1771.59683,3,7.905,5.63,-0.543,4,0.001,0.002,0.001,5,-31.065,-32.401,28.58
1771.65221,3,7.906,5.637,-0.53,4,0.002,0.002,0.001,,,,
1771.70886,3,7.914,5.647,-0.526,4,0.001,0.001,0.001,5,-31.288,-32.091,29.478
1771.76574,3,7.914,5.655,-0.528,4,0.002,0.001,0.001,5,-31.72,-31.287,29.578
1771.82327,3,7.921,5.652,-0.527,4,0.002,0.001,0,,,,
1771.88064,3,7.92,5.656,-0.524,4,0.002,0.001,0,5,-29.794,-32.275,28.322
1771.93728,3,7.929,5.651,-0.528,4,0.002,0,0,5,-29.506,-31.329,29.851
1771.99386,3,7.926,5.644,-0.522,4,0.003,0,-0.001,5,-30.878,-31.514,30.042
1772.04986,3,7.923,5.642,-0.533,4,0.003,0,-0.001,,,,
1772.10525,3,7.923,5.639,-0.533,4,0.003,-0.001,-0.001,5,-32.648,-31.5,27.884
1772.16247,3,7.919,5.633,-0.532,4,0.003,-0.002,-0.001,5,-31.104,-31.241,28.897
1772.22033,3,7.913,5.63,-0.538,4,0.003,-0.002,-0.001,,,,
1772.277,3,7.9,5.633,-0.54,4,0.003,-0.003,-0.001,5,-31.328,-31.815,28.937
1772.33379,3,7.897,5.632,-0.536,4,0.002,-0.003,-0.001,5,-30.125,-32.207,29.526
1772.39043,3,7.892,5.63,-0.546,4,0.002,-0.003,-0.001,5,-31.343,-31.372,28.305
1772.44705,3,7.888,5.63,-0.554,4,0.002,-0.003,-0.001,,,,
1772.50298,3,7.88,5.631,-0.545,4,0.001,-0.004,-0.001,5,-31.056,-31.531,29.948
1772.55828,3,7.88,5.622,-0.54,4,0.001,-0.003,-0.001,5,-31.099,-31.302,27.753
1772.61559,3,7.876,5.617,-0.557,4,0.001,-0.003,-0.001,5,-31.033,-31.645,28.682
1772.67361,3,7.868,5.616,-0.549,4,0.001,-0.003,-0.001,5,-30.389,-31.841,30.092
1772.73019,3,7.864,5.611,-0.545,4,0,-0.002,-0.001,5,-32.04,-32.224,30.119
1772.78671,3,7.856,5.612,-0.556,4,0,-0.002,-0.001,5,-31.41,-32.715,28.481
1772.84341,3,7.854,5.61,-0.55,4,-0.001,-0.001,-0.001,,,,
1772.90002,3,7.85,5.61,-0.55,4,-0.001,-0.001,-0.001,5,-30.414,-31.865,26.254
1772.95593,3,7.856,5.62,-0.557,4,-0.002,-0.001,-0.002,5,-29.938,-33.342,27.376
1773.01196,3,7.855,5.618,-0.546,4,-0.003,0,-0.002,5,-30.174,-32.452,28.482
1773.06924,3,7.854,5.63,-0.542,4,-0.003,0.001,-0.002,5,-31.978,-31.538,28.943
1773.12524,3,7.856,5.63,-0.547,4,-0.003,0.001,-0.002,5,-30.777,-32.208,29.385
1773.18307,3,7.869,5.639,-0.535,4,-0.003,0.002,-0.002,5,-30.139,-32.126,29.459
1773.23968,3,7.878,5.642,-0.534,4,-0.003,0.002,-0.002,,,,
1773.29635,3,7.88,5.649,-0.537,4,-0.003,0.002,-0.002,5,-30.696,-31.943,29.758
1773.35235,3,7.89,5.657,-0.523,4,-0.003,0.002,-0.002,5,-31.303,-31.609,28.978
1773.40768,3,7.902,5.663,-0.522,4,-0.002,0.001,-0.002,5,-31.271,-31.34,29.474
1773.46481,3,7.9,5.665,-0.522,4,-0.002,0.001,-0.002,5,-31.563,-30.655,28.696
1773.52255,3,7.901,5.671,-0.519,4,-0.002,0.001,-0.002,5,-31.337,-31.667,28.726
1773.57952,3,7.907,5.677,-0.514,4,-0.002,0.001,-0.002,5,-32.251,-32.706,28.128
1773.6361,3,7.907,5.684,-0.52,4,-0.002,-0.001,-0.002,,,,
1773.69207,3,7.902,5.69,-0.512,4,-0.001,-0.001,-0.001,5,-30.87,-31.894,28.253
1773.7481,3,7.897,5.689,-0.512,4,-0.001,-0.002,-0.001,5,-30.681,-32.687,28.34
1773.80605,3,7.892,5.691,-0.522,4,-0.001,-0.003,-0.001,5,-31.714,-31.407,29.564
1773.86269,3,7.88,5.683,-0.523,4,0,-0.003,0,5,-31.197,-32.776,28.697
1773.91869,3,7.868,5.675,-0.524,4,0.001,-0.004,0,5,-31.044,-32.033,27.975
1773.97469,3,7.863,5.67,-0.534,4,0.001,-0.004,0.001,5,-30.515,-31.27,28.496
1774.03271,3,7.86,5.66,-0.551,4,0.001,-0.004,0.002,,,,
1774.08929,3,7.844,5.661,-0.532,4,0.001,-0.004,0.002,5,-30.699,-31.499,28.323
1774.14596,3,7.817,5.673,-0.551,4,0.001,-0.004,0.002,5,-31.34,-31.667,29.836
1774.20184,3,7.784,5.699,-0.549,4,0.001,-0.004,0.003,5,-31.248,-32.806,28.369
1774.25768,3,7.772,5.697,-0.549,4,0.001,-0.003,0.004,,,,
1774.315,3,7.754,5.702,-0.551,4,0.001,-0.003,0.005,5,-30.821,-32.338,27.974
1774.37106,3,7.759,5.694,-0.551,4,0.001,-0.001,0.006,5,-30.402,-31.491,27.879
1774.4284,3,7.767,5.689,-0.557,4,0.002,0,0.007,,,,
1774.48556,3,7.769,5.681,-0.55,4,0.004,0.001,0.008,5,-31.16,-30.945,28.357
1774.54217,3,7.783,5.666,-0.554,4,0.004,0.002,0.009,5,-30.26,-31.187,29.239
1774.59869,3,7.809,5.648,-0.563,4,0.003,0.004,0.009,5,-32.137,-30.774,29.022
1774.65478,3,7.837,5.638,-0.546,4,0.004,0.006,0.01,,,,
1774.71078,3,7.857,5.626,-0.544,4,0.004,0.006,0.01,5,-32.315,-31.772,28.799
1774.76836,3,7.87,5.63,-0.531,4,0.004,0.007,0.01,5,-31.615,-32.195,29.494
1774.82406,3,7.888,5.629,-0.527,4,0.004,0.007,0.01,,,,
1774.88067,3,7.882,5.641,-0.514,4,0.005,0.007,0.01,5,-31.555,-30.472,29.434
1774.93856,3,7.911,5.652,-0.522,4,0.005,0.007,0.01,5,-30.869,-31.424,29.025
1774.99523,3,7.915,5.647,-0.532,4,0.005,0.007,0.01,5,-31.314,-31.323,28.838
1775.05123,3,7.96,5.621,-0.539,4,0.006,0.006,0.01,,,,
1775.10711,3,7.978,5.601,-0.527,4,0.006,0.006,0.01,5,-31.573,-31.087,29.237
1775.16488,3,7.995,5.588,-0.522,4,0.006,0.005,0.009,5,-30.719,-32.016,27.58
1775.22167,3,7.994,5.578,-0.542,4,0.006,0.005,0.009,,,,
1775.27834,3,8.019,5.565,-0.512,4,0.007,0.003,0.008,5,-31.444,-31.718,30.453
1775.33489,3,8.01,5.571,-0.51,4,0.006,0.003,0.007,5,-31.419,-31.586,29.372
1775.39141,3,8.006,5.574,-0.546,4,0.005,0.002,0.005,5,-32.388,-30.751,29.959
1775.44762,3,7.987,5.593,-0.526,4,0.005,0,0.005,,,,
1775.50359,3,7.986,5.611,-0.541,4,0.006,0,0.003,5,-31.863,-31.198,29.308
1775.56142,3,7.972,5.613,-0.542,4,0.006,-0.001,0.003,5,-30.67,-32.333,29.086
1775.61807,3,7.962,5.591,-0.527,4,0.006,-0.002,0.002,,,,
1775.67419,3,7.984,5.57,-0.547,4,0.006,-0.002,0.002,5,-31.487,-32.024,28.627
1775.73013,3,7.97,5.585,-0.531,4,0.005,-0.003,0.001,5,-31.691,-31.087,29.408
1775.78744,3,7.963,5.561,-0.543,4,0.006,-0.004,0,5,-31.497,-32.486,29.532
1775.84344,3,7.914,5.596,-0.508,4,0.005,-0.004,0,,,,
1775.90072,3,7.931,5.614,-0.534,4,0.004,-0.003,-0.002,5,-31.439,-30.913,29.222
1775.95599,3,7.892,5.622,-0.528,4,0.005,-0.004,-0.002,5,-30.746,-30.316,29.282
1776.01333,3,7.851,5.626,-0.521,4,0.006,-0.004,-0.002,5,-31.538,-30.611,29.601
1776.07134,3,7.814,5.624,-0.545,4,0.006,-0.003,-0.002,5,-31.313,-30.467,28.862
1776.12789,3,7.831,5.594,-0.566,4,0.006,-0.002,-0.002,5,-31.113,-31.221,29.079
1776.18456,3,7.87,5.53,-0.593,4,0.006,-0.001,-0.002,5,-31.357,-31.497,29.738
1776.24072,3,7.846,5.511,-0.573,4,0.007,-0.001,-0.001,,,,
1776.29626,3,7.834,5.494,-0.601,4,0.005,0.001,-0.002,5,-31.43,-32.478,28.229
1776.35241,3,7.891,5.49,-0.566,4,0.004,0.002,-0.004,5,-30.232,-31.389,28.156
1776.40969,3,7.919,5.504,-0.609,4,0.002,0.002,-0.006,5,-30.513,-30.376,28.996
1776.46761,3,7.928,5.507,-0.608,4,0.001,0.002,-0.006,5,-29.376,-31.737,27.974
1776.52425,3,7.885,5.547,-0.573,4,0,0.002,-0.006,5,-30.087,-31.422,28.442
1776.58093,3,7.891,5.562,-0.573,4,-0.002,0.002,-0.008,5,-30.859,-32.947,28.865
1776.63751,3,7.926,5.564,-0.558,4,-0.003,0.002,-0.01,,,,
1776.69421,3,7.965,5.564,-0.55,4,-0.003,0.003,-0.011,5,-29.997,-32.574,27.881
1776.75018,3,7.954,5.596,-0.534,4,-0.004,0.002,-0.011,5,-29.607,-32.8,27.965
1776.80544,3,7.927,5.633,-0.501,4,-0.004,0.002,-0.012,5,-29.982,-31.284,28.592
1776.86272,3,7.876,5.685,-0.477,4,-0.004,0.001,-0.014,5,-32.582,-31.581,28.851
1776.92074,3,7.876,5.712,-0.487,4,-0.004,0.001,-0.014,5,-31.516,-31.955,28.285
1776.97744,3,7.882,5.718,-0.506,4,-0.003,0.001,-0.013,5,-30.678,-31.392,27.783
1777.03396,3,7.878,5.731,-0.477,4,-0.003,0.001,-0.012,,,,
1777.09054,3,7.886,5.724,-0.529,4,-0.003,0.001,-0.012,5,-31.56,-31.856,29.704
1777.14694,3,7.893,5.715,-0.514,4,-0.001,0,-0.011,5,-31.233,-31.682,28.914
1777.20309,3,7.899,5.71,-0.515,4,-0.001,0.001,-0.011,5,-30.62,-32.196,29.446
1777.25848,3,7.884,5.696,-0.554,4,-0.001,0,-0.01,5,-31.841,-31.761,29.465
1777.31582,3,7.872,5.69,-0.556,4,0,-0.001,-0.009,5,-30.167,-32.945,29.457
1777.3738,3,7.868,5.691,-0.537,4,0,-0.001,-0.009,5,-30.655,-31.786,29.72
1777.43026,3,7.835,5.711,-0.547,4,-0.001,-0.002,-0.009,,,,
1777.48675,3,7.818,5.714,-0.559,4,0,-0.002,-0.009,5,-31.23,-32.047,28.987
1777.54345,3,7.793,5.724,-0.538,4,0.001,-0.002,-0.008,5,-30.338,-33.25,28.391
1777.59951,3,7.787,5.733,-0.549,4,0,-0.001,-0.007,5,-30.858,-33.115,28.49
1777.65484,3,7.771,5.73,-0.543,4,0.001,-0.001,-0.006,,,,
1777.71212,3,7.759,5.727,-0.543,4,0.002,0,-0.005,5,-30.576,-31.898,29.256
1777.76998,3,7.765,5.72,-0.54,4,0.002,0,-0.004,5,-31.207,-31.377,28.691
1777.82662,3,7.759,5.72,-0.548,4,0.002,0.001,-0.003,,,,
1777.88326,3,7.766,5.71,-0.538,4,0.003,0.001,-0.002,5,-30.714,-32.892,29.341
1777.93984,3,7.761,5.707,-0.55,4,0.003,0.001,0,5,-32.159,-31.435,28.033
1777.99639,3,7.776,5.706,-0.552,4,0.003,0.002,0.001,5,-31.427,-31.445,27.954
1778.053,3,7.789,5.704,-0.528,4,0.003,0.002,0.002,,,,
1778.10906,3,7.799,5.694,-0.549,4,0.003,0.003,0.003,5,-31.931,-33.191,28.723
1778.16497,3,7.805,5.706,-0.533,4,0.002,0.003,0.004,5,-31.311,-30.821,29.762
1778.22204,3,7.822,5.708,-0.524,4,0.003,0.003,0.005,,,,
1778.2784,3,7.831,5.707,-0.523,4,0.002,0.003,0.007,5,-31.822,-32.593,28.397
1778.3363,3,7.837,5.717,-0.54,4,0.002,0.003,0.008,5,-30.775,-31.888,29.82
1778.39294,3,7.855,5.709,-0.522,4,0.003,0.003,0.008,5,-31.372,-31.142,28.056
1778.44891,3,7.871,5.717,-0.526,4,0.002,0.003,0.01,,,,
1778.50494,3,7.864,5.724,-0.528,4,0.003,0.002,0.01,5,-31.444,-30.911,28.197
1778.56271,3,7.865,5.72,-0.52,4,0.003,0.002,0.011,5,-31.543,-32.657,29.074
1778.61861,3,7.883,5.717,-0.518,4,0.004,0.002,0.012,,,,
1778.67495,3,7.884,5.716,-0.526,4,0.004,0.001,0.013,5,-31.148,-31.105,29.475
1778.73281,3,7.892,5.714,-0.518,4,0.003,0.001,0.013,5,-29.93,-32.336,27.823
1778.78954,3,7.886,5.71,-0.522,4,0.004,0,0.014,5,-31.123,-31.807,28.873
1778.84603,3,7.897,5.703,-0.521,4,0.005,0,0.015,,,,
1778.9027,3,7.903,5.692,-0.512,4,0.005,0,0.015,5,-32.048,-31.252,29.733
1778.95879,3,7.911,5.669,-0.526,4,0.005,0,0.016,5,-30.779,-32.201,29.205
1779.01489,3,7.919,5.654,-0.529,4,0.006,-0.001,0.016,5,-31.102,-32.678,29.642
1779.07266,3,7.909,5.643,-0.522,4,0.006,-0.001,0.016,5,-31.905,-31.21,28.305
1779.1292,3,7.915,5.62,-0.53,4,0.007,-0.002,0.016,5,-31.171,-31.229,28.055
1779.18578,3,7.902,5.607,-0.53,4,0.007,-0.002,0.016,5,-31.706,-31.119,29.201
1779.24249,3,7.912,5.588,-0.536,4,0.006,-0.002,0.015,,,,
1779.29845,3,7.913,5.571,-0.536,4,0.007,-0.003,0.015,5,-31.743,-30.716,28.641
1779.35372,3,7.907,5.558,-0.539,4,0.007,-0.002,0.014,5,-31.551,-30.792,28.302
1779.41103,3,7.901,5.547,-0.539,4,0.006,-0.003,0.013,5,-31.863,-31.508,29.536
1779.46844,3,7.912,5.542,-0.534,4,0.006,-0.002,0.012,5,-31.645,-31.081,29.242
1779.5245,3,7.912,5.535,-0.522,4,0.005,-0.002,0.011,5,-30.876,-32.449,28.094
1779.58227,3,7.897,5.528,-0.523,4,0.006,-0.002,0.011,5,-30.051,-31.982,28.481
1779.63888,3,7.896,5.516,-0.536,4,0.005,-0.002,0.009,,,,
1779.69552,3,7.911,5.512,-0.538,4,0.004,-0.001,0.008,5,-30.165,-31.516,27.448
1779.75152,3,7.949,5.494,-0.565,4,0.004,0,0.006,5,-28.975,-31.593,28.415
1779.807,3,7.94,5.511,-0.566,4,0.003,0,0.005,5,-30.992,-31.79,27.307
1779.86446,3,7.926,5.511,-0.573,4,0.002,0,0.003,5,-30.768,-30.707,26.659
1779.92187,3,7.924,5.519,-0.578,4,0.001,0.001,0.001,5,-32.475,-31.03,28.667
1779.97796,3,7.935,5.539,-0.586,4,-0.001,0.002,-0.001,5,-32.294,-31.349,29.004
1780.03393,3,7.924,5.549,-0.588,4,-0.001,0.002,-0.002,,,,
1780.09194,3,7.943,5.543,-0.585,4,-0.002,0.002,-0.003,5,-31.732,-30.724,29.037
1780.14794,3,7.927,5.586,-0.553,4,-0.002,0.003,-0.004,5,-30.577,-31.66,28.786
1780.20315,3,7.903,5.611,-0.517,4,-0.002,0.004,-0.006,5,-31.274,-32.208,29.448
1780.26043,3,7.894,5.615,-0.51,4,-0.002,0.004,-0.006,5,-31.567,-31.458,28.061
1780.31841,3,7.917,5.614,-0.515,4,-0.001,0.004,-0.008,5,-31.847,-30.284,27.916
1780.37508,3,7.943,5.603,-0.496,4,-0.001,0.005,-0.008,5,-30.78,-30.577,29.301
1780.43102,3,7.931,5.607,-0.495,4,-0.001,0.005,-0.008,,,,
1780.48699,3,7.947,5.599,-0.521,4,0,0.005,-0.01,5,-32.153,-30.179,28.545
1780.54504,3,7.96,5.596,-0.496,4,0,0.004,-0.011,5,-31.355,-31.407,29.007
1780.60156,3,7.955,5.605,-0.504,4,0,0.004,-0.012,5,-31.238,-31.531,29.33
1780.65743,3,7.928,5.618,-0.526,4,0,0.003,-0.012,,,,
1780.71343,3,7.926,5.627,-0.524,4,0.001,0.002,-0.014,5,-30.981,-32.332,28.494
1780.77129,3,7.917,5.638,-0.526,4,0,0.002,-0.014,5,-31.154,-33.202,28.084
1780.82793,3,7.914,5.641,-0.53,4,0,0.001,-0.015,,,,
1780.88461,3,7.889,5.639,-0.528,4,0.001,0.001,-0.015,5,-30.835,-32.817,28.349
1780.94122,3,7.879,5.651,-0.5,4,0,0,-0.016,5,-31.281,-31.171,29.529
1780.99722,3,7.833,5.668,-0.558,4,0,0,-0.015,5,-30.687,-32.04,29.594
1781.05257,3,7.753,5.653,-0.539,4,0.003,-0.002,-0.014,,,,
1781.10979,3,7.931,5.64,-0.451,4,-0.002,0.003,-0.012,5,-31.068,-32.509,28.351
1781.16766,3,7.905,5.686,-0.638,4,0.009,-0.009,0.008,5,-30.995,-31.85,28.453
1781.2243,3,7.84,5.693,-0.454,4,0.008,-0.005,-0.004,,,,
1781.28097,3,7.384,5.693,-0.568,4,0,-0.003,-0.007,5,-31.097,-32.339,30.617
1781.33758,3,6.834,5.662,-0.572,4,0.005,-0.002,0.009,5,-32.048,-31.606,28.99
1781.39367,3,6.954,5.488,-0.328,4,0.012,0.002,0.118,5,-32.108,-30.072,28.505
1781.44897,3,7.073,5.279,-0.596,4,0.018,0.006,0.279,,,,
1781.50558,3,7.954,5.065,-0.484,4,0.032,0.009,0.437,5,-33.145,-28.912,28.433
1781.56225,3,8.278,4.787,-0.542,4,0.046,0.005,0.55,5,-35.414,-25.345,29.012
1781.61953,3,9.071,4.515,-0.551,4,0.044,0.009,0.597,,,,
1781.67681,3,9.151,4.309,-0.633,4,0.049,0.007,0.564,5,-36.087,-24.08,28.494
1781.73275,3,9.066,4.089,-0.525,4,0.044,0.005,0.484,5,-36.156,-23.314,28.918
1781.79064,3,8.715,3.881,-0.583,4,0.039,0.003,0.411,5,-36.275,-23.105,30.299
1781.84667,3,8.791,3.637,-0.567,4,0.039,0.005,0.387,,,,
1781.902,3,8.971,3.412,-0.503,4,0.04,0.004,0.422,5,-37.466,-20.125,29.564
1781.95928,3,8.768,3.163,-0.55,4,0.038,0.008,0.443,5,-37.549,-18.437,29.327
1782.01727,3,8.727,2.82,-0.522,4,0.045,0.005,0.472,,,,
1782.07384,3,9.038,2.468,-0.495,4,0.051,0.004,0.545,5,-39.223,-16.31,29.059
1782.13045,3,9.306,2.138,-0.617,4,0.051,0.008,0.622,5,-39.812,-14.264,29.433
1782.18713,3,9.488,1.77,-0.487,4,0.058,0.007,0.652,5,-39.546,-10.583,28.16
1782.24313,3,9.693,1.421,-0.526,4,0.054,0.009,0.673,,,,
1782.29855,3,9.859,1.039,-0.583,4,0.057,0.006,0.672,5,-41.409,-9.63,28.931
1782.35531,3,9.843,0.723,-0.532,4,0.057,0.005,0.647,5,-39.714,-6.839,29.553
1782.41244,3,9.554,0.408,-0.51,4,0.054,0.004,0.61,5,-40.991,-4.144,29.147
1782.47051,3,9.697,0.047,-0.546,4,0.054,0.004,0.601,5,-40.913,-2.028,29.024
1782.52703,3,9.772,-0.283,-0.495,4,0.053,0.006,0.621,5,-40.282,-0.02,29.489
1782.58361,3,9.634,-0.637,-0.475,4,0.054,0.005,0.618,5,-38.568,1.45,28.632
1782.64019,3,9.657,-0.989,-0.5,4,0.053,0.006,0.612,,,,
1782.69613,3,9.777,-1.342,-0.472,4,0.055,0.005,0.628,5,-40.218,3.477,28.212
1782.75143,3,9.886,-1.665,-0.489,4,0.054,0.004,0.622,5,-38.365,6.007,28.4
1782.80871,3,9.809,-1.938,-0.436,4,0.051,0.005,0.589,5,-38.414,8.424,27.538
1782.86669,3,9.838,-2.208,-0.47,4,0.047,0.005,0.549,5,-39.276,11.121,27.222
1782.92333,3,9.663,-2.452,-0.446,4,0.046,0.002,0.501,5,-40.477,13.188,28.88
1782.97936,3,9.619,-2.669,-0.443,4,0.041,0.003,0.45,5,-40.434,14.194,28.136
1783.0346,3,9.523,-2.864,-0.453,4,0.039,0.002,0.41,,,,
1783.09191,3,9.453,-3.038,-0.412,4,0.034,0.003,0.37,5,-39.78,15.825,29.42
1783.14919,3,9.469,-3.206,-0.388,4,0.031,0.004,0.332,5,-38.139,17.087,28.728
1783.20501,3,9.376,-3.34,-0.414,4,0.028,0.004,0.299,5,-39.331,18.991,27.42
1783.26241,3,9.202,-3.452,-0.397,4,0.026,0.002,0.251,5,-37.531,19.276,28.679
1783.31887,3,9.132,-3.567,-0.351,4,0.023,0.003,0.223,5,-37.944,18.869,28.27
1783.37649,3,9.049,-3.663,-0.365,4,0.02,0.005,0.209,5,-37.898,20.34,28.473
1783.43307,3,9.066,-3.75,-0.384,4,0.021,0.004,0.201,,,,
1783.4898,3,9.05,-3.844,-0.311,4,0.021,0.004,0.192,5,-37.685,20.639,28.128
1783.54558,3,8.975,-3.942,-0.345,4,0.018,0.004,0.181,5,-37.95,20.538,28.77
1783.60088,3,8.896,-4.012,-0.358,4,0.017,0.005,0.168,5,-36.565,21.472,29.105
1783.65819,3,8.861,-4.101,-0.298,4,0.018,0.003,0.163,5,-36.244,22.65,28.012
1783.71548,3,8.909,-4.168,-0.29,4,0.016,0.004,0.164,5,-34.967,22.514,28.311
1783.77074,3,8.862,-4.246,-0.368,4,0.015,0.003,0.158,5,-36.269,23.174,28.137
1783.82738,3,8.916,-4.315,-0.301,4,0.016,0.002,0.146,,,,
1783.88463,3,8.912,-4.365,-0.32,4,0.011,0.002,0.132,5,-37.149,23.871,27.165
1783.9425,3,8.809,-4.407,-0.3,4,0.011,0.001,0.104,5,-35.909,23.244,27.231
1783.99914,3,8.843,-4.437,-0.32,4,0.007,0.003,0.081,5,-35.071,23.985,26.636
1784.05529,3,8.944,-4.443,-0.372,4,0.006,0,0.063,,,,
1784.1112,3,8.767,-4.448,-0.239,4,0.002,0.002,0.032,5,-36.182,24.757,26.054
1784.16845,3,8.715,-4.436,-0.322,4,-0.003,0.002,-0.01,5,-34.982,24.205,28.018
1784.22442,3,8.653,-4.393,-0.298,4,0.002,-0.003,-0.011,,,,
1784.28234,3,8.68,-4.387,-0.328,4,-0.002,0.001,-0.017,5,-35.777,24.477,27.638
1784.33892,3,8.681,-4.394,-0.294,4,-0.001,0,-0.01,5,-35.689,24.414,27.73
1784.39495,3,8.686,-4.408,-0.299,4,0.001,0,-0.009,5,-35.197,23.784,27.536
1784.45095,3,8.73,-4.415,-0.393,4,0.002,-0.001,-0.009,,,,
1784.5082,3,8.664,-4.418,-0.286,4,0.002,0,-0.01,5,-35.872,24.234,28.331
1784.56411,3,8.707,-4.43,-0.285,4,-0.003,0.005,-0.018,5,-35.899,24.707,28.644
1784.62182,3,8.64,-4.417,-0.297,4,0,0.002,-0.018,,,,
1784.6784,3,8.715,-4.417,-0.333,4,0.001,0.002,-0.016,5,-35.709,24.341,29.225
1784.73528,3,8.711,-4.411,-0.302,4,-0.002,0.002,-0.014,5,-36.208,24.164,27.528
1784.79186,3,8.66,-4.394,-0.294,4,-0.001,0.003,-0.013,5,-35.648,25.249,28.023
1784.84795,3,8.798,-4.4,-0.328,4,-0.001,0,-0.015,,,,
1784.90386,3,8.685,-4.364,-0.29,4,-0.003,0.003,-0.013,5,-35.329,24.663,26.524
1784.96102,3,8.809,-4.375,-0.304,4,-0.004,0.002,-0.015,5,-37.524,23.579,28.183
1785.01723,3,8.786,-4.345,-0.341,4,-0.002,0,-0.017,,,,
1785.07516,3,8.79,-4.325,-0.283,4,-0.004,0.002,-0.027,5,-36.375,24.02,27.78
1785.1317,3,8.783,-4.312,-0.309,4,-0.008,0.006,-0.031,5,-35.564,24.24,26.694
1785.18844,3,9.001,-4.256,-0.339,4,-0.003,-0.001,-0.033,5,-36.664,23.018,28.043
1785.24462,3,8.804,-4.211,-0.296,4,-0.007,0.002,-0.054,,,,
1785.30044,3,8.835,-4.171,-0.32,4,-0.009,0.002,-0.075,5,-35.677,23.071,28.197
1785.35775,3,8.61,-4.148,-0.329,4,-0.005,-0.001,-0.079,5,-36.024,22.832,27.884
1785.41363,3,8.727,-4.122,-0.301,4,-0.004,-0.002,-0.068,,,,
1785.47158,3,8.889,-4.078,-0.358,4,-0.003,-0.001,-0.036,5,-37.352,23.141,28.825
1785.52831,3,8.55,-4.081,-0.278,4,-0.003,0.001,-0.035,5,-36.685,22.662,28.366
1785.58434,3,8.999,-4.112,-0.381,4,-0.003,0.002,-0.021,5,-38.162,22.838,27.182
1785.64019,3,8.98,-4.059,-0.29,4,0.002,-0.001,0.006,,,,
1785.69814,3,8.951,-4.069,-0.348,4,-0.007,0.007,-0.016,5,-35.582,22.237,27.896
1785.75463,3,8.618,-4.073,-0.299,4,-0.002,-0.001,-0.041,5,-35.954,22.658,27.519
1785.81118,3,9.042,-4.039,-0.329,4,-0.001,-0.002,-0.028,5,-34.691,22.974,27.061
1785.86803,3,8.672,-4.037,-0.315,4,-0.003,0.002,-0.016,5,-37.347,22.334,28.589
1785.92461,3,8.853,-4.034,-0.344,4,-0.002,0,-0.024,5,-36.066,22.531,28.12
1785.98125,3,8.893,-4.032,-0.345,4,0.003,-0.004,0.014,5,-36.679,22.62,28.798
1786.03728,3,8.885,-4.055,-0.287,4,-0.002,0.003,-0.003,,,,
1786.09252,3,8.803,-4.022,-0.308,4,-0.002,0.001,0.003,5,-36.699,22.766,28.049
1786.14916,3,8.933,-4.053,-0.377,4,0,0,0.002,5,-36.61,21.977,27.666
1786.20577,3,8.855,-4.034,-0.292,4,0.003,-0.002,0.013,5,-36.282,23.296,26.936
1786.26269,3,8.87,-4.047,-0.295,4,-0.002,0.002,0.001,5,-35.629,21.692,28.529
1786.32024,3,8.857,-4.049,-0.352,4,0.002,-0.001,0.008,5,-36.099,22.923,29.247
1786.37768,3,8.949,-4.062,-0.358,4,0.003,-0.003,0.008,5,-36.897,22.092,28.317
1786.43438,3,8.921,-4.044,-0.286,4,-0.001,0.002,0.006,,,,
1786.49065,3,8.823,-4.056,-0.355,4,0,0,-0.009,5,-37.692,21.716,28.561
1786.54625,3,8.893,-4.054,-0.318,4,0.005,-0.002,-0.009,5,-37.192,22.092,27.141
1786.60216,3,8.777,-4.07,-0.32,4,0.003,0,-0.007,5,-36.642,22.342,28.851
1786.65948,3,8.751,-4.049,-0.323,4,0.004,-0.001,-0.006,5,-35.846,21.24,26.637
1786.71749,3,8.886,-4.082,-0.298,4,0.007,-0.002,0.013,5,-36.082,21.661,27.49
1786.77413,3,8.834,-4.08,-0.345,4,0.003,-0.002,0.018,5,-35.985,21.777,26.221
1786.83092,3,8.894,-4.104,-0.362,4,0.01,-0.005,0.019,,,,
1786.88753,3,8.83,-4.097,-0.278,4,0.008,-0.005,0.017,5,-35.248,21.79,26.66
1786.94332,3,8.849,-4.116,-0.389,4,0.008,-0.004,0.012,5,-36.005,21.671,26.643
1786.99859,3,8.806,-4.113,-0.33,4,0.009,-0.004,0.007,5,-35.709,22.897,28.003
1787.0552,3,8.809,-4.121,-0.308,4,0.005,0,0.003,,,,
1787.11245,3,8.804,-4.12,-0.368,4,0.004,0,0.002,5,-36.798,22.891,27.126
1787.16967,3,8.806,-4.113,-0.353,4,0.005,0,0.001,5,-36.656,20.235,28.172
1787.22573,3,8.807,-4.116,-0.286,4,0.004,0.001,-0.001,,,,
1787.28365,3,8.815,-4.098,-0.339,4,0.003,0.002,-0.001,5,-37.288,22.487,27.248
1787.34035,3,8.824,-4.097,-0.345,4,0.004,0.002,-0.002,5,-35.716,22.221,28.181
1787.39705,3,8.834,-4.087,-0.296,4,0.004,0.002,-0.003,5,-36.11,21.922,27.362
1787.45287,3,8.835,-4.067,-0.307,4,0.003,0.002,-0.003,,,,
1787.50847,3,8.844,-4.057,-0.345,4,0.004,0.002,-0.004,5,-37.344,21.133,28.459
1787.56603,3,8.857,-4.056,-0.294,4,0.004,0.002,-0.003,5,-35.753,22.586,28.54
1787.62337,3,8.862,-4.057,-0.296,4,0.003,0.002,-0.003,,,,
1787.6794,3,8.865,-4.054,-0.348,4,0.003,0.002,-0.003,5,-36.353,21.298,29.002
1787.7354,3,8.867,-4.053,-0.316,4,0.004,0.002,-0.003,5,-36.055,23.38,28.123
1787.79268,3,8.877,-4.049,-0.303,4,0.003,0.002,-0.002,5,-37.125,23.526,26.636
1787.84893,3,8.885,-4.036,-0.337,4,0.003,0.001,-0.002,,,,
1787.90648,3,8.897,-4.03,-0.33,4,0.004,0.001,-0.001,5,-35.576,21.971,28.041
1787.9619,3,8.902,-4.038,-0.293,4,0.004,0,0,5,-36.244,22.353,27.911
1788.01986,3,8.893,-4.033,-0.317,4,0.003,0,0.001,,,,
1788.07653,3,8.881,-4.037,-0.337,4,0.004,-0.001,0.002,5,-36.523,22.218,27.449
1788.13302,3,8.879,-4.045,-0.294,4,0.005,-0.002,0.003,5,-38.188,22.404,27.26
1788.18966,3,8.871,-4.062,-0.319,4,0.004,-0.002,0.004,5,-36.44,22.067,28.172
1788.24572,3,8.86,-4.07,-0.337,4,0.005,-0.003,0.005,,,,
1788.3016,3,8.853,-4.086,-0.313,4,0.006,-0.003,0.005,5,-37.505,22.824,27.67
1788.35927,3,8.848,-4.095,-0.312,4,0.005,-0.003,0.006,5,-35.707,23.499,28.795
1788.41591,3,8.838,-4.1,-0.35,4,0.006,-0.003,0.006,,,,
1788.4728,3,8.834,-4.108,-0.33,4,0.006,-0.003,0.006,5,-36.482,23.085,27.403
1788.52941,3,8.835,-4.115,-0.313,4,0.005,-0.002,0.006,5,-36.687,22.511,28.708
1788.58611,3,8.83,-4.116,-0.348,4,0.004,-0.002,0.007,5,-37.759,22.609,29.128
1788.64214,3,8.831,-4.113,-0.339,4,0.006,-0.002,0.006,,,,
1788.69808,3,8.819,-4.112,-0.331,4,0.005,-0.002,0.006,5,-36.124,22.533,28.279
1788.7553,3,8.823,-4.118,-0.343,4,0.004,-0.001,0.007,5,-35.936,23.233,27.345
1788.8113,3,8.826,-4.116,-0.357,4,0.005,0,0.007,5,-36.548,23.111,28.21
1788.86919,3,8.83,-4.112,-0.327,4,0.004,0,0.007,5,-36.342,22.928,27.762
1788.92586,3,8.825,-4.116,-0.335,4,0.003,0,0.007,5,-37.3,22.453,27.725
1788.98263,3,8.829,-4.117,-0.345,4,0.004,0.001,0.007,5,-35.699,23.509,27.075
1789.03939,3,8.825,-4.116,-0.315,4,0.004,0.001,0.007,,,,
1789.09588,3,8.837,-4.121,-0.314,4,0.003,0.002,0.007,5,-35.873,23.384,27.896
1789.15243,3,8.835,-4.119,-0.337,4,0.003,0.002,0.007,5,-37.425,22.612,27.983
1789.2091,3,8.836,-4.127,-0.308,4,0.004,0.002,0.007,5,-36.324,22.791,28.235
1789.26574,3,8.833,-4.133,-0.299,4,0.003,0.002,0.008,5,-36.783,23.264,27.516
1789.32235,3,8.834,-4.135,-0.319,4,0.003,0.002,0.007,5,-36.993,22.237,28.429
1789.37902,3,8.833,-4.154,-0.311,4,0.003,0.002,0.007,5,-37.363,22.314,28.97
1789.43496,3,8.834,-4.158,-0.287,4,0.003,0.002,0.007,,,,
1789.49022,3,8.83,-4.171,-0.313,4,0.002,0.001,0.007,5,-36.211,22.147,28.029
1789.54687,3,8.826,-4.187,-0.316,4,0.002,0.001,0.006,5,-36.282,22.543,28.619
1789.60399,3,8.835,-4.195,-0.294,4,0.002,0,0.005,5,-36.261,23.665,28.69
1789.66179,3,8.83,-4.209,-0.303,4,0.001,0.001,0.005,5,-36.958,22.736,28.172
1789.71868,3,8.832,-4.215,-0.321,4,0.001,0.001,0.004,5,-35.609,21.721,27.158
1789.77529,3,8.826,-4.224,-0.3,4,0.001,0,0.003,5,-35.213,23.091,26.476
1789.8319,3,8.83,-4.225,-0.304,4,-0.001,-0.001,0.001,,,,
1789.88869,3,8.83,-4.221,-0.319,4,-0.001,0,0,5,-35.431,21.626,26.506
1789.94463,3,8.827,-4.223,-0.316,4,-0.003,0,-0.001,5,-35.493,21.159,27.452
1790.0006,3,8.82,-4.215,-0.302,4,-0.003,-0.001,-0.002,5,-37.17,22.162,27.361
1790.05861,3,8.825,-4.199,-0.325,4,-0.004,-0.001,-0.003,5,-37.189,22.093,28.026
1790.11516,3,8.817,-4.193,-0.326,4,-0.005,-0.001,-0.004,5,-37.021,22.929,28.151
1790.17171,3,8.81,-4.174,-0.311,4,-0.005,-0.001,-0.006,5,-36.316,22.356,27.213
1790.22759,3,8.808,-4.149,-0.328,4,-0.005,0,-0.007,,,,
1790.28368,3,8.811,-4.126,-0.34,4,-0.005,0,-0.007,5,-36.005,23.05,29.268
1790.34093,3,8.812,-4.089,-0.329,4,-0.006,0,-0.008,5,-37.044,22.545,28.421
1790.39626,3,8.811,-4.059,-0.339,4,-0.005,0.001,-0.008,5,-36.299,22.784,27.499
1790.45293,3,8.822,-4.03,-0.353,4,-0.004,0.001,-0.008,,,,
1790.50954,3,8.822,-4.014,-0.337,4,-0.002,0.002,-0.008,5,-36.346,21.544,27.679
1790.56676,3,8.821,-4.005,-0.337,4,-0.002,0.002,-0.008,5,-36.615,22.023,28.233
1790.62465,3,8.825,-4.001,-0.346,4,0.001,0.002,-0.007,,,,
1790.68108,3,8.826,-4.003,-0.341,4,0.002,0.002,-0.006,5,-37.164,22.682,28.772
1790.73748,3,8.83,-4.009,-0.328,4,0.004,0.003,-0.006,5,-36.653,22.192,28.017
1790.79394,3,8.831,-4.018,-0.336,4,0.004,0.002,-0.004,5,-38.271,21.848,28.099
1790.84932,3,8.849,-4.039,-0.327,4,0.006,0.003,-0.003,,,,
1790.90648,3,8.85,-4.053,-0.313,4,0.007,0.002,-0.003,5,-35.571,22.803,28.531
1790.96425,3,8.846,-4.064,-0.326,4,0.008,0.002,-0.002,5,-36.61,21.765,27.945
1791.02108,3,8.86,-4.074,-0.324,4,0.008,0.002,-0.001,,,,
1791.07769,3,8.858,-4.08,-0.306,4,0.008,0.001,-0.001,5,-36.841,22.54,28.383
1791.13436,3,8.862,-4.081,-0.311,4,0.008,0.002,0,5,-36.957,22.618,28.978
1791.19036,3,8.861,-4.085,-0.318,4,0.008,0.001,0.001,5,-37.379,21.738,29.424
1791.24569,3,8.865,-4.09,-0.317,4,0.008,0,0.001,,,,
1791.30236,3,8.857,-4.1,-0.309,4,0.008,0,0.002,5,-36.345,22.348,29.535
1791.35964,3,8.855,-4.107,-0.321,4,0.007,0,0.002,5,-36.775,21.597,28.52
1791.41753,3,8.854,-4.112,-0.32,4,0.008,-0.001,0.003,,,,
1791.47408,3,8.845,-4.114,-0.311,4,0.007,-0.001,0.003,5,-36.218,23.25,29.076
1791.53078,3,8.848,-4.114,-0.315,4,0.007,-0.001,0.004,5,-37.138,22.818,28.891
1791.58754,3,8.839,-4.114,-0.32,4,0.006,-0.001,0.004,5,-35.98,23.102,28.976
1791.64339,3,8.842,-4.12,-0.314,4,0.006,-0.001,0.004,,,,
1791.69875,3,8.839,-4.121,-0.313,4,0.005,-0.001,0.004,5,-37.051,22.722,28.291
1791.75603,3,8.837,-4.12,-0.328,4,0.004,-0.001,0.005,5,-35.968,23.099,28.688
1791.81398,3,8.837,-4.128,-0.321,4,0.005,-0.001,0.005,,,,
1791.87062,3,8.839,-4.132,-0.313,4,0.004,-0.001,0.005,5,-36.307,22.052,27.541
1791.9273,3,8.842,-4.14,-0.326,4,0.004,-0.001,0.005,5,-36.508,22.049,28.038
1791.98394,3,8.843,-4.142,-0.32,4,0.003,-0.001,0.005,5,-36.703,23.967,28.535
1792.04061,3,8.843,-4.149,-0.311,4,0.002,-0.001,0.005,,,,
1792.09655,3,8.846,-4.158,-0.317,4,0.002,-0.001,0.005,5,-36.038,22.658,29.03
1792.15178,3,8.849,-4.161,-0.317,4,0.001,-0.001,0.005,5,-35.936,22.559,27.939
1792.20909,3,8.847,-4.16,-0.306,4,0,0,0.005,5,-37.347,22.763,28.239
1792.26708,3,8.842,-4.164,-0.316,4,0,0,0.004,5,-36.736,22.881,27.892
1792.32363,3,8.84,-4.16,-0.314,4,-0.001,0,0.004,5,-36.844,22.78,28.983
1792.3803,3,8.842,-4.164,-0.313,4,-0.001,-0.001,0.003,,,,
1792.43694,3,8.834,-4.157,-0.319,4,-0.001,0,0.002,5,-36.604,22.342,28.978
1792.49355,3,8.829,-4.152,-0.324,4,-0.002,0,0.002,5,-36.63,22.98,27.695
1792.54973,3,8.822,-4.146,-0.322,4,-0.002,0,0.001,5,-36.053,22.012,29.082
1792.60521,3,8.814,-4.137,-0.319,4,-0.002,0,0.001,5,-36.635,21.455,28.972
1792.66207,3,8.818,-4.137,-0.324,4,-0.002,0,0,5,-37.279,23.265,27.753
1792.71935,3,8.813,-4.13,-0.321,4,-0.002,0,0,5,-38.213,22.926,28.935
1792.77538,3,8.812,-4.131,-0.318,4,-0.002,0.001,0,,,,
1792.83339,3,8.814,-4.13,-0.323,4,-0.002,0.001,0,5,-36.739,22.626,27.049
1792.89006,3,8.812,-4.123,-0.321,4,-0.002,0.001,-0.001,5,-35.844,22.124,27.446
1792.94591,3,8.812,-4.132,-0.317,4,-0.003,0.001,-0.001,5,-37.564,23.058,29.245
1793.00176,3,8.81,-4.126,-0.328,4,-0.003,0.002,-0.001,,,,
1793.05959,3,8.809,-4.123,-0.326,4,-0.003,0.002,-0.002,5,-36.766,23.668,28.381
1793.1165,3,8.814,-4.121,-0.323,4,-0.003,0.002,-0.002,5,-36.789,22.778,27.693
1793.17311,3,8.818,-4.105,-0.325,4,-0.003,0.003,-0.002,5,-36.88,23.068,27.498
1793.22969,3,8.826,-4.089,-0.337,4,-0.004,0.003,-0.002,,,,
1793.28667,3,8.835,-4.07,-0.327,4,-0.003,0.003,-0.002,5,-36.504,23.45,28.139
1793.34291,3,8.842,-4.067,-0.332,4,-0.004,0.003,-0.002,5,-37.354,22.61,28.239
1793.39818,3,8.848,-4.059,-0.342,4,-0.003,0.003,-0.002,5,-35.04,23.578,27.789
1793.45537,3,8.845,-4.057,-0.334,4,-0.002,0.003,-0.002,,,,
1793.51085,3,8.851,-4.06,-0.327,4,-0.001,0.002,-0.001,5,-35.994,23.546,27.425
1793.56816,3,8.852,-4.068,-0.341,4,-0.001,0.003,-0.001,,,,
1793.62609,3,8.856,-4.076,-0.339,4,0,0.002,0,5,-36.758,21.591,27.779
1793.68206,3,8.857,-4.085,-0.324,4,0.001,0.003,0,5,-35.825,21.938,27.516
1793.73803,3,8.848,-4.092,-0.336,4,0.001,0.002,0.001,5,-36,21.593,28.378
1793.79518,3,8.853,-4.098,-0.34,4,0.002,0.003,0.001,,,,
1793.85064,3,8.849,-4.111,-0.325,4,0.003,0.003,0.001,5,-36.279,23.109,28.673
1793.90789,3,8.854,-4.111,-0.321,4,0.003,0.003,0.001,5,-36.81,22.92,27.753
1793.96575,3,8.851,-4.117,-0.336,4,0.003,0.002,0.001,,,,
1794.02236,3,8.853,-4.114,-0.323,4,0.003,0.002,0.001,5,-36.873,23.065,30.429
1794.07903,3,8.853,-4.121,-0.312,4,0.003,0.003,0.001,5,-36.528,22.29,28.186
1794.13567,3,8.851,-4.112,-0.328,4,0.004,0.002,0.001,5,-37.273,23.39,28.6
1794.19228,3,8.848,-4.123,-0.321,4,0.003,0.002,0.001,,,,
1794.24831,3,8.848,-4.12,-0.306,4,0.004,0.002,0.001,5,-37.416,20.415,28.217
1794.30364,3,8.839,-4.12,-0.313,4,0.003,0.002,0.001,5,-37.119,22.34,27.67
1794.36089,3,8.842,-4.122,-0.325,4,0.003,0.001,0.001,5,-37.276,23.32,28.537
1794.4182,3,8.841,-4.128,-0.305,4,0.003,0.001,0.001,5,-36.615,22.375,29.381
1794.4742,3,8.84,-4.124,-0.313,4,0.003,0.001,0.001,5,-36.961,23.277,27.472
1794.53209,3,8.84,-4.126,-0.324,4,0.003,0,0.001,5,-36.797,22.751,27.727
1794.58864,3,8.841,-4.116,-0.308,4,0.003,0,0.001,,,,
1794.64534,3,8.844,-4.119,-0.313,4,0.002,0,0.001,5,-35.985,22.794,28.67
1794.70137,3,8.842,-4.107,-0.333,4,0.001,-0.001,0.001,5,-36.082,22.63,27.771
1794.75731,3,8.845,-4.097,-0.318,4,0.002,-0.002,0.001,5,-36.909,23.164,27.2
1794.8152,3,8.839,-4.086,-0.322,4,0.001,-0.002,0.001,5,-36.876,22.319,28.992
1794.87163,3,8.842,-4.082,-0.335,4,0.001,-0.002,0.001,5,-35.925,22.141,28.625
1794.92736,3,8.836,-4.079,-0.336,4,0.001,-0.002,0.002,5,-36.815,22.266,28.226
1794.9832,3,8.838,-4.088,-0.327,4,0.001,-0.002,0.002,,,,
1795.04045,3,8.83,-4.094,-0.34,4,0.002,-0.002,0.002,5,-36.708,23.515,27.367
1795.09829,3,8.828,-4.1,-0.344,4,0.002,-0.002,0.003,5,-36.559,22.38,28.357
1795.15419,3,8.823,-4.109,-0.326,4,0.002,-0.001,0.003,5,-36.523,23.022,28.625
1795.21025,3,8.818,-4.117,-0.332,4,0.003,-0.002,0.002,5,-37.192,22.633,28.561
1795.26809,3,8.821,-4.119,-0.342,4,0.002,-0.002,0.002,5,-37.109,22.906,28.571
1795.32485,3,8.811,-4.125,-0.326,4,0.002,-0.001,0.002,5,-36.766,22.635,28.494
1795.381,3,8.816,-4.125,-0.329,4,0.002,-0.001,0.003,,,,
1795.43724,3,8.815,-4.12,-0.34,4,0.002,0,0.002,5,-36.281,23.38,29.39
1795.49489,3,8.822,-4.12,-0.32,4,0.002,0.001,0.002,5,-36.688,22.716,28.036
1795.55083,3,8.826,-4.121,-0.326,4,0.002,0.001,0.001,5,-36.818,22.336,29.184
1795.60671,3,8.831,-4.117,-0.333,4,0.002,0.001,0.002,5,-37.967,21.437,28.671
1795.66454,3,8.826,-4.121,-0.33,4,0.002,0.001,0.002,5,-36.453,22.562,28.076
1795.72118,3,8.826,-4.136,-0.312,4,0.002,0.002,0.001,5,-35.857,23.79,28.622
1795.77779,3,8.826,-4.135,-0.329,4,0.001,0.001,0.002,,,,
1795.83443,3,8.828,-4.147,-0.328,4,0.002,0.002,0.001,5,-36.45,23.193,28.809
1795.89107,3,8.826,-4.156,-0.318,4,0.002,0.001,0.001,5,-36.922,22.647,28.091
1795.94771,3,8.823,-4.153,-0.321,4,0.001,0.001,0,5,-35.875,23.685,28.403
1796.00374,3,8.833,-4.155,-0.322,4,0.001,0.001,0,,,,
1796.05913,3,8.83,-4.153,-0.317,4,0.001,0.001,-0.001,5,-35.492,22.508,28.064
1796.11638,3,8.835,-4.156,-0.315,4,0,0,-0.001,5,-37.093,21.866,28.639
1796.17434,3,8.839,-4.15,-0.33,4,0,0,-0.001,,,,
1796.23091,3,8.841,-4.15,-0.319,4,-0.001,-0.001,-0.001,5,-36.578,22.711,27.951
1796.28685,3,8.837,-4.147,-0.316,4,-0.002,-0.001,-0.002,5,-36.842,21.194,28.235
1796.34227,3,8.839,-4.146,-0.329,4,-0.002,-0.001,-0.002,5,-37.03,22.133,27.4
1796.39891,3,8.853,-4.14,-0.324,4,-0.002,-0.002,-0.003,,,,
1796.45613,3,8.853,-4.136,-0.317,4,-0.003,-0.001,-0.003,5,-35.402,21.651,27.327
1796.51397,3,8.857,-4.116,-0.331,4,-0.003,-0.002,-0.003,5,-36.282,21.275,26.932
1796.57064,3,8.859,-4.098,-0.338,4,-0.003,-0.002,-0.003,,,,
1796.62728,3,8.875,-4.1,-0.315,4,-0.003,-0.002,-0.003,5,-36.298,20.743,25.066
1796.68389,3,8.875,-4.101,-0.314,4,-0.002,-0.002,-0.003,5,-35.378,21.32,26.988
1796.73992,3,8.87,-4.1,-0.317,4,-0.001,-0.003,-0.003,5,-35.565,21.35,27.098
1796.79531,3,8.881,-4.093,-0.314,4,-0.001,-0.003,-0.003,,,,
1796.85195,3,8.869,-4.1,-0.312,4,-0.001,-0.003,-0.003,5,-36.615,22.691,27.977
1796.90856,3,8.86,-4.109,-0.325,4,-0.001,-0.003,-0.003,5,-36.24,21.858,27.827
1796.96587,3,8.848,-4.096,-0.311,4,0,-0.004,-0.003,,,,
1797.02388,3,8.838,-4.112,-0.316,4,0,-0.004,-0.003,5,-37.303,23.303,29.663
1797.08037,3,8.837,-4.104,-0.33,4,0,-0.003,-0.004,5,-36.662,22.267,28.575
1797.13692,3,8.849,-4.074,-0.319,4,0,-0.004,-0.004,5,-37.41,22.191,29.024
1797.19295,3,8.856,-4.065,-0.308,4,0.001,-0.003,-0.004,,,,
1797.24834,3,8.818,-4.052,-0.33,4,0.001,-0.003,-0.003,5,-37.599,23.071,27.545
1797.30559,3,8.798,-4.057,-0.325,4,0.002,-0.003,-0.003,5,-36.61,22.13,29.213
1797.36351,3,8.81,-4.069,-0.38,4,0.003,-0.002,-0.004,,,,
1797.42015,3,8.814,-4.091,-0.345,4,0.002,-0.001,-0.003,5,-37.338,21.992,28.203
1797.47667,3,8.79,-4.086,-0.349,4,0.002,-0.001,-0.002,5,-36.276,21.516,27.719
1797.53334,3,8.759,-4.078,-0.363,4,0.004,0,-0.003,5,-36.249,21.82,27.875
1797.59002,3,8.77,-4.085,-0.34,4,0.003,0.001,-0.004,,,,
1797.64595,3,8.771,-4.088,-0.355,4,0.003,0.002,-0.005,5,-36.691,23.445,28.76
1797.70137,3,8.777,-4.09,-0.37,4,0.003,0.003,-0.005,5,-37.141,22.22,27.859
1797.75859,3,8.795,-4.074,-0.344,4,0.003,0.004,-0.006,5,-38.519,22.195,28.687
1797.81642,3,8.806,-4.068,-0.326,4,0.003,0.005,-0.006,5,-37.521,21.57,28.09
1797.8731,3,8.819,-4.069,-0.35,4,0.003,0.005,-0.006,5,-36.922,22.217,28.262
1797.92971,3,8.847,-4.08,-0.325,4,0.003,0.005,-0.007,5,-36.444,22.49,28
1797.98632,3,8.871,-4.07,-0.301,4,0.003,0.005,-0.008,,,,
1798.0429,3,8.885,-4.064,-0.316,4,0.002,0.005,-0.007,5,-38.333,22.256,28.812
1798.09893,3,8.905,-4.06,-0.308,4,0.003,0.005,-0.008,5,-37.018,22.134,26.575
1798.15502,3,8.92,-4.076,-0.3,4,0.003,0.004,-0.007,5,-37.032,21.704,28.369
1798.21282,3,8.926,-4.068,-0.317,4,0.002,0.003,-0.007,5,-36.011,22.345,28.659
1798.26961,3,8.924,-4.069,-0.329,4,0.003,0.002,-0.007,5,-36.299,22.328,28.513
1798.32582,3,8.926,-4.068,-0.313,4,0.003,0.001,-0.006,5,-36.49,22.997,27.936
1798.38152,3,8.928,-4.071,-0.325,4,0.002,0,-0.005,,,,
1798.43938,3,8.929,-4.076,-0.342,4,0.002,-0.001,-0.005,5,-36.314,21.727,26.938
1798.49602,3,8.931,-4.058,-0.329,4,0.001,-0.002,-0.004,5,-36.2,21.902,28.49
1798.55205,3,8.924,-4.04,-0.331,4,0.001,-0.003,-0.004,5,-37.198,22.398,28.357
1798.60741,3,8.923,-4.022,-0.34,4,0.001,-0.004,-0.003,5,-37.657,22.325,28.014
1798.66463,3,8.916,-4.018,-0.326,4,0.001,-0.005,-0.001,5,-37.924,22.598,29.132
1798.72249,3,8.904,-4.018,-0.32,4,0.001,-0.005,0,5,-36.804,22.633,28.699
1798.7791,3,8.89,-4.019,-0.336,4,0.001,-0.005,0.001,,,,
1798.83574,3,8.87,-4.032,-0.329,4,0.001,-0.006,0.002,5,-37.566,23.26,28.976
1798.89235,3,8.846,-4.047,-0.33,4,0.001,-0.006,0.003,5,-36.963,21.301,28.479
1798.94838,3,8.826,-4.052,-0.35,4,0.002,-0.005,0.004,5,-36.687,21.812,28.156
1799.00438,3,8.826,-4.057,-0.353,4,0.001,-0.005,0.004,5,-37.552,23,28.677
1799.06194,3,8.816,-4.056,-0.336,4,0.001,-0.004,0.005,5,-36.566,22.371,28.358
1799.11855,3,8.81,-4.05,-0.351,4,0.001,-0.003,0.006,5,-37.341,21.75,28.523
1799.17571,3,8.804,-4.041,-0.362,4,0,-0.003,0.006,,,,
1799.23214,3,8.811,-4.037,-0.341,4,0,-0.001,0.007,5,-36.874,23.047,28.906
1799.28881,3,8.82,-4.041,-0.345,4,0,-0.001,0.007,5,-36.519,22.108,27.612
1799.34539,3,8.808,-4.043,-0.356,4,0.001,0,0.008,5,-35.614,21.548,28.212
1799.40136,3,8.822,-4.042,-0.346,4,0.001,0.001,0.009,,,,
1799.45684,3,8.824,-4.047,-0.345,4,0.001,0.001,0.009,5,-35.933,21.349,27.222
1799.51406,3,8.83,-4.054,-0.361,4,0.002,0.002,0.009,5,-36.079,22.821,27.82
1799.57198,3,8.83,-4.059,-0.348,4,0.002,0.002,0.01,,,,
1799.62862,3,8.835,-4.065,-0.337,4,0.002,0.003,0.01,5,-36.038,21.793,27.028
1799.68456,3,8.843,-4.085,-0.339,4,0.003,0.003,0.011,5,-35.953,22.691,28.891
1799.73998,3,8.839,-4.089,-0.337,4,0.004,0.003,0.011,5,-35.86,23.84,29.089
1799.79723,3,8.845,-4.107,-0.324,4,0.004,0.003,0.011,,,,
1799.85451,3,8.848,-4.122,-0.326,4,0.005,0.003,0.011,5,-36.617,21.864,27.818
1799.91048,3,8.854,-4.136,-0.329,4,0.005,0.002,0.01,5,-37.035,22.684,27.635
1799.96828,3,8.857,-4.156,-0.315,4,0.005,0.002,0.009,,,,
1800.02495,3,8.859,-4.167,-0.314,4,0.004,0.002,0.009,5,-35.437,21.919,26.418
1800.08168,3,8.859,-4.181,-0.317,4,0.004,0.001,0.008,5,-35.759,21.954,27.998
1800.13826,3,8.861,-4.182,-0.316,4,0.004,0,0.007,5,-36.867,21.632,27.431
1800.195,3,8.867,-4.191,-0.303,4,0.003,0,0.006,,,,
1800.25109,3,8.86,-4.193,-0.318,4,0.003,-0.001,0.006,5,-36.06,21.869,26.012
1800.3069,3,8.854,-4.201,-0.324,4,0.002,-0.002,0.004,5,-37.45,23.236,27.599
1800.36486,3,8.845,-4.2,-0.32,4,0.002,-0.003,0.004,,,,
1800.42159,3,8.839,-4.196,-0.33,4,0.001,-0.003,0.003,5,-38.086,23.163,27.486
1800.47737,3,8.834,-4.192,-0.333,4,0,-0.004,0.002,5,-35.941,22.957,28.703
1800.53337,3,8.826,-4.19,-0.319,4,0,-0.004,0.001,5,-36.253,22.397,28.419
1800.59063,3,8.814,-4.179,-0.329,4,-0.001,-0.004,0,,,,
1800.64663,3,8.818,-4.177,-0.335,4,-0.001,-0.004,-0.001,5,-36.215,23.438,28.033
1800.70391,3,8.816,-4.17,-0.333,4,-0.002,-0.004,-0.003,5,-35.948,22.855,27.759
1800.75997,3,8.808,-4.165,-0.332,4,-0.003,-0.004,-0.004,,,,
1800.81786,3,8.802,-4.156,-0.339,4,-0.004,-0.004,-0.005,5,-37.26,23.607,27.284
1800.87441,3,8.802,-4.138,-0.335,4,-0.004,-0.003,-0.006,5,-37.018,23.07,28.546
1800.93059,3,8.8,-4.132,-0.336,4,-0.004,-0.003,-0.007,5,-36.504,23.196,28.096
1800.98676,3,8.795,-4.12,-0.344,4,-0.004,-0.002,-0.008,,,,
1801.04371,3,8.795,-4.11,-0.353,4,-0.004,-0.001,-0.008,5,-36.794,23.463,28.882
1801.0991,3,8.806,-4.091,-0.348,4,-0.003,-0.001,-0.009,5,-36.78,22.475,28.934
1801.15632,3,8.801,-4.071,-0.357,4,-0.003,0,-0.01,5,-35.066,22.87,28.79
1801.21415,3,8.802,-4.052,-0.368,4,-0.002,0.001,-0.01,5,-36.374,23.918,27.904
1801.27085,3,8.805,-4.043,-0.353,4,-0.001,0.001,-0.01,5,-36.441,23.053,28.944
1801.32752,3,8.81,-4.041,-0.362,4,0,0.002,-0.01,5,-36.249,21.46,28.122
1801.38407,3,8.818,-4.032,-0.363,4,0.001,0.003,-0.011,,,,
1801.44007,3,8.824,-4.034,-0.359,4,0.003,0.003,-0.011,5,-37.494,23.351,27.872
1801.49549,3,8.835,-4.033,-0.345,4,0.004,0.004,-0.011,5,-36.537,21.872,28.185
1801.55213,3,8.849,-4.042,-0.349,4,0.005,0.004,-0.011,5,-36.629,22.713,27.719
1801.60935,3,8.86,-4.044,-0.343,4,0.005,0.004,-0.01,5,-37.109,21.857,27.791
1801.66718,3,8.871,-4.053,-0.33,4,0.006,0.004,-0.01,5,-36.447,21.844,28.214
1801.72321,3,8.883,-4.058,-0.327,4,0.006,0.004,-0.01,5,-37.065,22.066,28.162
1801.77921,3,8.889,-4.063,-0.326,4,0.007,0.003,-0.009,,,,
1801.83704,3,8.893,-4.064,-0.325,4,0.008,0.002,-0.009,5,-37.241,21.4,29.013
1801.8931,3,8.903,-4.063,-0.313,4,0.007,0.002,-0.008,5,-37.215,22.055,27.478
1801.94852,3,8.907,-4.065,-0.321,4,0.007,0.001,-0.007,5,-36.087,21.542,28.168
1802.00562,3,8.905,-4.062,-0.317,4,0.007,0,-0.007,5,-36.702,21.759,28.67
1802.0633,3,8.908,-4.057,-0.321,4,0.006,-0.001,-0.006,5,-37.453,22.246,28.284
1802.12021,3,8.91,-4.051,-0.325,4,0.005,-0.002,-0.005,5,-37.592,22.418,29.07
1802.17685,3,8.905,-4.053,-0.326,4,0.005,-0.003,-0.003,,,,
1802.23347,3,8.905,-4.047,-0.33,4,0.004,-0.004,-0.003,5,-37.434,22.096,27.536
1802.29011,3,8.903,-4.044,-0.336,4,0.004,-0.005,-0.002,5,-36.549,21.957,28.098
1802.34611,3,8.893,-4.045,-0.335,4,0.004,-0.005,0,5,-36.226,22.086,27.995
1802.40156,3,8.889,-4.041,-0.34,4,0.003,-0.006,0,,,,
1802.45884,3,8.88,-4.042,-0.343,4,0.003,-0.006,0.001,5,-35.901,21.704,26.537
1802.51679,3,8.87,-4.047,-0.351,4,0.003,-0.006,0.002,5,-35.669,21.71,26.564
1802.57337,3,8.861,-4.047,-0.349,4,0.003,-0.006,0.003,,,,
1802.62986,3,8.855,-4.045,-0.345,4,0.003,-0.006,0.004,5,-36.183,20.905,28.22
1802.68656,3,8.852,-4.049,-0.352,4,0.003,-0.005,0.005,5,-37.372,22.742,28.856
1802.74329,3,8.845,-4.053,-0.355,4,0.003,-0.005,0.006,5,-37.556,22.453,28.629
1802.79923,3,8.841,-4.053,-0.345,4,0.003,-0.004,0.006,,,,
1802.85456,3,8.833,-4.054,-0.352,4,0.004,-0.004,0.007,5,-37.257,22.176,28.389
1802.91184,3,8.83,-4.056,-0.353,4,0.003,-0.003,0.007,5,-36.739,23.006,27.048
1802.9697,3,8.825,-4.061,-0.344,4,0.004,-0.003,0.007,,,,
1803.02622,3,8.817,-4.065,-0.347,4,0.005,-0.002,0.008,5,-36.885,22.449,27.46
1803.08295,3,8.814,-4.069,-0.35,4,0.005,-0.001,0.008,5,-36.925,23.26,28.975
1803.13898,3,8.807,-4.077,-0.349,4,0.004,-0.001,0.008,5,-36.475,23.509,28.705
1803.19492,3,8.804,-4.082,-0.344,4,0.005,0,0.008,,,,
1803.25214,3,8.803,-4.093,-0.349,4,0.004,0,0.008,5,-36.502,22.047,27.538
1803.30765,3,8.802,-4.099,-0.347,4,0.005,0.001,0.007,5,-36.636,21.375,28.349
1803.365,3,8.798,-4.108,-0.344,4,0.004,0.001,0.007,,,,
1803.42274,3,8.804,-4.112,-0.345,4,0.005,0.001,0.007,5,-36.732,22.813,28.206
1803.47931,3,8.814,-4.115,-0.337,4,0.005,0.002,0.006,5,-38.007,22.639,27.612
1803.53592,3,8.813,-4.124,-0.334,4,0.004,0.002,0.006,5,-36.377,22.925,27.916
1803.59257,3,8.83,-4.127,-0.329,4,0.004,0.002,0.005,,,,
1803.64866,3,8.839,-4.128,-0.332,4,0.004,0.002,0.004,5,-37.546,23.586,27.576
1803.7046,3,8.849,-4.128,-0.329,4,0.004,0.002,0.004,5,-36.992,23.137,28.009
1803.76243,3,8.854,-4.136,-0.327,4,0.003,0.002,0.003,,,,
1803.81907,3,8.866,-4.147,-0.322,4,0.003,0.002,0.002,5,-36.362,23.145,28.152
1803.87574,3,8.876,-4.146,-0.319,4,0.003,0.001,0.002,5,-37.543,22.833,28.101
1803.93241,3,8.885,-4.154,-0.324,4,0.002,0.001,0.002,5,-37.273,22.475,29.074
1803.98841,3,8.883,-4.155,-0.319,4,0.002,0.001,0.001,,,,
1804.04477,3,8.885,-4.159,-0.32,4,0.001,0,0,5,-36.926,23.224,28.241
1804.10288,3,8.885,-4.16,-0.317,4,0,0,0,5,-37.549,22.868,28.503
1804.15851,3,8.874,-4.163,-0.32,4,0,-0.001,0,5,-36.816,24.535,28.152
1804.21567,3,8.869,-4.162,-0.323,4,-0.001,-0.001,-0.001,5,-36.627,22.881,28.102
1804.27225,3,8.862,-4.158,-0.322,4,-0.002,-0.002,-0.002,5,-35.928,22.49,28.172
1804.32877,3,8.856,-4.157,-0.33,4,-0.002,-0.002,-0.002,5,-36.574,22.177,28.551
1804.38544,3,8.845,-4.149,-0.336,4,-0.002,-0.002,-0.003,,,,
1804.44147,3,8.841,-4.136,-0.331,4,-0.003,-0.002,-0.004,5,-36.064,21.631,26.717
1804.4968,3,8.837,-4.128,-0.33,4,-0.003,-0.003,-0.005,5,-36.43,22.942,28.369
1804.55405,3,8.827,-4.116,-0.344,4,-0.004,-0.002,-0.005,5,-36.775,23.274,27.91
1804.61191,3,8.822,-4.113,-0.337,4,-0.004,-0.002,-0.006,5,-36.604,22.803,27.873
1804.66791,3,8.826,-4.107,-0.329,4,-0.004,-0.002,-0.006,5,-36.664,22.997,27.412
1804.72391,3,8.826,-4.099,-0.337,4,-0.004,-0.001,-0.007,5,-35.649,22.417,27.956
1804.78174,3,8.818,-4.088,-0.341,4,-0.004,-0.001,-0.007,,,,
1804.83838,3,8.823,-4.076,-0.338,4,-0.004,-0.001,-0.008,5,-36.571,23.074,29.559
1804.89441,3,8.821,-4.075,-0.338,4,-0.004,-0.001,-0.008,5,-37.303,23.035,28.293
1804.94983,3,8.815,-4.073,-0.345,4,-0.004,-0.001,-0.008,5,-36.809,21.623,27.249
1805.00648,3,8.822,-4.057,-0.344,4,-0.004,-0.001,-0.008,5,-38.063,22.032,28.064
1805.06379,3,8.815,-4.057,-0.341,4,-0.003,0,-0.009,5,-35.851,22.365,28.041
1805.12104,3,8.809,-4.051,-0.343,4,-0.003,0.001,-0.009,5,-36.247,22.238,28.412
1805.17695,3,8.815,-4.046,-0.349,4,-0.002,0.001,-0.009,,,,
1805.23496,3,8.826,-4.045,-0.349,4,-0.002,0.001,-0.009,5,-37.183,22.055,28.935
1805.29166,3,8.834,-4.043,-0.344,4,-0.001,0.002,-0.008,5,-37.302,22.821,28.236
1805.34745,3,8.841,-4.049,-0.345,4,-0.001,0.003,-0.008,5,-35.93,21.512,27.724
1805.40345,3,8.853,-4.041,-0.342,4,0,0.003,-0.007,5,-36.552,21.523,27.492
1805.46137,3,8.861,-4.049,-0.34,4,-0.001,0.004,-0.007,5,-35.751,21.26,27.762
1805.51801,3,8.873,-4.053,-0.341,4,-0.001,0.004,-0.006,5,-35.201,20.54,27.498
1805.57459,3,8.881,-4.055,-0.337,4,-0.001,0.004,-0.006,,,,
1805.63123,3,8.896,-4.056,-0.328,4,-0.002,0.004,-0.005,5,-35.57,21.429,29.062
1805.68714,3,8.9,-4.059,-0.326,4,-0.001,0.004,-0.004,5,-36.531,21.478,27.129
1805.74259,3,8.903,-4.057,-0.325,4,-0.001,0.003,-0.003,5,-36.717,21.922,27.821
1805.79926,3,8.912,-4.06,-0.323,4,-0.002,0.003,-0.003,,,,
1805.85651,3,8.905,-4.053,-0.327,4,-0.002,0.002,-0.002,5,-38.086,21.597,27.249
1805.91443,3,8.906,-4.053,-0.326,4,-0.002,0.002,-0.001,5,-37.057,23.508,27.902
1805.9712,3,8.896,-4.041,-0.325,4,-0.002,0.002,0,,,,
1806.02784,3,8.9,-4.031,-0.324,4,-0.003,0.001,0.001,5,-36.581,21.823,28.458
1806.08442,3,8.897,-4.022,-0.333,4,-0.003,0.001,0.002,5,-36.719,22.269,27.786
1806.14036,3,8.89,-4.004,-0.325,4,-0.003,0,0.003,5,-37.686,22.513,28.247
1806.19565,3,8.889,-3.991,-0.333,4,-0.002,0,0.004,,,,
1806.25226,3,8.881,-3.978,-0.339,4,-0.002,0,0.005,5,-36.913,22.871,28.764
1806.30958,3,8.879,-3.985,-0.337,4,-0.001,-0.001,0.006,5,-36.116,22.392,28.328
1806.3675,3,8.862,-3.99,-0.347,4,0,-0.001,0.007,,,,
1806.42411,3,8.859,-3.994,-0.346,4,0.001,-0.001,0.008,5,-37.074,22.061,26.566
1806.48069,3,8.858,-4.001,-0.345,4,0.002,-0.001,0.009,5,-36.868,21.634,27.061
1806.53657,3,8.842,-4.006,-0.344,4,0.002,-0.002,0.009,5,-38.284,21.992,28.537
1806.59202,3,8.834,-4.021,-0.349,4,0.003,-0.002,0.01,,,,
1806.64866,3,8.829,-4.033,-0.341,4,0.005,-0.002,0.011,5,-36.749,23.337,28.079
1806.70591,3,8.826,-4.047,-0.348,4,0.005,-0.002,0.011,5,-36.694,21.358,28.441
1806.76383,3,8.811,-4.055,-0.347,4,0.006,-0.001,0.011,,,,
1806.82044,3,8.811,-4.071,-0.348,4,0.006,-0.001,0.011,5,-36.409,22.437,29.129
1806.87705,3,8.813,-4.084,-0.341,4,0.007,-0.001,0.01,5,-36.101,23.782,28.99
1806.93366,3,8.814,-4.089,-0.339,4,0.006,-0.001,0.01,5,-36.731,23.167,28.952
1806.98972,3,8.815,-4.1,-0.341,4,0.007,0,0.01,,,,
1807.0452,3,8.824,-4.108,-0.329,4,0.007,0,0.009,5,-36.761,22.652,26.768
1807.1023,3,8.845,-4.12,-0.331,4,0.008,0,0.009,5,-37.634,22.366,27.972
1807.1601,3,8.838,-4.134,-0.323,4,0.008,0,0.008,,,,
1807.21671,3,8.849,-4.142,-0.325,4,0.008,0,0.007,5,-35.768,22.264,27.379
1807.27344,3,8.861,-4.152,-0.321,4,0.008,-0.001,0.006,5,-36.931,22.148,28.604
1807.33008,3,8.866,-4.166,-0.325,4,0.007,0,0.005,5,-36.815,23.256,27.489
1807.38608,3,8.865,-4.171,-0.314,4,0.008,-0.001,0.004,,,,
1807.44199,3,8.873,-4.179,-0.314,4,0.008,-0.001,0.003,5,-37.245,23.296,27.429
1807.49912,3,8.873,-4.183,-0.317,4,0.007,-0.002,0.003,5,-36.757,22.156,27.635
1807.55549,3,8.873,-4.182,-0.317,4,0.006,-0.003,0.002,5,-36.154,21.913,28.22
1807.61359,3,8.869,-4.184,-0.318,4,0.006,-0.003,0.001,5,-36.482,23.216,27.684
1807.67011,3,8.869,-4.187,-0.317,4,0.005,-0.004,0,5,-38.103,22.427,27.565
1807.72678,3,8.867,-4.189,-0.324,4,0.004,-0.004,-0.001,5,-36.571,22.667,28.081
1807.78333,3,8.858,-4.181,-0.32,4,0.003,-0.005,-0.002,,,,
1807.83939,3,8.852,-4.177,-0.317,4,0.003,-0.005,-0.003,5,-35.423,22.525,27.449
1807.89451,3,8.847,-4.171,-0.326,4,0.002,-0.006,-0.003,5,-36.853,23.442,27.625
1807.95112,3,8.838,-4.162,-0.333,4,0.001,-0.006,-0.005,5,-36.31,23.54,28.694
1808.00776,3,8.822,-4.151,-0.332,4,0,-0.006,-0.006,5,-37.5,22.739,28.093
1808.0651,3,8.817,-4.137,-0.339,4,0,-0.005,-0.007,5,-37.633,23.21,28.094
1808.12308,3,8.807,-4.128,-0.34,4,-0.001,-0.005,-0.007,5,-37.81,22.659,29.3
1808.17972,3,8.794,-4.12,-0.341,4,-0.001,-0.005,-0.008,,,,
1808.2363,3,8.793,-4.112,-0.349,4,0,-0.004,-0.009,5,-37.041,22.157,28.175
1808.29224,3,8.805,-4.1,-0.346,4,0,-0.003,-0.009,5,-36.293,22.198,29.324
1808.34751,3,8.801,-4.093,-0.34,4,0,-0.003,-0.01,5,-37.34,22.562,28.813
1808.40482,3,8.802,-4.09,-0.349,4,-0.001,-0.002,-0.011,5,-37.221,22.282,29.367
1808.46287,3,8.805,-4.083,-0.349,4,0,-0.001,-0.011,5,-36.24,21.986,28.429
1808.51887,3,8.81,-4.077,-0.344,4,0.001,-0.001,-0.011,5,-36.407,21.661,26.842
1808.57474,3,8.81,-4.073,-0.347,4,0,0,-0.011,,,,
1808.6327,3,8.818,-4.065,-0.348,4,0.001,0.001,-0.011,5,-35.265,21.097,26.932
1808.68931,3,8.823,-4.07,-0.342,4,0.001,0.001,-0.011,5,-34.991,21.953,26.445
1808.74528,3,8.837,-4.066,-0.339,4,0.001,0.001,-0.011,5,-37.471,20.964,27.574
1808.80054,3,8.843,-4.065,-0.335,4,0.001,0.002,-0.011,,,,
1808.85718,3,8.851,-4.061,-0.338,4,0.002,0.002,-0.01,5,-37.256,22.421,28.185
1808.91446,3,8.861,-4.056,-0.33,4,0.001,0.002,-0.01,5,-36.021,21.198,29.103
1808.97248,3,8.871,-4.049,-0.332,4,0.001,0.002,-0.009,,,,
1809.02909,3,8.885,-4.042,-0.33,4,0.001,0.002,-0.009,5,-36.613,22.351,28.581
1809.08573,3,8.885,-4.031,-0.336,4,0.001,0.002,-0.008,5,-36.301,23.242,29.196
1809.14173,3,8.892,-4.023,-0.337,4,0.001,0.001,-0.007,5,-36.36,21.41,28.842
1809.19694,3,8.891,-4.014,-0.335,4,0.002,0.001,-0.006,,,,
1809.25416,3,8.892,-4.001,-0.341,4,0.002,0.001,-0.005,5,-37.836,22.079,27.783
1809.3118,3,8.893,-3.992,-0.342,4,0.002,0.001,-0.003,5,-37.587,23.112,27.995
1809.36838,3,8.893,-3.989,-0.341,4,0.002,0,-0.002,,,,
1809.42557,3,8.889,-3.986,-0.345,4,0.003,0,0,5,-37.149,22.275,28.239
1809.48203,3,8.887,-3.987,-0.353,4,0.004,0,0.001,5,-36.661,22.406,27.727
1809.53861,3,8.881,-3.986,-0.355,4,0.004,0,0.002,5,-37.738,22.258,27.078
1809.59458,3,8.882,-4,-0.348,4,0.005,0,0.004,,,,
1809.64997,3,8.875,-4.015,-0.348,4,0.005,0,0.005,5,-37.257,21.136,28.214
1809.70725,3,8.869,-4.026,-0.349,4,0.006,-0.001,0.006,5,-36.584,22.954,28.987
1809.76514,3,8.861,-4.039,-0.347,4,0.006,-0.001,0.007,,,,
1809.82178,3,8.859,-4.049,-0.341,4,0.006,-0.001,0.008,5,-36.505,22.842,27.698
1809.87794,3,8.852,-4.06,-0.342,4,0.006,-0.001,0.009,5,-36.517,22.635,27.124
1809.93406,3,8.846,-4.062,-0.341,4,0.005,-0.001,0.01,5,-35.612,23.335,28.403
1809.99164,3,8.846,-4.071,-0.343,4,0.005,-0.001,0.011,,,,
1810.04835,3,8.849,-4.079,-0.339,4,0.005,-0.001,0.011,5,-36.4,22.35,28.563
1810.10468,3,8.851,-4.082,-0.333,4,0.004,-0.001,0.011,5,-37.624,22.755,28.043
1810.16071,3,8.853,-4.091,-0.336,4,0.004,-0.001,0.012,,,,
1810.21818,3,8.852,-4.102,-0.337,4,0.004,-0.001,0.012,5,-36.458,22.075,28.384
1810.275,3,8.845,-4.115,-0.331,4,0.003,-0.002,0.012,5,-37.207,22.398,28.464
1810.33146,3,8.845,-4.122,-0.334,4,0.002,-0.002,0.012,5,-36.58,22.269,27.791
1810.38807,3,8.846,-4.13,-0.342,4,0.003,-0.002,0.012,,,,
1810.44404,3,8.839,-4.134,-0.337,4,0.002,-0.002,0.011,5,-37.476,23.502,27.846
1810.49961,3,8.839,-4.144,-0.335,4,0.002,-0.002,0.011,5,-37.547,23.796,29.134
1810.55707,3,8.837,-4.148,-0.341,4,0.002,-0.002,0.01,5,-36.935,21.777,27.457
1810.61454,3,8.836,-4.159,-0.345,4,0.001,-0.002,0.01,5,-36.804,24.095,28.824
1810.67115,3,8.834,-4.162,-0.339,4,0.002,-0.002,0.009,5,-36.517,22.638,28.015
1810.72791,3,8.832,-4.163,-0.346,4,0.001,-0.002,0.008,5,-35.443,21.977,27.092
1810.78406,3,8.838,-4.168,-0.341,4,0.001,-0.002,0.007,,,,
1810.83979,3,8.834,-4.173,-0.337,4,0.001,-0.002,0.006,5,-37.196,22.62,27.667
1810.89734,3,8.826,-4.172,-0.341,4,0,-0.002,0.005,5,-36.569,23.163,27.649
1810.95373,3,8.83,-4.175,-0.336,4,0,-0.002,0.003,5,-36.476,23.181,28.239
1811.01107,3,8.822,-4.179,-0.333,4,0,-0.001,0.002,5,-37.244,22.696,28.357
1811.06775,3,8.811,-4.175,-0.337,4,-0.001,-0.001,0.001,5,-36.981,22.694,28.249
1811.12426,3,8.806,-4.167,-0.338,4,-0.001,-0.001,-0.001,5,-36.954,22.206,28.856
1811.18048,3,8.806,-4.163,-0.343,4,-0.002,-0.001,-0.002,,,,
1811.2359,3,8.796,-4.157,-0.341,4,-0.001,-0.001,-0.003,5,-36.485,23.502,28.827
1811.2922,3,8.796,-4.152,-0.345,4,-0.002,0,-0.004,5,-36.894,23.006,27.638
1811.34884,3,8.802,-4.14,-0.34,4,-0.002,0,-0.006,5,-37.793,22.343,27.701
1811.40615,3,8.805,-4.136,-0.34,4,-0.001,0.001,-0.007,5,-36.964,22.241,28.082
1811.4642,3,8.811,-4.12,-0.347,4,-0.001,0.001,-0.008,5,-35.913,22.949,27.95
1811.5209,3,8.827,-4.103,-0.339,4,-0.001,0.002,-0.009,5,-36.755,22.258,28.16
1811.57739,3,8.833,-4.089,-0.332,4,-0.001,0.001,-0.009,,,,
1811.63403,3,8.845,-4.071,-0.34,4,0,0.001,-0.01,5,-37.52,23.767,27.431
1811.68997,3,8.847,-4.066,-0.339,4,0.001,0.001,-0.01,5,-36.743,21.898,28.171
1811.74524,3,8.849,-4.056,-0.339,4,0.001,0.001,-0.01,5,-37.35,22.673,28.662
1811.80255,3,8.858,-4.041,-0.337,4,0.002,0.001,-0.01,5,-36.224,22.797,27.086
1811.86053,3,8.857,-4.043,-0.343,4,0.002,0,-0.01,5,-36.388,22.182,27.254
1811.9165,3,8.859,-4.04,-0.338,4,0.003,0,-0.01,5,-37.282,21.954,28.616
1811.97244,3,8.856,-4.037,-0.336,4,0.004,0,-0.01,,,,
1812.03039,3,8.857,-4.046,-0.335,4,0.005,-0.001,-0.01,5,-36.786,21.825,29.536
1812.08703,3,8.864,-4.052,-0.333,4,0.006,-0.001,-0.009,5,-37.344,22.704,27.347
1812.14303,3,8.865,-4.052,-0.333,4,0.006,-0.001,-0.009,5,-36.696,22.221,27.47
1812.19827,3,8.869,-4.058,-0.33,4,0.007,-0.001,-0.009,,,,
1812.25555,3,8.873,-4.062,-0.326,4,0.006,-0.001,-0.008,5,-37.305,21.658,27.777
1812.3135,3,8.876,-4.061,-0.333,4,0.006,-0.001,-0.007,5,-36.603,21.831,28.743
1812.37014,3,8.878,-4.061,-0.33,4,0.006,-0.001,-0.007,,,,
1812.42678,3,8.888,-4.056,-0.33,4,0.006,-0.001,-0.006,5,-37.511,21.541,28.255
1812.48352,3,8.882,-4.05,-0.329,4,0.006,-0.002,-0.005,5,-37.064,21.82,28.133
1812.53952,3,8.889,-4.039,-0.33,4,0.006,-0.002,-0.004,5,-37.433,21.41,28.867
1812.59466,3,8.889,-4.047,-0.325,4,0.005,-0.002,-0.003,,,,
1812.65197,3,8.882,-4.057,-0.325,4,0.005,-0.002,-0.003,5,-36.432,21.825,28.522
1812.7098,3,8.877,-4.065,-0.333,4,0.005,-0.003,-0.002,5,-37.401,21.088,27.602
1812.7662,3,8.876,-4.069,-0.337,4,0.005,-0.003,-0.001,,,,
1812.82302,3,8.872,-4.081,-0.329,4,0.005,-0.003,0,5,-35.811,22.086,27.213
1812.87963,3,8.86,-4.077,-0.333,4,0.004,-0.003,0,5,-36.214,22.487,28.017
1812.93624,3,8.853,-4.07,-0.329,4,0.004,-0.003,0.001,5,-36.023,22.083,27.577
1812.99224,3,8.858,-4.074,-0.328,4,0.004,-0.003,0.002,,,,
1813.0477,3,8.857,-4.073,-0.325,4,0.003,-0.003,0.001,5,-37.186,23.088,28.552
1813.10492,3,8.859,-4.072,-0.325,4,0.003,-0.003,0.002,5,-37.018,23.006,28.177
1813.16278,3,8.859,-4.075,-0.322,4,0.003,-0.003,0.002,,,,
1813.21945,3,8.851,-4.075,-0.325,4,0.003,-0.003,0.003,5,-36.029,21.844,29.175
1813.27606,3,8.852,-4.071,-0.323,4,0.002,-0.003,0.003,5,-37.514,22.523,27.496
1813.33273,3,8.849,-4.077,-0.322,4,0.003,-0.004,0.003,5,-35.608,21.22,26.595
1813.38873,3,8.843,-4.081,-0.332,4,0.002,-0.003,0.003,,,,
1813.44406,3,8.841,-4.079,-0.33,4,0.002,-0.004,0.003,5,-34.854,20.662,27.727
1813.50134,3,8.839,-4.076,-0.329,4,0.001,-0.003,0.004,5,-36.905,21.379,25.635
1813.55926,3,8.834,-4.073,-0.338,4,0.002,-0.003,0.004,,,,
1813.6159,3,8.83,-4.07,-0.338,4,0.002,-0.003,0.003,5,-36.4,20.79,25.76
1813.67245,3,8.832,-4.072,-0.342,4,0.002,-0.002,0.004,5,-36.92,22.253,28.05
1813.72909,3,8.83,-4.069,-0.345,4,0.001,-0.003,0.004,5,-37.714,22.533,27.963
1813.78576,3,8.83,-4.067,-0.345,4,0.002,-0.002,0.004,,,,
1813.84176,3,8.834,-4.062,-0.341,4,0.001,-0.001,0.004,5,-37.466,22.392,28.073
1813.89767,3,8.834,-4.065,-0.346,4,0.003,0,0.004,5,-37.877,22.826,28.922
1813.95538,3,8.83,-4.068,-0.349,4,0.003,0,0.005,5,-36.647,22.037,27.335
1814.01211,3,8.831,-4.068,-0.344,4,0.002,0.001,0.005,5,-36.234,20.45,27.103
1814.06909,3,8.834,-4.073,-0.341,4,0.002,0.001,0.005,5,-36.902,22.45,28.339
1814.12567,3,8.835,-4.077,-0.342,4,0.004,0.002,0.005,5,-36.639,22.438,28.04
1814.18161,3,8.835,-4.083,-0.333,4,0.004,0.002,0.005,,,,
1814.23758,3,8.848,-4.089,-0.33,4,0.004,0.003,0.005,5,-35.637,23.056,28.355
1814.29565,3,8.842,-4.095,-0.326,4,0.003,0.003,0.005,5,-36.668,22.664,29.03
1814.3522,3,8.845,-4.105,-0.329,4,0.004,0.003,0.005,5,-36.714,23.204,28.685
1814.40783,3,8.841,-4.108,-0.325,4,0.004,0.003,0.005,5,-36.613,22.107,28.592
1814.46408,3,8.844,-4.112,-0.325,4,0.004,0.003,0.004,5,-37.032,22.842,28.355
1814.52206,3,8.841,-4.117,-0.328,4,0.003,0.003,0.004,5,-35.849,22.295,28.456
1814.57864,3,8.837,-4.13,-0.321,4,0.004,0.003,0.004,,,,
1814.63528,3,8.835,-4.134,-0.317,4,0.004,0.002,0.003,5,-36.987,22.682,27.94
1814.69125,3,8.837,-4.144,-0.321,4,0.003,0.002,0.002,5,-36.848,22.972,28.021
1814.74707,3,8.837,-4.148,-0.323,4,0.002,0.002,0.002,5,-37.085,23.254,28.481
1814.80435,3,8.845,-4.159,-0.313,4,0.002,0.002,0.001,5,-37.213,23.03,27.322
1814.86062,3,8.845,-4.156,-0.32,4,0.002,0.001,0,5,-37.062,23.001,27.875
1814.91815,3,8.854,-4.159,-0.324,4,0.001,0.001,0,5,-36.951,22.813,28.593
1814.97525,3,8.863,-4.161,-0.312,4,0,0.001,-0.001,,,,
1815.03183,3,8.865,-4.159,-0.318,4,0,0,-0.002,5,-36.563,22.926,27.353
1815.08767,3,8.872,-4.156,-0.318,4,-0.001,0,-0.003,5,-37.161,22.646,27.861
1815.14294,3,8.879,-4.152,-0.314,4,-0.002,-0.001,-0.003,5,-37.386,23.431,28.708
1815.19955,3,8.872,-4.146,-0.323,4,-0.003,-0.002,-0.004,5,-36.447,23.837,27.347
1815.25677,3,8.873,-4.14,-0.319,4,-0.003,-0.002,-0.005,5,-37.645,22.563,28.157
1815.31402,3,8.868,-4.133,-0.327,4,-0.003,-0.003,-0.005,5,-36.462,21.898,28.961
1815.37011,3,8.865,-4.119,-0.322,4,-0.004,-0.003,-0.006,,,,
1815.42804,3,8.849,-4.117,-0.332,4,-0.004,-0.003,-0.006,5,-36.652,22.275,27.512
1815.48471,3,8.844,-4.102,-0.335,4,-0.004,-0.003,-0.006,5,-36.888,22.441,28.845
1815.54068,3,8.835,-4.096,-0.34,4,-0.004,-0.003,-0.007,5,-36.633,23.175,26.891
1815.59652,3,8.834,-4.081,-0.344,4,-0.004,-0.002,-0.007,,,,
1815.65435,3,8.82,-4.071,-0.348,4,-0.004,-0.002,-0.007,5,-36.369,22.713,27.95
1815.71124,3,8.814,-4.045,-0.344,4,-0.004,-0.001,-0.007,5,-37.233,23.01,28.134
1815.76785,3,8.818,-4.018,-0.349,4,-0.004,-0.001,-0.007,,,,
1815.82446,3,8.816,-4.004,-0.354,4,-0.003,0,-0.007,5,-36.377,22.995,28.885
1815.88107,3,8.82,-3.991,-0.347,4,-0.003,0,-0.006,5,-37.245,22.701,28.618
1815.93707,3,8.828,-3.986,-0.352,4,-0.001,0.001,-0.006,5,-37.267,22.243,28.816
1815.99237,3,8.838,-3.986,-0.358,4,0,0.001,-0.005,,,,
1816.04898,3,8.837,-3.978,-0.345,4,0.001,0.001,-0.004,5,-35.791,22.421,27.745
1816.1062,3,8.846,-3.979,-0.345,4,0.002,0.001,-0.003,5,-36.041,22.798,27.74
1816.16409,3,8.855,-3.988,-0.346,4,0.003,0.001,-0.002,,,,
1816.22073,3,8.869,-3.999,-0.34,4,0.005,0.001,-0.001,5,-36.879,22.166,28.552
1816.27673,3,8.868,-4.009,-0.33,4,0.006,0.001,-0.001,5,-36.339,22.153,27.759
1816.33273,3,8.874,-4.03,-0.333,4,0.006,0,0,5,-36.229,23.473,28.551
1816.38995,3,8.88,-4.045,-0.331,4,0.007,0,0.001,,,,
1816.4454,3,8.89,-4.065,-0.323,4,0.007,0,0.002,5,-35.579,21.037,27.835
1816.50222,3,8.885,-4.071,-0.326,4,0.007,-0.001,0.002,5,-36.505,21.138,27.838
1816.55969,3,8.893,-4.084,-0.327,4,0.008,-0.001,0.002,,,,
1816.61715,3,8.896,-4.097,-0.319,4,0.007,-0.002,0.003,5,-35.965,20.346,25.789
1816.67376,3,8.893,-4.101,-0.329,4,0.006,-0.002,0.004,5,-35.291,21.011,27.26
1816.73004,3,8.89,-4.109,-0.321,4,0.006,-0.003,0.004,5,-37.421,22.202,27.925
1816.78564,3,8.891,-4.104,-0.312,4,0.006,-0.003,0.004,,,,
1816.84176,3,8.891,-4.1,-0.329,4,0.005,-0.004,0.004,5,-36.85,22.699,28.534
1816.8984,3,8.882,-4.1,-0.335,4,0.005,-0.004,0.004,5,-37.343,22.247,28.204
1816.95565,3,8.869,-4.099,-0.328,4,0.005,-0.004,0.005,5,-36.876,22.267,29.517
1817.01358,3,8.869,-4.092,-0.325,4,0.004,-0.005,0.005,5,-36.551,23.724,28.63
1817.07019,3,8.863,-4.09,-0.338,4,0.005,-0.005,0.005,5,-36.319,22.798,29.228
1817.1268,3,8.853,-4.087,-0.336,4,0.004,-0.005,0.004,5,-36.308,23.062,28.761
1817.18338,3,8.841,-4.091,-0.339,4,0.004,-0.005,0.005,,,,
1817.23944,3,8.833,-4.091,-0.346,4,0.004,-0.005,0.004,5,-37.378,22.948,28.778
1817.29483,3,8.825,-4.095,-0.354,4,0.005,-0.005,0.004,5,-37.021,21.667,27.589
1817.35211,3,8.815,-4.1,-0.343,4,0.005,-0.004,0.004,5,-37.43,22.124,29.33
1817.41006,3,8.81,-4.099,-0.353,4,0.005,-0.004,0.004,5,-35.843,22.354,28.568
1817.4667,3,8.804,-4.108,-0.353,4,0.005,-0.003,0.004,5,-36.919,22.777,28.014
1817.52334,3,8.806,-4.106,-0.345,4,0.006,-0.002,0.003,5,-36.455,22.658,28.429
1817.57937,3,8.798,-4.108,-0.35,4,0.006,-0.001,0.002,,,,
1817.63525,3,8.794,-4.112,-0.36,4,0.006,0,0.002,5,-36.511,22.559,27.449
1817.69253,3,8.798,-4.113,-0.342,4,0.006,0.001,0.002,5,-36.108,20.979,27.281
1817.74783,3,8.798,-4.118,-0.34,4,0.005,0.001,0.001,5,-37.033,22.701,28.641
1817.8049,3,8.8,-4.125,-0.349,4,0.004,0.002,0,5,-36.542,22.812,28.741
1817.8627,3,8.809,-4.129,-0.343,4,0.005,0.002,0,5,-37.491,23.016,29.176
1817.91977,3,8.815,-4.136,-0.34,4,0.004,0.003,0,5,-36.855,22.911,28.177
1817.97641,3,8.824,-4.144,-0.345,4,0.003,0.003,-0.001,,,,
1818.03302,3,8.834,-4.148,-0.336,4,0.003,0.003,-0.001,5,-37.456,22.157,28.133
1818.08889,3,8.838,-4.157,-0.326,4,0.002,0.003,-0.002,5,-36.482,22.726,27.876
1818.14422,3,8.849,-4.163,-0.327,4,0.002,0.004,-0.003,5,-37.288,21.561,29.283
1818.20153,3,8.86,-4.165,-0.334,4,0.001,0.003,-0.003,5,-37.248,22.847,29.329
1818.25955,3,8.865,-4.16,-0.317,4,0,0.003,-0.004,5,-36.453,22.22,28.532
1818.31625,3,8.878,-4.156,-0.321,4,-0.001,0.003,-0.004,5,-35.744,22.864,28.13
1818.37277,3,8.881,-4.152,-0.329,4,-0.001,0.002,-0.005,,,,
1818.42941,3,8.882,-4.152,-0.321,4,-0.001,0.002,-0.006,5,-37.228,22.879,28.008
1818.48538,3,8.885,-4.14,-0.312,4,-0.003,0.001,-0.006,5,-36.998,22.859,28.174
1818.54065,3,8.885,-4.124,-0.321,4,-0.004,0,-0.006,5,-36.896,22.115,27.252
1818.59726,3,8.879,-4.124,-0.321,4,-0.003,0,-0.007,,,,
1818.65451,3,8.875,-4.111,-0.312,4,-0.005,-0.001,-0.007,5,-36.682,21.645,28.421
1818.71182,3,8.875,-4.105,-0.323,4,-0.004,-0.002,-0.007,5,-37.685,21.681,27.625
1818.76785,3,8.865,-4.089,-0.331,4,-0.005,-0.002,-0.007,,,,
1818.82586,3,8.85,-4.089,-0.342,4,-0.005,-0.003,-0.007,5,-36.186,23.209,27.252
1818.88247,3,8.845,-4.076,-0.318,4,-0.006,-0.004,-0.007,5,-38.594,22.771,28.615
1818.93838,3,8.831,-4.054,-0.339,4,-0.006,-0.003,-0.007,5,-37.802,24.321,27.545
1818.99456,3,8.823,-4.03,-0.351,4,-0.006,-0.003,-0.006,,,,
1819.05267,3,8.828,-3.993,-0.359,4,-0.006,-0.003,-0.006,5,-37.221,22.324,28.694
1819.10867,3,8.825,-3.967,-0.368,4,-0.005,-0.004,-0.006,5,-36.417,22.345,27.264
1819.1654,3,8.821,-3.947,-0.361,4,-0.005,-0.003,-0.004,,,,
1819.22219,3,8.815,-3.938,-0.366,4,-0.003,-0.003,-0.003,5,-35.861,21.579,27.003
1819.27887,3,8.818,-3.943,-0.366,4,-0.002,-0.002,-0.002,5,-36.119,22.356,27.458
1819.33483,3,8.818,-3.951,-0.368,4,0,-0.001,-0.001,5,-34.163,22.958,26.622
1819.39007,3,8.819,-3.97,-0.365,4,0.001,0,0.001,,,,
1819.44668,3,8.817,-3.986,-0.362,4,0.002,0,0.002,5,-36.292,22.462,27.646
1819.50387,3,8.818,-4.006,-0.364,4,0.004,0.001,0.003,5,-36.311,21.471,27.269
1819.56182,3,8.827,-4.021,-0.353,4,0.004,0.002,0.004,,,,
1819.61871,3,8.843,-4.03,-0.356,4,0.005,0.003,0.004,5,-36.839,21.96,26.712
1819.67532,3,8.852,-4.041,-0.346,4,0.006,0.004,0.005,5,-36.069,21.155,27.142
1819.73184,3,8.864,-4.051,-0.342,4,0.006,0.005,0.006,5,-35.237,21.297,27.715
1819.78765,3,8.88,-4.061,-0.333,4,0.006,0.005,0.006,,,,
1819.84311,3,8.893,-4.074,-0.328,4,0.007,0.006,0.007,5,-36.223,21.98,26.234
1819.90039,3,8.91,-4.086,-0.331,4,0.007,0.005,0.007,5,-37.898,23.326,27.06
1819.95834,3,8.918,-4.106,-0.321,4,0.006,0.005,0.008,,,,
1820.01498,3,8.92,-4.122,-0.311,4,0.006,0.005,0.008,5,-37.012,22.85,29.388
1820.07156,3,8.93,-4.139,-0.31,4,0.005,0.004,0.008,5,-37.279,22.444,28.748
1820.12823,3,8.932,-4.165,-0.304,4,0.005,0.003,0.009,5,-36.641,21.791,27.312
1820.18475,3,8.928,-4.179,-0.297,4,0.004,0.001,0.008,,,,
1820.24133,3,8.929,-4.197,-0.294,4,0.003,0,0.008,5,-36.897,22.914,28.468
1820.29736,3,8.917,-4.201,-0.297,4,0.001,-0.001,0.008,5,-36.555,22.565,28.516
1820.35336,3,8.91,-4.201,-0.295,4,0.001,-0.003,0.007,5,-37.065,23.216,28.093
1820.41122,3,8.893,-4.202,-0.295,4,0,-0.004,0.006,5,-37.482,23.497,28.021
1820.46722,3,8.873,-4.193,-0.302,4,-0.002,-0.006,0.006,5,-37.515,22.53,29.033
1820.52331,3,8.856,-4.187,-0.309,4,-0.003,-0.007,0.004,5,-36.337,23.3,28.752
1820.58129,3,8.83,-4.176,-0.309,4,-0.004,-0.008,0.004,,,,
1820.6372,3,8.811,-4.156,-0.321,4,-0.004,-0.008,0.002,5,-37.796,23.654,27.312
1820.69281,3,8.786,-4.149,-0.334,4,-0.004,-0.008,0.001,5,-36.676,22.745,27.11
1820.75039,3,8.772,-4.13,-0.338,4,-0.005,-0.008,0,5,-36.87,23.083,27.878
1820.8077,3,8.756,-4.117,-0.345,4,-0.005,-0.008,-0.001,5,-37.679,21.931,27.94
1820.86419,3,8.743,-4.107,-0.355,4,-0.005,-0.007,-0.002,5,-36.223,22.113,27.672
1820.92074,3,8.736,-4.084,-0.359,4,-0.004,-0.006,-0.003,5,-37.062,22.603,29.015
1820.97638,3,8.735,-4.068,-0.36,4,-0.004,-0.005,-0.004,,,,
1821.03299,3,8.741,-4.045,-0.371,4,-0.004,-0.003,-0.004,5,-36.6,21.951,28.143
1821.09094,3,8.744,-4.028,-0.369,4,-0.002,-0.002,-0.005,5,-36.354,22.765,28.773
1821.14688,3,8.749,-4.01,-0.371,4,-0.001,-0.001,-0.005,5,-37.509,22.333,28.262
1821.20245,3,8.76,-4.005,-0.368,4,0,0.001,-0.006,5,-36.679,21.803,28.682
1821.25995,3,8.761,-4.008,-0.37,4,0.002,0.003,-0.005,5,-37.009,22.951,27.972
1821.31729,3,8.778,-4.014,-0.361,4,0.004,0.004,-0.005,5,-37.177,22.24,30.13
1821.37399,3,8.791,-4.03,-0.361,4,0.005,0.005,-0.005,,,,
1821.43051,3,8.808,-4.044,-0.354,4,0.006,0.007,-0.005,5,-36.301,22.795,27.742
1821.48651,3,8.831,-4.058,-0.349,4,0.006,0.007,-0.005,5,-36.253,22.885,28.18
1821.54266,3,8.854,-4.068,-0.341,4,0.007,0.008,-0.005,5,-35.8,21.017,27.855
1821.60068,3,8.864,-4.083,-0.332,4,0.007,0.008,-0.005,5,-36.977,22.112,28.902
1821.65698,3,8.885,-4.1,-0.326,4,0.008,0.008,-0.005,5,-37.703,22.218,28.954
1821.71338,3,8.908,-4.112,-0.32,4,0.007,0.008,-0.004,5,-37.419,20.775,27.039
1821.77048,3,8.923,-4.118,-0.312,4,0.008,0.008,-0.005,,,,
1821.82709,3,8.934,-4.135,-0.308,4,0.007,0.007,-0.004,5,-36.604,21.811,27.896
1821.88305,3,8.941,-4.138,-0.301,4,0.006,0.006,-0.004,5,-36.545,21.979,27.902
1821.93832,3,8.944,-4.146,-0.292,4,0.005,0.005,-0.004,5,-37.872,21.408,26.224
1821.99496,3,8.948,-4.139,-0.292,4,0.005,0.003,-0.004,,,,
1822.05157,3,8.948,-4.142,-0.293,4,0.003,0.002,-0.004,5,-36.215,23.036,28.311
1822.10888,3,8.941,-4.136,-0.292,4,0.002,0,-0.003,5,-36.484,20.993,27.771
1822.16681,3,8.932,-4.136,-0.289,4,0.001,-0.002,-0.003,,,,
1822.22348,3,8.923,-4.126,-0.301,4,-0.001,-0.004,-0.003,5,-37.285,22.913,27.469
1822.28015,3,8.904,-4.12,-0.305,4,-0.002,-0.005,-0.002,5,-36.108,22.319,28.424
1822.33603,3,8.894,-4.106,-0.311,4,-0.002,-0.006,-0.001,5,-35.97,22.331,25.89
1822.39136,3,8.878,-4.1,-0.318,4,-0.003,-0.008,-0.001,,,,
1822.44855,3,8.861,-4.084,-0.321,4,-0.004,-0.008,-0.001,5,-35.989,22.136,27.615
1822.50635,3,8.849,-4.076,-0.338,4,-0.005,-0.009,-0.001,5,-35.428,21.411,27.086
1822.56314,3,8.834,-4.057,-0.344,4,-0.006,-0.009,-0.001,,,,
1822.61975,3,8.822,-4.041,-0.348,4,-0.005,-0.009,0,5,-36.22,21.492,26.88
1822.67642,3,8.812,-4.011,-0.36,4,-0.005,-0.009,0,5,-35.849,21.251,27.359
1822.73306,3,8.806,-3.989,-0.366,4,-0.004,-0.008,0,5,-35.713,21.912,26.392
1822.78906,3,8.798,-3.982,-0.368,4,-0.003,-0.007,0.001,,,,
1822.84439,3,8.794,-3.984,-0.37,4,-0.002,-0.006,0.002,5,-35.75,21.33,27.663
1822.90127,3,8.788,-3.991,-0.372,4,-0.001,-0.005,0.002,5,-37.163,21.887,28.801
1822.95877,3,8.789,-4.006,-0.374,4,0.001,-0.004,0.003,,,,
1823.01611,3,8.786,-4.022,-0.369,4,0.002,-0.002,0.004,5,-37.444,21.591,28.233
1823.07281,3,8.79,-4.033,-0.372,4,0.003,-0.001,0.005,5,-37.529,21.925,28.708
1823.12942,3,8.797,-4.049,-0.365,4,0.004,0.001,0.005,5,-37.334,22.295,27.971
1823.18539,3,8.803,-4.061,-0.355,4,0.005,0.002,0.005,,,,
1823.24078,3,8.81,-4.074,-0.352,4,0.006,0.003,0.005,5,-37.515,22.29,27.687
1823.29742,3,8.824,-4.085,-0.351,4,0.007,0.004,0.005,5,-36.58,23.294,28.708
1823.3547,3,8.831,-4.099,-0.34,4,0.007,0.005,0.005,,,,
1823.4122,3,8.844,-4.111,-0.332,4,0.006,0.005,0.005,5,-36.461,22.684,28.11
1823.46841,3,8.855,-4.126,-0.329,4,0.006,0.005,0.005,5,-35.756,22.82,29.085
1823.52579,3,8.861,-4.137,-0.328,4,0.006,0.005,0.005,5,-36.38,23.196,28.154
1823.58237,3,8.87,-4.143,-0.316,4,0.006,0.005,0.004,,,,
1823.63922,3,8.877,-4.15,-0.311,4,0.006,0.005,0.004,5,-35.951,22.144,26.306
1823.69516,3,8.883,-4.163,-0.313,4,0.006,0.004,0.003,5,-36.862,22.697,27.608
1823.75104,3,8.885,-4.171,-0.298,4,0.005,0.004,0.003,5,-36.801,22.665,28.488
1823.80899,3,8.889,-4.175,-0.302,4,0.004,0.003,0.002,5,-36.293,22.476,27.942
1823.86575,3,8.885,-4.173,-0.298,4,0.003,0.002,0.002,5,-36.192,22.71,27.556
1823.92245,3,8.887,-4.17,-0.296,4,0.002,0.001,0.002,5,-37.105,23.172,26.411
1823.97912,3,8.873,-4.166,-0.295,4,0.001,-0.001,0.001,,,,
1824.03494,3,8.871,-4.162,-0.307,4,-0.001,-0.001,0.001,5,-36.72,23.064,27.791
1824.09094,3,8.865,-4.157,-0.308,4,-0.001,-0.003,0,5,-37.54,21.495,28.258
1824.14828,3,8.853,-4.153,-0.318,4,-0.002,-0.003,-0.001,5,-37.447,24.388,28.114
1824.20401,3,8.847,-4.138,-0.321,4,-0.003,-0.005,-0.001,5,-36.687,22.481,27.939
1824.26117,3,8.837,-4.131,-0.326,4,-0.004,-0.005,-0.001,5,-36.787,23.134,28.497
1824.31741,3,8.826,-4.12,-0.335,4,-0.004,-0.005,-0.002,5,-36.758,22.26,29.118
1824.37539,3,8.814,-4.112,-0.339,4,-0.004,-0.005,-0.003,,,,
1824.432,3,8.802,-4.099,-0.352,4,-0.004,-0.005,-0.003,5,-37.402,22.096,27.582
1824.48858,3,8.798,-4.087,-0.354,4,-0.004,-0.005,-0.003,5,-37.421,22.412,27.792
1824.54446,3,8.791,-4.073,-0.357,4,-0.004,-0.004,-0.004,5,-36.513,21.938,27.789
1824.6,3,8.79,-4.061,-0.359,4,-0.004,-0.003,-0.004,5,-37.718,22.812,28.406
1824.65674,3,8.791,-4.039,-0.361,4,-0.003,-0.002,-0.004,5,-35.677,22.478,27.713
1824.71374,3,8.799,-4.016,-0.365,4,-0.002,-0.001,-0.004,5,-37.259,23.325,29.646
1824.77176,3,8.81,-4.004,-0.368,4,-0.001,0,-0.004,,,,
1824.82852,3,8.814,-3.997,-0.368,4,0.001,0.001,-0.003,5,-37.796,22.112,28.865
1824.88437,3,8.821,-4.006,-0.37,4,0.002,0.001,-0.003,5,-37.776,21.631,28.239
1824.94024,3,8.827,-4.01,-0.362,4,0.004,0.002,-0.002,5,-38.376,22.685,27.238
1824.99759,3,8.836,-4.035,-0.357,4,0.005,0.003,-0.001,,,,
1825.05328,3,8.841,-4.053,-0.357,4,0.006,0.003,-0.001,5,-35.376,22.626,27.788
1825.11038,3,8.844,-4.072,-0.354,4,0.007,0.004,-0.001,5,-37.698,22.585,28.503
1825.16763,3,8.853,-4.094,-0.341,4,0.008,0.004,0,,,,
1825.22479,3,8.855,-4.106,-0.336,4,0.008,0.004,0,5,-36.276,23.094,29.205
1825.2814,3,8.859,-4.115,-0.34,4,0.008,0.005,0,5,-36.185,23.004,29.628
1825.33734,3,8.866,-4.122,-0.333,4,0.007,0.005,0,5,-37.463,22.62,27.847
1825.39322,3,8.874,-4.132,-0.322,4,0.007,0.005,0,,,,
1825.45108,3,8.871,-4.127,-0.325,4,0.006,0.004,0,5,-36.597,23.326,27.995
1825.50784,3,8.881,-4.131,-0.323,4,0.006,0.004,0,5,-36.89,22.365,29.385
1825.56433,3,8.877,-4.131,-0.318,4,0.005,0.003,0,,,,
1825.62109,3,8.881,-4.13,-0.317,4,0.003,0.003,-0.001,5,-36.877,22.401,26.73
1825.67721,3,8.886,-4.132,-0.304,4,0.002,0.002,-0.001,5,-35.892,21.06,26.86
1825.73242,3,8.879,-4.134,-0.303,4,0.001,0.001,-0.001,5,-34.518,21.777,26.471
1825.78906,3,8.877,-4.125,-0.317,4,0.001,0,-0.001,,,,
1825.84567,3,8.878,-4.119,-0.311,4,0,-0.001,-0.001,5,-35.684,21.648,26.06
1825.90265,3,8.874,-4.115,-0.31,4,-0.001,-0.001,-0.001,5,-37.303,22.745,27.931
1825.9602,3,8.869,-4.108,-0.318,4,-0.002,-0.003,-0.001,,,,
1826.01742,3,8.869,-4.1,-0.321,4,-0.002,-0.004,-0.001,5,-36.548,21.695,27.676
1826.07413,3,8.861,-4.101,-0.318,4,-0.003,-0.004,-0.001,5,-36.748,22.942,28.662
1826.1307,3,8.857,-4.094,-0.324,4,-0.003,-0.005,-0.001,5,-36.481,22.212,29.562
1826.18674,3,8.848,-4.094,-0.338,4,-0.003,-0.006,-0.001,,,,
1826.24295,3,8.846,-4.087,-0.329,4,-0.003,-0.006,-0.001,5,-36.168,22.208,28.41
1826.30099,3,8.836,-4.09,-0.339,4,-0.003,-0.006,-0.001,5,-36.316,22.781,29.411
1826.35711,3,8.827,-4.09,-0.358,4,-0.004,-0.005,-0.001,,,,
1826.41379,3,8.814,-4.088,-0.353,4,-0.003,-0.005,0,5,-37.61,22.684,29.15
1826.4704,3,8.809,-4.093,-0.357,4,-0.004,-0.005,0,5,-37.59,23.018,28.152
1826.52646,3,8.806,-4.087,-0.365,4,-0.003,-0.004,0,5,-37.553,21.303,29.546
1826.58188,3,8.798,-4.088,-0.361,4,-0.003,-0.003,0,,,,
1826.63849,3,8.797,-4.083,-0.366,4,-0.003,-0.001,0,5,-36.343,22.653,28.651
1826.6951,3,8.796,-4.091,-0.367,4,-0.003,0,0,5,-35.849,22.368,28.232
1826.75244,3,8.794,-4.087,-0.366,4,-0.003,0.002,0,5,-35.518,23.087,28.658
1826.81042,3,8.8,-4.086,-0.355,4,-0.002,0.003,0,5,-36.938,22.643,28.584
1826.86703,3,8.8,-4.084,-0.365,4,-0.003,0.004,-0.001,5,-36.734,23.489,28.589
1826.92361,3,8.805,-4.086,-0.357,4,-0.002,0.006,-0.001,5,-37.926,23.061,28.685
1826.97976,3,8.816,-4.088,-0.353,4,-0.002,0.007,-0.001,,,,
1827.0354,3,8.82,-4.089,-0.352,4,-0.001,0.008,-0.001,5,-37.408,22.823,28.476
1827.09152,3,8.841,-4.092,-0.343,4,0,0.009,-0.002,5,-36.615,22.246,29.077
1827.1488,3,8.849,-4.095,-0.335,4,0,0.009,-0.002,5,-36.278,23.082,28.69
1827.20679,3,8.861,-4.098,-0.325,4,0,0.01,-0.002,5,-36.282,22.107,28.055
1827.26336,3,8.869,-4.104,-0.319,4,0.001,0.01,-0.002,5,-36.507,22.675,27.632
1827.32001,3,8.885,-4.104,-0.314,4,0,0.009,-0.003,5,-37.505,22.177,29.115
1827.37658,3,8.895,-4.101,-0.313,4,0.001,0.009,-0.003,,,,
1827.43243,3,8.896,-4.101,-0.311,4,0,0.008,-0.002,5,-37.234,22.716,29.169
1827.48791,3,8.897,-4.098,-0.305,4,0,0.007,-0.002,5,-36.887,22.249,30.164
1827.54452,3,8.897,-4.096,-0.298,4,-0.001,0.006,-0.002,5,-37.181,22.906,28.848
1827.60187,3,8.889,-4.093,-0.299,4,-0.001,0.004,-0.001,5,-36.174,23.203,28.644
1827.65915,3,8.893,-4.082,-0.306,4,-0.001,0.003,-0.001,5,-37.074,22.966,28.625
1827.71512,3,8.886,-4.085,-0.297,4,-0.001,0.001,-0.001,5,-36.629,21.758,28.242
1827.77313,3,8.885,-4.073,-0.309,4,-0.002,0,-0.001,,,,
1827.82974,3,8.872,-4.057,-0.309,4,-0.002,-0.001,0,5,-36.803,22.404,28.784
1827.88638,3,8.865,-4.054,-0.316,4,-0.002,-0.003,0,5,-36.542,21.198,27.896
1827.94235,3,8.856,-4.042,-0.317,4,-0.002,-0.003,0.001,5,-37.498,22.603,27.792
1827.99826,3,8.846,-4.037,-0.332,4,-0.002,-0.004,0.001,5,-36.847,22.479,29.381
1828.05624,3,8.84,-4.031,-0.331,4,-0.001,-0.005,0.002,5,-36.562,22.398,29.669
1828.11291,3,8.834,-4.036,-0.339,4,-0.001,-0.005,0.002,5,-35.992,22.359,28.246
1828.16952,3,8.828,-4.045,-0.343,4,0,-0.005,0.003,,,,
1828.22613,3,8.828,-4.055,-0.346,4,0.001,-0.005,0.003,5,-36.145,22.31,28.133
1828.2821,3,8.823,-4.07,-0.343,4,0.001,-0.005,0.003,5,-36.427,22.984,28.438
1828.33798,3,8.822,-4.083,-0.355,4,0.001,-0.005,0.004,5,-35.641,24.005,29.869
1828.3952,3,8.818,-4.097,-0.355,4,0.002,-0.004,0.003,,,,
1828.45068,3,8.819,-4.107,-0.353,4,0.002,-0.004,0.003,5,-37.265,22.221,28.139
1828.50805,3,8.816,-4.116,-0.353,4,0.002,-0.002,0.002,5,-37.485,23.203,28.094
1828.56585,3,8.819,-4.111,-0.358,4,0.002,-0.001,0.002,,,,
1828.62259,3,8.829,-4.113,-0.357,4,0.003,0,0.002,5,-36.215,21.657,27.293
1828.67914,3,8.83,-4.112,-0.355,4,0.003,0,0.002,5,-35.902,21.866,26.601
1828.73492,3,8.834,-4.113,-0.353,4,0.003,0.001,0.001,,,,
1828.79068,3,8.836,-4.11,-0.341,4,0.003,0.002,0.001,5,-36.205,20.273,26.3
1828.84811,3,8.837,-4.112,-0.347,4,0.004,0.003,0.001,5,-35.756,21.671,27.087
1828.90533,3,8.836,-4.104,-0.34,4,0.004,0.004,0,5,-37.202,21.872,27.061
1828.9621,3,8.84,-4.104,-0.337,4,0.004,0.004,0,,,,
1829.01877,3,8.841,-4.104,-0.331,4,0.005,0.005,-0.001,5,-35.338,22.253,27.983
1829.07538,3,8.839,-4.1,-0.33,4,0.004,0.005,-0.001,5,-37.508,22.415,27.501
1829.13132,3,8.836,-4.104,-0.327,4,0.004,0.005,-0.001,,,,
1829.18738,3,8.835,-4.1,-0.329,4,0.004,0.005,-0.002,5,-35.667,22.961,27.795
1829.24463,3,8.833,-4.104,-0.325,4,0.005,0.004,-0.002,5,-35.896,22.458,28.978
1829.30041,3,8.837,-4.105,-0.31,4,0.005,0.004,-0.003,5,-37.225,22.029,28.68
1829.35809,3,8.835,-4.11,-0.325,4,0.005,0.004,-0.003,5,-37.502,22.607,28.094
1829.41516,3,8.835,-4.108,-0.314,4,0.004,0.003,-0.003,5,-36.847,22.534,28.188
1829.47177,3,8.838,-4.111,-0.32,4,0.005,0.003,-0.003,5,-38.196,22.186,28.394
1829.52841,3,8.842,-4.112,-0.318,4,0.005,0.002,-0.004,,,,
1829.58444,3,8.848,-4.112,-0.317,4,0.004,0.001,-0.004,5,-36.908,22.029,28.242
1829.64047,3,8.856,-4.118,-0.317,4,0.004,0.001,-0.004,5,-36.284,21.658,28.372
1829.6983,3,8.857,-4.121,-0.323,4,0.004,0,-0.004,5,-37.329,23.332,28
1829.75479,3,8.859,-4.132,-0.316,4,0.003,0,-0.004,5,-38.686,23.004,27.956
1829.81152,3,8.868,-4.136,-0.319,4,0.003,0,-0.004,5,-36.273,22.82,28.316
1829.86822,3,8.868,-4.136,-0.324,4,0.003,-0.001,-0.005,5,-36.353,24.075,28.258
1829.9241,3,8.875,-4.134,-0.32,4,0.002,-0.002,-0.005,,,,
1829.98022,3,8.876,-4.132,-0.318,4,0,-0.003,-0.005,5,-36.925,21.744,28.235
1830.03753,3,8.882,-4.128,-0.327,4,0,-0.002,-0.005,5,-37.059,22.479,27.94
1830.09338,3,8.877,-4.125,-0.326,4,-0.001,-0.003,-0.005,5,-36.967,21.765,27.84
1830.15057,3,8.869,-4.118,-0.329,4,-0.002,-0.003,-0.005,5,-36.613,22.337,28.683
1830.20675,3,8.865,-4.108,-0.331,4,-0.003,-0.003,-0.005,5,-37.212,22.128,28.683
1830.26471,3,8.862,-4.093,-0.341,4,-0.002,-0.003,-0.005,5,-36.807,22.234,28.076
1830.32074,3,8.852,-4.079,-0.338,4,-0.003,-0.003,-0.005,,,,
1830.3768,3,8.841,-4.064,-0.352,4,-0.004,-0.003,-0.004,5,-36.162,21.918,28.831
1830.4346,3,8.834,-4.051,-0.353,4,-0.003,-0.003,-0.004,5,-36.447,22.656,28.046
1830.4906,3,8.83,-4.043,-0.36,4,-0.003,-0.002,-0.003,5,-36.719,23.428,27.831
1830.54584,3,8.817,-4.032,-0.356,4,-0.003,-0.002,-0.003,5,-37.657,22.005,28.253
1830.60312,3,8.812,-4.026,-0.359,4,-0.002,-0.001,-0.003,5,-37.064,21.317,28.563
1830.6611,3,8.806,-4.019,-0.361,4,-0.002,0,-0.002,5,-37.021,21.156,27.893
1830.71704,3,8.806,-4.014,-0.36,4,-0.002,0.001,-0.001,,,,
1830.77304,3,8.804,-4.021,-0.354,4,-0.001,0.002,-0.001,5,-36.444,22.653,29.128
1830.83102,3,8.81,-4.023,-0.357,4,0,0.002,0,5,-36.867,22.498,28.979
1830.88757,3,8.814,-4.02,-0.349,4,0,0.003,0,5,-36.148,21.161,28.975
1830.94339,3,8.822,-4.023,-0.342,4,0.001,0.004,0.001,,,,
1830.9996,3,8.826,-4.024,-0.342,4,0.001,0.004,0.001,5,-36.61,21.648,26.515
1831.05704,3,8.833,-4.026,-0.344,4,0.002,0.005,0.002,5,-36.545,21.031,27.103
1831.11279,3,8.844,-4.035,-0.337,4,0.002,0.005,0.003,,,,
1831.17029,3,8.843,-4.041,-0.334,4,0.003,0.005,0.003,5,-36.031,21.468,26.938
1831.22653,3,8.851,-4.051,-0.333,4,0.003,0.005,0.004,5,-36.943,21.863,28.473
1831.28403,3,8.855,-4.056,-0.326,4,0.004,0.005,0.005,5,-37.091,22.417,27.988
1831.34,3,8.86,-4.076,-0.324,4,0.003,0.005,0.006,,,,
1831.39526,3,8.871,-4.089,-0.33,4,0.003,0.005,0.005,5,-36.412,22.508,29.425
1831.45251,3,8.878,-4.11,-0.324,4,0.004,0.005,0.006,5,-36.909,22.366,29.224
1831.51047,3,8.886,-4.125,-0.32,4,0.004,0.004,0.006,,,,
1831.56711,3,8.89,-4.147,-0.319,4,0.003,0.004,0.006,5,-36.868,23.083,28.96
1831.62366,3,8.902,-4.164,-0.315,4,0.003,0.004,0.006,5,-36.447,22.85,28.56
1831.67963,3,8.901,-4.187,-0.312,4,0.002,0.003,0.006,5,-36.528,22.826,28.201
1831.73502,3,8.907,-4.199,-0.305,4,0.001,0.002,0.005,,,,
1831.79166,3,8.903,-4.207,-0.309,4,0,0.001,0.004,5,-37.898,23.009,28.648
1831.84827,3,8.893,-4.21,-0.309,4,-0.001,0,0.004,5,-36.322,22.954,27.353
1831.90561,3,8.893,-4.211,-0.305,4,-0.002,0,0.003,,,,
1831.96362,3,8.885,-4.206,-0.316,4,-0.003,-0.001,0.002,5,-36.113,23.531,28.116
1832.02017,3,8.869,-4.201,-0.313,4,-0.004,-0.002,0.001,5,-36.201,23.636,28.656
1832.0766,3,8.855,-4.187,-0.317,4,-0.005,-0.002,0,5,-36.455,22.604,28.712
1832.13269,3,8.841,-4.176,-0.329,4,-0.006,-0.003,-0.001,,,,
1832.18808,3,8.828,-4.164,-0.321,4,-0.007,-0.003,-0.002,5,-36.748,22.603,29.506
1832.24469,3,8.802,-4.142,-0.34,4,-0.007,-0.003,-0.003,5,-36.479,22.252,27.399
1832.30194,3,8.801,-4.111,-0.337,4,-0.008,-0.003,-0.004,5,-37.329,23.358,27.496
1832.35983,3,8.809,-4.058,-0.357,4,-0.008,-0.002,-0.005,5,-36.617,22.357,27.502
1832.41641,3,8.803,-4.026,-0.346,4,-0.007,-0.002,-0.005,5,-37.477,23.085,28.157
1832.47302,3,8.761,-3.978,-0.356,4,-0.007,-0.002,-0.006,5,-36.906,21.902,29.263
1832.52966,3,8.784,-3.975,-0.369,4,-0.005,-0.002,-0.006,,,,
1832.58563,3,8.786,-3.967,-0.374,4,-0.002,0,-0.005,5,-37.625,22.037,29.683
1832.64108,3,8.786,-3.99,-0.341,4,-0.001,0,-0.005,5,-36.713,22.194,28.313
1832.69836,3,8.781,-3.978,-0.364,4,0.001,0.001,-0.004,5,-37.556,22.464,28.049
1832.75629,3,8.778,-3.981,-0.385,4,0.004,0.002,-0.004,5,-37.285,22.74,27.272
1832.81287,3,8.778,-3.989,-0.343,4,0.006,0.002,-0.004,5,-36.038,22.046,28.409
1832.86948,3,8.786,-4.008,-0.349,4,0.006,0.003,-0.004,5,-36.823,22.159,27.931
1832.92609,3,8.799,-4.035,-0.365,4,0.009,0.004,-0.003,,,,
1832.98209,3,8.815,-4.061,-0.329,4,0.01,0.004,-0.003,5,-36.734,23.445,27.396
1833.03793,3,8.818,-4.077,-0.335,4,0.01,0.005,-0.002,5,-37.08,21.083,28.09
1833.09497,3,8.841,-4.085,-0.337,4,0.009,0.005,-0.003,5,-37.64,21.489,27.243
1833.15134,3,8.859,-4.09,-0.323,4,0.01,0.005,-0.002,5,-36.794,22.94,28.793
1833.20932,3,8.877,-4.079,-0.29,4,0.009,0.005,-0.003,5,-38.074,23.297,28.076
1833.2666,3,8.889,-4.085,-0.337,4,0.009,0.004,-0.002,5,-36.876,21.413,27.69
1833.32339,3,8.904,-4.083,-0.32,4,0.01,0.003,-0.002,,,,
1833.37906,3,8.909,-4.088,-0.298,4,0.009,0.002,-0.002,5,-35.443,22.65,28.79
1833.43521,3,8.908,-4.097,-0.316,4,0.009,0.002,0,5,-36.891,22.818,27.94
1833.49051,3,8.9,-4.118,-0.329,4,0.009,0.001,0,5,-38.075,23.021,28.789
1833.54761,3,8.902,-4.144,-0.313,4,0.009,0,0,5,-37.817,22.183,28.807
1833.60544,3,8.905,-4.159,-0.317,4,0.007,-0.001,0.001,5,-37.267,22.26,28.409
1833.66244,3,8.902,-4.176,-0.353,4,0.007,-0.001,0.002,5,-37.787,22.47,27.734
1833.71905,3,8.893,-4.173,-0.317,4,0.006,-0.002,0.001,,,,
1833.77566,3,8.903,-4.172,-0.325,4,0.004,-0.002,0.001,5,-37.488,23.84,28.511
1833.83227,3,8.894,-4.152,-0.334,4,0.003,-0.003,0.001,5,-37.572,22.227,28.508
1833.88827,3,8.892,-4.141,-0.326,4,0.003,-0.004,0,5,-37.106,22.964,29.744
1833.94354,3,8.877,-4.116,-0.304,4,0.002,-0.004,0.001,,,,
1834.0004,3,8.877,-4.104,-0.333,4,0,-0.005,0.001,5,-36.646,21.703,26.494
1834.05798,3,8.869,-4.069,-0.335,4,0.001,-0.005,0.001,5,-35.341,20.894,27.039
1834.11548,3,8.855,-4.091,-0.316,4,0,-0.005,0.002,,,,
1834.17218,3,8.845,-4.085,-0.341,4,0.001,-0.005,0.002,5,-36.349,20.203,27.116
1834.22882,3,8.847,-4.077,-0.324,4,0.002,-0.005,0.003,5,-36.179,21.928,26.787
1834.28522,3,8.821,-4.06,-0.322,4,0.001,-0.005,0.004,5,-36.687,21.764,28
1834.34128,3,8.824,-4.041,-0.324,4,0.002,-0.005,0.004,,,,
1834.39725,3,8.814,-3.998,-0.309,4,0.002,-0.005,0.004,5,-36.794,22.949,27.861
1834.45456,3,8.814,-3.983,-0.309,4,0.003,-0.004,0.005,5,-36.772,23.105,27.708
1834.51053,3,8.778,-4.024,-0.383,4,0.004,-0.004,0.004,,,,
1834.56851,3,8.77,-4.085,-0.353,4,0.006,-0.004,0.006,5,-36.252,22.65,28.83
1834.62509,3,8.757,-4.105,-0.353,4,0.007,-0.004,0.008,5,-38.261,22.818,28.952
1834.68164,3,8.762,-4.085,-0.353,4,0.007,-0.003,0.007,5,-36.63,22.375,29.022
1834.7377,3,8.778,-4.135,-0.261,4,0.008,-0.002,0.004,,,,
1834.79297,3,8.806,-4.136,-0.424,4,0.005,-0.003,0.005,5,-36.743,22.954,27.841
1834.84973,3,8.811,-4.126,-0.358,4,0.004,-0.006,0.002,5,-37.062,21.788,29.123
1834.90649,3,8.851,-4.148,-0.395,4,0.007,-0.002,0.002,,,,
1834.96347,3,8.853,-4.18,-0.379,4,0.008,-0.001,-0.001,5,-36.624,22.778,28.606
1835.02133,3,8.897,-4.201,-0.306,4,0.008,0,-0.001,5,-37.03,22.334,27.638
1835.07794,3,8.87,-4.206,-0.357,4,0.008,-0.001,-0.002,5,-35.779,21.704,27.008
1835.13461,3,8.852,-4.258,-0.349,4,0.009,0.003,-0.007,,,,
1835.19122,3,8.85,-4.258,-0.312,4,0.008,0.001,-0.008,5,-35.478,21.721,27.795
1835.24786,3,8.817,-4.243,-0.348,4,0.005,0,-0.012,5,-37.228,21.39,28.873
1835.30453,3,8.81,-4.234,-0.328,4,0.003,-0.001,-0.016,,,,
1835.36084,3,8.798,-4.204,-0.332,4,0.001,0,-0.017,5,-37.26,23.27,28.633
1835.4172,3,8.819,-4.164,-0.325,4,-0.002,-0.003,-0.018,5,-36.154,22.026,28.319
1835.47439,3,8.814,-4.155,-0.37,4,-0.004,-0.001,-0.022,5,-36.917,22.51,28.374
1835.53033,3,8.821,-4.144,-0.334,4,-0.005,-0.001,-0.022,,,,
1835.5863,3,8.859,-4.103,-0.291,4,-0.006,-0.001,-0.025,5,-37.756,22.548,28.548
1835.64349,3,8.857,-4.11,-0.384,4,-0.004,0.003,-0.029,5,-37.044,21.793,28.329
1835.69946,3,8.855,-4.052,-0.341,4,-0.006,-0.002,-0.03,5,-37.331,21.98,27.574
1835.75717,3,8.845,-4.043,-0.341,4,-0.005,0.004,-0.03,5,-36.049,21.782,27.245
1835.81418,3,8.866,-3.998,-0.368,4,-0.006,0.003,-0.032,5,-36.74,21.802,28.058
1835.87085,3,8.866,-3.974,-0.38,4,-0.003,0.005,-0.032,5,-36.702,21.664,27.475
1835.92743,3,8.856,-3.902,-0.322,4,-0.005,0.003,-0.031,,,,
1835.98404,3,8.881,-3.899,-0.313,4,-0.004,0.007,-0.033,5,-38.329,21.909,27.983
1836.04004,3,8.895,-3.896,-0.419,4,-0.005,0.006,-0.031,5,-37.035,21.201,28.712
1836.09604,3,8.908,-3.876,-0.354,4,-0.002,0.007,-0.029,5,-37.691,22.586,28.874
1836.15396,3,8.913,-3.852,-0.319,4,-0.002,0.007,-0.028,5,-37.439,22.701,28.992
1836.21066,3,8.919,-3.828,-0.345,4,-0.004,0.006,-0.026,5,-36.981,20.63,27.934
1836.26733,3,8.935,-3.838,-0.385,4,-0.002,0.006,-0.025,5,-36.67,20.198,27.466
1836.32352,3,8.952,-3.821,-0.313,4,-0.002,0.004,-0.022,,,,
1836.37903,3,8.957,-3.813,-0.349,4,-0.004,0.006,-0.019,5,-37.366,20.708,29.424
1836.43588,3,8.96,-3.804,-0.362,4,-0.004,0.003,-0.015,5,-37.398,20.621,29.124
1836.49322,3,8.978,-3.818,-0.347,4,-0.002,0.005,-0.013,5,-38.12,21.492,28.357
1836.54919,3,8.984,-3.807,-0.334,4,-0.003,0.005,-0.01,5,-38.791,21.841,29.538
1836.60715,3,8.984,-3.804,-0.348,4,-0.002,0.006,-0.008,5,-36.716,21.318,28.615
1836.66348,3,8.979,-3.803,-0.353,4,-0.001,0.005,-0.004,5,-37.747,21.326,28.2
1836.71948,3,8.99,-3.817,-0.307,4,-0.001,0.003,-0.001,,,,
1836.77496,3,8.991,-3.827,-0.348,4,-0.002,0.002,0.001,5,-36.765,21.706,26.463
1836.83157,3,8.977,-3.812,-0.359,4,-0.001,0.002,0.005,5,-38.187,20.949,27.213
1836.88821,3,8.983,-3.829,-0.319,4,-0.001,0.001,0.007,5,-37.114,20.653,26.654
1836.94531,3,8.971,-3.844,-0.337,4,-0.002,0,0.01,5,-38.211,21.822,28.127
1837.00272,3,8.96,-3.84,-0.364,4,-0.001,0.001,0.012,5,-36.879,20.981,27.861
1837.05929,3,8.951,-3.852,-0.338,4,-0.001,-0.001,0.015,5,-36.386,19.569,28.221
1837.11676,3,8.942,-3.859,-0.342,4,-0.002,0,0.017,,,,
1837.17343,3,8.936,-3.885,-0.366,4,0,0,0.019,5,-36.551,20.125,26.93
1837.22955,3,8.915,-3.885,-0.338,4,0.001,0,0.021,5,-35.217,19.939,26.666
1837.28491,3,8.913,-3.896,-0.326,4,-0.001,0,0.022,5,-36.993,20.467,27.814
1837.34125,3,8.885,-3.926,-0.385,4,-0.001,0,0.024,,,,
1837.3985,3,8.889,-3.933,-0.345,4,0.001,0,0.024,5,-38.058,20.822,28.709
1837.45645,3,8.864,-3.946,-0.348,4,0.001,0,0.025,5,-37.048,21.623,28.647
1837.51315,3,8.858,-3.958,-0.352,4,0,0.001,0.026,,,,
1837.56979,3,8.871,-3.997,-0.36,4,0.001,0.003,0.026,5,-37.396,20.972,29.292
1837.62637,3,8.877,-4.006,-0.336,4,0.001,0.002,0.025,5,-36.804,21.158,28.098
1837.68277,3,8.869,-4.042,-0.315,4,0.001,0.003,0.025,5,-37.43,21.349,27.422
1837.7388,3,8.852,-4.029,-0.381,4,0.001,0.002,0.024,,,,
1837.79425,3,8.845,-4.046,-0.313,4,0,0.002,0.023,5,-36.969,21.945,28.757
1837.85153,3,8.838,-4.053,-0.335,4,0,0.002,0.021,5,-37.503,22.684,27.347
1837.90958,3,8.844,-4.073,-0.372,4,0,0.002,0.02,,,,
1837.96625,3,8.868,-4.097,-0.34,4,-0.001,0.002,0.019,5,-36.804,23.43,27.611
1838.02273,3,8.874,-4.105,-0.29,4,0,0.003,0.018,5,-35.931,21.127,28.891
1838.07931,3,8.878,-4.116,-0.355,4,-0.001,0.004,0.015,5,-36.47,21.79,28.084
1838.13538,3,8.891,-4.109,-0.317,4,-0.001,0.002,0.014,,,,
1838.19067,3,8.907,-4.148,-0.288,4,-0.002,0.003,0.011,5,-36.604,21.878,28.836
1838.24728,3,8.883,-4.128,-0.363,4,-0.003,0.002,0.01,5,-36.472,22.792,28.084
1838.30459,3,8.895,-4.135,-0.329,4,-0.003,0.003,0.007,,,,
1838.36249,3,8.889,-4.14,-0.309,4,-0.003,0.002,0.004,5,-36.703,20.757,26.57
1838.41907,3,8.904,-4.158,-0.312,4,-0.003,0.002,0.002,5,-37.041,21.539,27.477
1838.47574,3,8.877,-4.134,-0.353,4,-0.004,0.001,0,5,-37.105,22.104,27.837
1838.53232,3,8.872,-4.14,-0.301,4,-0.004,0,-0.002,,,,
1838.58881,3,8.859,-4.132,-0.318,4,-0.005,0,-0.005,5,-36.235,22.528,28.183
1838.64477,3,8.861,-4.076,-0.351,4,-0.006,0,-0.007,5,-37.99,22.299,28.508
1838.70096,3,8.864,-4.037,-0.351,4,-0.006,-0.001,-0.011,,,,
1838.75891,3,8.87,-4.014,-0.341,4,-0.006,-0.002,-0.013,5,-36.818,21.619,28.767
1838.81549,3,8.861,-3.979,-0.325,4,-0.005,-0.002,-0.015,5,-37.35,21.872,28.273
1838.87149,3,8.841,-3.96,-0.392,4,-0.004,-0.003,-0.015,5,-36.61,22.554,28.645
1838.92682,3,8.845,-3.947,-0.372,4,-0.001,-0.002,-0.017,,,,
1838.98407,3,8.845,-3.927,-0.372,4,0,-0.002,-0.018,5,-37.181,21.986,27.444
1839.04138,3,8.861,-3.941,-0.339,4,0.003,-0.001,-0.019,5,-36.549,22.867,28.107
1839.09671,3,8.86,-3.943,-0.365,4,0.005,0,-0.02,5,-36.208,21.567,28.506
1839.1539,3,8.853,-3.948,-0.376,4,0.007,-0.001,-0.021,5,-37.852,22.656,27.824
1839.21176,3,8.842,-3.93,-0.366,4,0.008,-0.001,-0.022,5,-37.263,23.274,28.157
1839.26849,3,8.867,-3.955,-0.313,4,0.01,0.001,-0.022,5,-36.482,21.568,28.009
1839.32513,3,8.875,-3.951,-0.337,4,0.009,0,-0.023,,,,
1839.38174,3,8.876,-3.936,-0.368,4,0.009,0,-0.022,5,-36.713,22.281,29.651
1839.43774,3,8.907,-3.933,-0.326,4,0.01,0,-0.022,5,-36.786,21.036,27.565
1839.4931,3,8.922,-3.934,-0.325,4,0.011,0,-0.022,5,-36.958,21.582,27.647
1839.54974,3,8.924,-3.915,-0.345,4,0.011,0,-0.022,5,-36.63,21.41,27.965
1839.60715,3,8.935,-3.916,-0.344,4,0.011,0,-0.022,5,-37.395,21.289,28.111
1839.66513,3,8.938,-3.902,-0.333,4,0.011,-0.001,-0.021,5,-37.254,22.748,28.51
1839.72168,3,8.94,-3.889,-0.336,4,0.011,0,-0.019,,,,
1839.77829,3,8.948,-3.887,-0.354,4,0.011,-0.002,-0.018,5,-36.586,21.465,28.532
1839.83481,3,8.973,-3.899,-0.33,4,0.012,-0.001,-0.017,5,-37.189,20.181,28.403
1839.89078,3,8.971,-3.884,-0.335,4,0.011,-0.002,-0.015,5,-37.216,21.349,27.208
1839.94684,3,8.982,-3.882,-0.349,4,0.011,-0.002,-0.014,5,-36.607,21.347,27.995
1840.00415,3,8.989,-3.877,-0.351,4,0.012,-0.003,-0.012,5,-37.28,21.921,27.782
1840.06009,3,8.993,-3.872,-0.324,4,0.01,-0.003,-0.01,5,-37.126,21.719,28.993
1840.11804,3,8.991,-3.87,-0.344,4,0.01,-0.003,-0.008,,,,
1840.17456,3,8.995,-3.87,-0.345,4,0.011,-0.003,-0.006,5,-37.193,21.313,28.058
1840.23056,3,8.991,-3.872,-0.325,4,0.01,-0.004,-0.003,5,-36.987,21.46,30.122
1840.28653,3,8.986,-3.872,-0.329,4,0.01,-0.004,-0.001,5,-37.019,20.83,26.653
1840.3439,3,8.966,-3.868,-0.353,4,0.01,-0.005,0.001,,,,
1840.39996,3,8.967,-3.88,-0.32,4,0.009,-0.006,0.004,5,-37.3,21.492,27.728
1840.45779,3,8.953,-3.886,-0.347,4,0.008,-0.006,0.005,5,-37.637,20.975,28.577
1840.51437,3,8.933,-3.892,-0.351,4,0.008,-0.006,0.007,,,,
1840.57095,3,8.914,-3.896,-0.346,4,0.009,-0.007,0.009,5,-37.169,21.597,28.735
1840.62762,3,8.906,-3.896,-0.312,4,0.009,-0.005,0.009,5,-36.957,21.738,27.939
1840.68353,3,8.889,-3.903,-0.367,4,0.008,-0.006,0.011,5,-36.136,20.032,27.472
1840.73892,3,8.88,-3.907,-0.372,4,0.009,-0.006,0.012,,,,
1840.7962,3,8.873,-3.903,-0.339,4,0.008,-0.006,0.013,5,-36.049,20.543,26.764
1840.85412,3,8.86,-3.909,-0.369,4,0.009,-0.005,0.014,5,-35.619,20.77,27.225
1840.91077,3,8.856,-3.915,-0.361,4,0.009,-0.004,0.014,,,,
1840.96666,3,8.849,-3.921,-0.346,4,0.01,-0.004,0.015,5,-36.197,21.725,26.886
1841.02266,3,8.849,-3.936,-0.379,4,0.009,-0.003,0.015,5,-36.786,22.435,28.865
1841.07991,3,8.849,-3.943,-0.356,4,0.009,-0.003,0.016,5,-38.298,21.675,27.957
1841.1353,3,8.849,-3.955,-0.36,4,0.01,-0.002,0.016,,,,
1841.19213,3,8.857,-3.977,-0.362,4,0.01,-0.002,0.016,5,-36.322,20.802,27.779
1841.24907,3,8.855,-3.983,-0.368,4,0.01,0,0.015,5,-37.308,22.958,28.79
1841.30614,3,8.858,-4.003,-0.345,4,0.01,0,0.015,,,,
1841.36376,3,8.875,-4.016,-0.353,4,0.01,0.001,0.014,5,-35.664,21.837,27.966
1841.41997,3,8.878,-4.017,-0.37,4,0.01,0.001,0.014,5,-36.195,22.153,27.699
1841.47603,3,8.885,-4.034,-0.358,4,0.01,0.002,0.013,5,-36.205,21.21,28.326
1841.53261,3,8.893,-4.038,-0.344,4,0.01,0.002,0.012,,,,
1841.58834,3,8.894,-4.047,-0.338,4,0.01,0.003,0.011,5,-37.201,20.926,28.177
1841.64565,3,8.89,-4.055,-0.342,4,0.01,0.003,0.01,5,-36.928,21.629,28.101
1841.70357,3,8.893,-4.067,-0.342,4,0.009,0.003,0.009,,,,
1841.76012,3,8.897,-4.081,-0.328,4,0.008,0.002,0.008,5,-36.208,21.51,28.087
1841.81667,3,8.895,-4.089,-0.329,4,0.009,0.003,0.007,5,-36.517,22.397,28.157
1841.87331,3,8.891,-4.096,-0.324,4,0.007,0.002,0.007,5,-36.862,21.742,28.821
1841.92931,3,8.889,-4.099,-0.324,4,0.005,0.001,0.005,,,,
1841.98476,3,8.887,-4.11,-0.332,4,0.004,0.001,0.004,5,-37.108,22.023,27.937
1842.04137,3,8.885,-4.106,-0.313,4,0.004,0,0.002,5,-36.42,22.954,28.979
1842.09859,3,8.88,-4.099,-0.325,4,0.003,0,0.001,5,-37.689,22.166,28.749
1842.15587,3,8.883,-4.105,-0.324,4,0.002,-0.001,0,5,-37.257,22.675,27.887
1842.2119,3,8.881,-4.094,-0.321,4,0,-0.002,-0.002,5,-37.013,22.577,28.448
1842.26979,3,8.879,-4.091,-0.336,4,-0.001,-0.002,-0.003,5,-36.638,23.468,29.225
1842.32647,3,8.87,-4.075,-0.331,4,-0.002,-0.002,-0.004,,,,
1842.3825,3,8.865,-4.069,-0.338,4,-0.003,-0.003,-0.006,5,-36.865,22.389,27.737
1842.43776,3,8.859,-4.061,-0.336,4,-0.004,-0.003,-0.006,5,-37.146,22.839,28.471
1842.49504,3,8.853,-4.056,-0.349,4,-0.004,-0.003,-0.008,5,-38.422,22.287,27.35
1842.55294,3,8.85,-4.044,-0.35,4,-0.004,-0.003,-0.009,5,-37.668,22.101,26.682
1842.60955,3,8.841,-4.038,-0.346,4,-0.005,-0.002,-0.01,5,-36.61,22.02,27.882
1842.66622,3,8.837,-4.03,-0.357,4,-0.004,-0.002,-0.011,5,-34.72,20.627,27.495
1842.72298,3,8.845,-4.023,-0.36,4,-0.005,-0.001,-0.012,,,,
1842.77959,3,8.843,-4.024,-0.356,4,-0.005,0,-0.014,5,-37.267,22.504,29.016
1842.83553,3,8.847,-4.02,-0.361,4,-0.005,0,-0.014,5,-37.343,21.381,28.238
1842.8908,3,8.851,-4.009,-0.352,4,-0.005,0.001,-0.015,5,-37.151,22.29,28.714
1842.94808,3,8.869,-4.006,-0.358,4,-0.006,0.002,-0.016,5,-38.412,22.226,28.36
1843.00609,3,8.881,-3.993,-0.357,4,-0.006,0.003,-0.016,5,-38.013,21.783,29.062
1843.06276,3,8.886,-3.985,-0.363,4,-0.006,0.003,-0.016,5,-36.424,23.178,28.864
1843.11937,3,8.902,-3.982,-0.353,4,-0.006,0.004,-0.016,,,,
1843.17598,3,8.907,-3.966,-0.351,4,-0.006,0.005,-0.017,5,-36.333,21.188,27.293
1843.23256,3,8.918,-3.963,-0.347,4,-0.007,0.005,-0.016,5,-36.522,21.996,28.217
1843.28844,3,8.922,-3.955,-0.347,4,-0.007,0.005,-0.016,5,-36.395,22.202,28.653
1843.3445,3,8.928,-3.937,-0.337,4,-0.007,0.006,-0.015,5,-36.986,21.547,28.592
1843.40248,3,8.929,-3.934,-0.353,4,-0.007,0.006,-0.014,5,-37.996,22.092,27.609
1843.45882,3,8.931,-3.919,-0.352,4,-0.008,0.006,-0.013,5,-36.951,21.881,28.476
1843.51509,3,8.94,-3.915,-0.341,4,-0.008,0.006,-0.012,,,,
1843.57235,3,8.941,-3.897,-0.344,4,-0.009,0.006,-0.011,5,-37.514,20.206,27.977
1843.62838,3,8.936,-3.892,-0.353,4,-0.008,0.006,-0.009,5,-37.642,21.391,28.169
1843.68358,3,8.933,-3.883,-0.341,4,-0.008,0.007,-0.008,5,-37.495,21.031,27.49
1843.74068,3,8.94,-3.876,-0.333,4,-0.008,0.006,-0.006,,,,
1843.79851,3,8.94,-3.861,-0.348,4,-0.008,0.006,-0.005,5,-38.309,21.753,29.132
1843.85552,3,8.932,-3.86,-0.342,4,-0.008,0.006,-0.003,5,-37.651,21.605,27.89
1843.91213,3,8.933,-3.858,-0.331,4,-0.008,0.006,-0.002,,,,
1843.96871,3,8.923,-3.856,-0.345,4,-0.008,0.005,0,5,-36.282,21.379,26.692
1844.02532,3,8.923,-3.855,-0.342,4,-0.007,0.005,0.001,5,-38.185,21.074,28.755
1844.08132,3,8.92,-3.864,-0.335,4,-0.007,0.005,0.002,5,-37.111,21.465,28.712
1844.13662,3,8.916,-3.864,-0.346,4,-0.006,0.005,0.004,,,,
1844.19396,3,8.917,-3.874,-0.346,4,-0.006,0.005,0.005,5,-37.746,21.93,28.41
1844.25191,3,8.921,-3.88,-0.333,4,-0.006,0.004,0.007,5,-36.763,21.68,28.419
1844.30849,3,8.917,-3.888,-0.351,4,-0.006,0.004,0.008,,,,
1844.3651,3,8.92,-3.891,-0.341,4,-0.005,0.003,0.009,5,-36.377,21.837,28.217
1844.4211,3,8.924,-3.908,-0.339,4,-0.005,0.003,0.01,5,-37.488,21.14,28.412
1844.47707,3,8.925,-3.924,-0.334,4,-0.006,0.003,0.012,5,-36.725,22.055,27.309
1844.53438,3,8.925,-3.933,-0.347,4,-0.005,0.003,0.012,,,,
1844.5902,3,8.922,-3.947,-0.332,4,-0.005,0.003,0.012,5,-36.876,21.948,28.616
1844.64763,3,8.921,-3.96,-0.34,4,-0.005,0.003,0.013,5,-37.082,20.389,27.655
1844.70406,3,8.916,-3.97,-0.354,4,-0.005,0.003,0.014,,,,
1844.7614,3,8.914,-3.977,-0.353,4,-0.004,0.003,0.014,5,-37.267,22.043,28.868
1844.81804,3,8.911,-3.98,-0.323,4,-0.005,0.003,0.014,5,-37.263,21.14,27.771
1844.87474,3,8.905,-3.973,-0.36,4,-0.004,0.004,0.013,5,-36.441,21.371,27.992
1844.93071,3,8.9,-3.975,-0.352,4,-0.004,0.004,0.013,,,,
1844.98604,3,8.9,-3.969,-0.35,4,-0.003,0.003,0.014,5,-37.415,21.236,29.486
1845.04323,3,8.897,-3.966,-0.35,4,-0.003,0.003,0.013,5,-36.476,22.156,29.588
1845.10106,3,8.889,-3.963,-0.36,4,-0.002,0.004,0.013,,,,
1845.15721,3,8.886,-3.958,-0.356,4,-0.002,0.004,0.012,5,-37.149,22.781,28.293
1845.21309,3,8.883,-3.955,-0.348,4,-0.001,0.003,0.011,5,-36.841,22.11,28.775
1845.27092,3,8.881,-3.953,-0.356,4,0,0.003,0.011,5,-36.906,21.576,29.184
1845.32778,3,8.884,-3.96,-0.356,4,0.002,0.003,0.01,,,,
1845.3842,3,8.877,-3.974,-0.346,4,0.003,0.003,0.009,5,-36.389,21.73,28.328
1845.44023,3,8.882,-3.978,-0.34,4,0.003,0.003,0.008,5,-35.722,22.101,27.237
1845.49633,3,8.882,-3.997,-0.34,4,0.005,0.002,0.007,5,-35.89,21.729,27.023
1845.55361,3,8.873,-4.011,-0.329,4,0.007,0.002,0.007,5,-35.376,20.367,26.3
1845.60927,3,8.878,-4.026,-0.337,4,0.007,0.002,0.005,5,-37.544,20.677,27.431
1845.66695,3,8.884,-4.041,-0.328,4,0.008,0.002,0.004,5,-37.456,21.416,28.735
1845.72423,3,8.876,-4.046,-0.333,4,0.009,0.001,0.003,,,,
1845.78075,3,8.881,-4.056,-0.321,4,0.007,0,0.001,5,-36.884,22.449,28.058
1845.83663,3,8.883,-4.062,-0.334,4,0.007,0,-0.001,5,-37.97,22.601,28.03
1845.89263,3,8.885,-4.077,-0.336,4,0.008,-0.001,-0.002,5,-37.912,21.786,29.309
1845.95049,3,8.883,-4.072,-0.319,4,0.008,-0.001,-0.003,5,-36.899,22.566,28.192
1846.00728,3,8.89,-4.077,-0.326,4,0.007,-0.002,-0.005,5,-36.543,22.038,28.745
1846.06386,3,8.894,-4.071,-0.336,4,0.006,-0.002,-0.006,5,-37.03,22.26,28.963
1846.1205,3,8.903,-4.07,-0.326,4,0.007,-0.003,-0.007,,,,
1846.1772,3,8.901,-4.064,-0.33,4,0.006,-0.003,-0.009,5,-37.329,21.065,27.771
1846.23314,3,8.904,-4.062,-0.348,4,0.006,-0.004,-0.01,5,-36.882,23.073,27.783
1846.28908,3,8.905,-4.057,-0.325,4,0.006,-0.004,-0.011,5,-36.378,23.09,28.314
1846.34691,3,8.905,-4.05,-0.328,4,0.006,-0.004,-0.012,5,-37.108,21.68,28.415
1846.40358,3,8.9,-4.043,-0.33,4,0.005,-0.005,-0.013,5,-36.836,22.038,27.789
1846.46022,3,8.901,-4.039,-0.344,4,0.004,-0.005,-0.014,5,-39.223,22.429,27.797
1846.51689,3,8.898,-4.031,-0.336,4,0.004,-0.006,-0.015,,,,
1846.57369,3,8.889,-4.016,-0.339,4,0.003,-0.005,-0.016,5,-38.348,21.719,28.833
1846.6296,3,8.889,-4.002,-0.351,4,0.002,-0.006,-0.016,5,-37.164,21.584,29.205
1846.68486,3,8.888,-3.986,-0.349,4,0.003,-0.006,-0.016,5,-36.467,21.803,28.83
1846.7415,3,8.884,-3.97,-0.349,4,0.002,-0.006,-0.016,5,-36.964,21.187,27.097
1846.79891,3,8.882,-3.953,-0.358,4,0.001,-0.005,-0.016,5,-36.74,22.783,28.461
1846.85701,3,8.877,-3.939,-0.365,4,0,-0.005,-0.016,5,-37.817,23.346,29.828
1846.91347,3,8.879,-3.931,-0.359,4,0,-0.004,-0.015,,,,
1846.96981,3,8.869,-3.917,-0.367,4,0.001,-0.004,-0.014,5,-37.363,22.246,28.885
1847.02581,3,8.863,-3.908,-0.372,4,0.001,-0.003,-0.014,5,-36.015,21.838,28.679
1847.08129,3,8.873,-3.901,-0.369,4,0,-0.002,-0.013,5,-37.186,21.481,28.114
1847.1379,3,8.874,-3.884,-0.361,4,0,0,-0.012,,,,
1847.19512,3,8.873,-3.881,-0.374,4,0.001,0.001,-0.012,5,-37.175,21.286,28.604
1847.25298,3,8.877,-3.876,-0.375,4,0.001,0.001,-0.01,5,-37.465,21.397,27.342
1847.3098,3,8.882,-3.872,-0.369,4,0.001,0.002,-0.008,,,,
1847.36644,3,8.895,-3.88,-0.37,4,0.002,0.003,-0.007,5,-37.254,21.799,28.432
1847.42305,3,8.905,-3.872,-0.367,4,0.003,0.004,-0.006,5,-37.532,21.719,27.042
1847.47902,3,8.912,-3.878,-0.353,4,0.002,0.004,-0.004,5,-36.009,22.188,27.527
1847.53429,3,8.921,-3.889,-0.356,4,0.003,0.004,-0.003,,,,
1847.59093,3,8.932,-3.892,-0.349,4,0.003,0.005,-0.001,5,-37.61,20.697,28.354
1847.64824,3,8.936,-3.902,-0.345,4,0.004,0.005,-0.001,5,-36.974,19.865,28.157
1847.7062,3,8.948,-3.915,-0.355,4,0.003,0.004,0.001,,,,
1847.76287,3,8.953,-3.921,-0.337,4,0.004,0.004,0.003,5,-36.632,21.44,28.392
1847.81884,3,8.954,-3.92,-0.329,4,0.004,0.004,0.004,5,-36.282,22.551,27.203
1847.87465,3,8.956,-3.931,-0.338,4,0.003,0.003,0.005,5,-36.313,20.331,27.238
1847.93187,3,8.958,-3.931,-0.343,4,0.002,0.003,0.006,,,,
1847.98732,3,8.96,-3.935,-0.329,4,0.003,0.002,0.007,5,-36.217,20.911,27.62
1848.0446,3,8.955,-3.942,-0.337,4,0.002,0.001,0.009,5,-37.329,21.413,27.299
1848.1025,3,8.95,-3.946,-0.346,4,0.001,0,0.01,,,,
1848.15908,3,8.944,-3.952,-0.347,4,0.002,0,0.01,5,-37.56,19.716,28.548
1848.21575,3,8.932,-3.965,-0.349,4,0.002,0,0.011,5,-37.154,22.116,28.322
1848.27236,3,8.921,-3.968,-0.341,4,0.002,-0.001,0.011,5,-36.491,22.787,27.426
1848.32839,3,8.907,-3.978,-0.364,4,0.001,-0.001,0.012,,,,
1848.38372,3,8.895,-3.985,-0.349,4,0.001,-0.002,0.012,5,-38.373,21.561,28.606
1848.44033,3,8.883,-3.993,-0.349,4,0,-0.002,0.013,5,-36.708,21.461,28.696
1848.49761,3,8.873,-4.004,-0.364,4,0,-0.002,0.013,5,-37.277,22.256,30.26
1848.55547,3,8.866,-4.002,-0.361,4,0,-0.002,0.012,5,-37.331,22.6,29.98
1848.61214,3,8.857,-4.006,-0.367,4,-0.001,-0.001,0.012,5,-37.016,21.085,28.482
1848.66881,3,8.856,-4.01,-0.372,4,-0.001,-0.002,0.012,5,-36.491,22.485,28.246
1848.72539,3,8.847,-4.014,-0.359,4,0,-0.001,0.011,,,,
1848.78206,3,8.845,-4.01,-0.353,4,-0.001,0.001,0.01,5,-37.575,21.353,28.256
1848.83803,3,8.833,-4.01,-0.372,4,0,0.001,0.009,5,-37.071,21.274,28.903
1848.89397,3,8.831,-4.017,-0.373,4,-0.001,0.002,0.008,5,-36.856,21.861,28.705
1848.95122,3,8.834,-4.014,-0.361,4,0,0.002,0.008,5,-36.534,22.795,28.471
1849.00725,3,8.839,-4.011,-0.363,4,0,0.003,0.007,5,-35.805,21.252,27.489
1849.0652,3,8.839,-4.012,-0.376,4,0,0.004,0.006,5,-36.671,20.757,27.49
1849.12188,3,8.843,-4.016,-0.362,4,0,0.004,0.005,,,,
1849.17845,3,8.855,-4.011,-0.363,4,0,0.005,0.004,5,-36.331,21.263,27.519
1849.23448,3,8.867,-4.006,-0.346,4,0,0.006,0.003,5,-36.029,20.659,26.559
1849.28978,3,8.869,-4.015,-0.365,4,0.001,0.007,0.002,5,-37.138,21.855,28.108
1849.34642,3,8.887,-4.016,-0.352,4,0.001,0.007,0.002,5,-37.018,22.124,28.934
1849.40367,3,8.897,-4.024,-0.343,4,0.001,0.006,0.001,5,-36.548,22.13,27.777
1849.46166,3,8.897,-4.026,-0.334,4,0.002,0.007,0,5,-36.769,22.591,28.896
1849.51836,3,8.9,-4.027,-0.342,4,0.001,0.006,-0.001,,,,
1849.575,3,8.911,-4.038,-0.337,4,0.001,0.005,-0.001,5,-37.285,22.76,29.121
1849.63094,3,8.909,-4.049,-0.332,4,0,0.005,-0.002,5,-37.39,23.433,27.904
1849.6863,3,8.915,-4.052,-0.327,4,0.001,0.004,-0.004,5,-37.605,22.221,28.026
1849.74367,3,8.916,-4.045,-0.322,4,0.001,0.004,-0.004,5,-37.66,21.687,29.457
1849.8012,3,8.92,-4.049,-0.333,4,0,0.003,-0.005,5,-37.72,21.017,29.341
1849.85759,3,8.918,-4.049,-0.316,4,-0.001,0.001,-0.006,5,-37.015,22.977,29.002
1849.91469,3,8.919,-4.041,-0.334,4,-0.002,0,-0.006,,,,
1849.97127,3,8.922,-4.03,-0.327,4,-0.002,-0.001,-0.007,5,-37.042,22.98,28.74
1850.02788,3,8.913,-4.024,-0.325,4,-0.002,-0.001,-0.008,5,-37.408,22.658,29.027
1850.08403,3,8.916,-4.013,-0.329,4,-0.002,-0.001,-0.009,5,-37.602,22.801,28.154
1850.13918,3,8.908,-4.012,-0.334,4,-0.002,-0.002,-0.009,,,,
1850.19643,3,8.896,-4.004,-0.349,4,-0.003,-0.003,-0.01,5,-37.073,22.221,27.986
1850.25441,3,8.894,-3.987,-0.337,4,-0.003,-0.003,-0.01,5,-36.743,21.616,29.07
1850.31127,3,8.882,-3.99,-0.35,4,-0.003,-0.003,-0.011,,,,
1850.36785,3,8.884,-3.983,-0.356,4,-0.003,-0.004,-0.011,5,-36.806,22.812,29.933
1850.42461,3,8.885,-3.966,-0.36,4,-0.003,-0.003,-0.011,5,-37.756,22.028,28.189
1850.48116,3,8.882,-3.956,-0.333,4,-0.003,-0.003,-0.011,5,-37.163,22.571,28.279
1850.53701,3,8.879,-3.959,-0.372,4,-0.004,-0.002,-0.012,,,,
1850.59313,3,8.889,-3.96,-0.363,4,-0.003,-0.002,-0.012,5,-37.386,21.478,29.213
1850.65071,3,8.893,-3.953,-0.362,4,-0.002,-0.002,-0.011,5,-37.888,22.154,29.03
1850.70748,3,8.885,-3.952,-0.347,4,-0.002,-0.001,-0.011,,,,
1850.76409,3,8.901,-3.943,-0.38,4,-0.001,0,-0.01,5,-37.465,21.132,29.362
1850.82061,3,8.914,-3.945,-0.345,4,0,0,-0.011,5,-37.77,21.629,28.261
1850.87642,3,8.918,-3.935,-0.345,4,-0.001,0,-0.01,5,-35.713,21.883,27.238
1850.93199,3,8.927,-3.927,-0.355,4,-0.001,0.001,-0.009,,,,
1850.9886,3,8.931,-3.911,-0.367,4,-0.001,0.001,-0.008,5,-36.612,22.13,28.29
1851.04569,3,8.938,-3.905,-0.345,4,0,0.001,-0.008,5,-36.206,21.246,28.127
1851.10346,3,8.932,-3.903,-0.341,4,0.001,0.001,-0.007,,,,
1851.1605,3,8.945,-3.903,-0.368,4,0.001,0.001,-0.007,5,-36.008,21.826,27.654
1851.21641,3,8.938,-3.892,-0.345,4,0.001,0.001,-0.005,5,-36.745,21.88,27.577
1851.27238,3,8.928,-3.885,-0.344,4,0.002,0.002,-0.004,5,-37.013,20.828,28.386
1851.32963,3,8.921,-3.897,-0.362,4,0.002,0.001,-0.003,,,,
1851.38563,3,8.912,-3.889,-0.361,4,0.003,0.001,-0.002,5,-36.758,21.416,28.793
1851.44352,3,8.905,-3.886,-0.347,4,0.004,0.002,-0.001,5,-38.045,21.907,28.723
1851.50016,3,8.897,-3.889,-0.357,4,0.003,0.002,-0.001,,,,
1851.55677,3,8.894,-3.896,-0.352,4,0.004,0.002,0.001,5,-37.424,20.981,28.236
1851.61338,3,8.885,-3.898,-0.349,4,0.004,0.002,0.002,5,-37.486,21.382,29.207
1851.66963,3,8.897,-3.906,-0.333,4,0.004,0.001,0.003,5,-39.244,21.797,28.722
1851.7252,3,8.88,-3.899,-0.362,4,0.004,0.001,0.004,,,,
1851.78141,3,8.876,-3.9,-0.377,4,0.004,0.002,0.005,5,-37.317,21.057,29.48
1851.83802,3,8.91,-3.923,-0.301,4,0.005,0.001,0.005,5,-38.277,21.843,27.997
1851.89533,3,8.9,-3.924,-0.356,4,0.004,0.003,0.006,5,-37.831,21.727,27.835
1851.95329,3,8.897,-3.923,-0.324,4,0.005,0.002,0.007,5,-38.773,21.861,29.37
1852.00978,3,8.889,-3.934,-0.342,4,0.004,0.001,0.008,5,-36.679,22.53,27.657
1852.06645,3,8.901,-3.939,-0.334,4,0.004,0,0.008,5,-36.504,21.758,27.397
1852.12324,3,8.912,-3.954,-0.329,4,0.005,0,0.008,,,,
1852.17936,3,8.917,-3.976,-0.345,4,0.004,-0.001,0.009,5,-36.395,21.518,27.132
1852.23445,3,8.911,-3.971,-0.358,4,0.003,-0.003,0.009,5,-36.067,21.274,27.139
1852.29173,3,8.915,-3.97,-0.333,4,0.003,-0.001,0.01,5,-36.366,20.732,27.473
1852.34901,3,8.915,-3.973,-0.369,4,0.003,-0.003,0.009,5,-36.711,21.436,28.83
1852.40498,3,8.92,-3.992,-0.33,4,0.004,-0.002,0.008,5,-37.099,22.285,28.833
1852.46293,3,8.916,-4.01,-0.357,4,0.004,-0.001,0.009,5,-36.101,21.71,28.041
1852.5196,3,8.908,-4.01,-0.376,4,0.004,-0.001,0.008,,,,
1852.57621,3,8.905,-3.994,-0.326,4,0.004,-0.002,0.008,5,-37.357,21.526,28.595
1852.63215,3,8.907,-4.018,-0.322,4,0.004,-0.001,0.007,5,-37.654,21.616,28.806
1852.68745,3,8.901,-4.014,-0.373,4,0.002,-0.004,0.007,5,-37.303,22.087,28.073
1852.74473,3,8.888,-4.018,-0.377,4,0.002,-0.004,0.006,5,-36.688,22.287,27.345
1852.80274,3,8.9,-4.031,-0.332,4,0.002,-0.003,0.006,5,-36.945,22.71,27.843
1852.85935,3,8.88,-4.017,-0.365,4,0.001,-0.003,0.006,5,-35.626,21.762,28.761
1852.91596,3,8.879,-4.02,-0.382,4,0.002,-0.002,0.005,,,,
1852.97261,3,8.884,-4.02,-0.342,4,0.003,-0.001,0.004,5,-37.144,21.732,28.287
1853.02854,3,8.851,-4.026,-0.372,4,0.002,-0.001,0.004,5,-37.254,21.562,28.059
1853.08387,3,8.868,-4.016,-0.363,4,0.001,-0.001,0.003,5,-35.831,21.475,28.316
1853.14115,3,8.851,-4.018,-0.374,4,0.003,0.002,0.001,5,-35.219,22.009,28.363
1853.19908,3,8.854,-4.022,-0.321,4,0.001,-0.001,0.001,5,-37.553,22.29,28.792
1853.25581,3,8.857,-4.006,-0.351,4,0.001,0.002,0,5,-35.559,20.837,27.448
1853.31254,3,8.841,-4.023,-0.422,4,0.001,0.001,-0.001,,,,
1853.36906,3,8.877,-4.035,-0.318,4,0.002,0.002,-0.002,5,-37.024,21.416,28.191
1853.42567,3,8.871,-4.026,-0.348,4,0.002,0.003,-0.003,5,-37.32,21.915,27.951
1853.48164,3,8.862,-4.015,-0.406,4,0.003,0.004,-0.004,5,-37.595,22.09,28.56
1853.53688,3,8.898,-4.041,-0.32,4,0.004,0.004,-0.006,,,,
1853.59416,3,8.894,-4.037,-0.316,4,0.002,0.004,-0.006,5,-36.952,22.51,29.678
1853.65211,3,8.906,-4.032,-0.389,4,0.001,0.003,-0.006,5,-36.781,21.657,30.379
1853.70869,3,8.903,-4.036,-0.372,4,0.002,0.002,-0.007,,,,
1853.76542,3,8.941,-4.026,-0.257,4,0.001,0.002,-0.008,5,-37.471,22.34,27.896
1853.82206,3,8.914,-4.025,-0.391,4,0,0.003,-0.008,5,-36.571,21.696,28.154
1853.8787,3,8.928,-4.037,-0.357,4,-0.001,-0.002,-0.008,5,-37.302,22.003,27.562
1853.93537,3,8.923,-4.017,-0.314,4,-0.001,-0.001,-0.009,,,,
1853.99131,3,8.92,-3.997,-0.357,4,-0.002,0,-0.01,5,-38.527,21.179,28.11
1854.04719,3,8.931,-4.014,-0.371,4,-0.001,0,-0.01,5,-36.821,20.932,28.749
1854.10517,3,8.923,-4.007,-0.34,4,-0.002,-0.003,-0.01,,,,
1854.16181,3,8.93,-3.979,-0.289,4,-0.002,0,-0.011,5,-37.376,22.658,28.708
1854.21852,3,8.909,-3.978,-0.424,4,-0.004,-0.003,-0.01,5,-36.865,20.897,27.73
1854.27506,3,8.926,-3.986,-0.344,4,-0.002,-0.002,-0.011,5,-35.28,21.239,27.339
1854.33097,3,8.926,-3.965,-0.312,4,-0.003,-0.002,-0.01,,,,
1854.3863,3,8.919,-3.947,-0.375,4,-0.005,-0.003,-0.01,5,-35.854,21.153,28.355
1854.44352,3,8.907,-3.949,-0.388,4,-0.005,-0.003,-0.009,5,-37.206,21.214,29.604
1854.50117,3,8.902,-3.923,-0.361,4,-0.005,-0.003,-0.009,,,,
1854.55757,3,8.912,-3.876,-0.332,4,-0.005,-0.002,-0.008,5,-36.452,21.977,27.588
1854.61405,3,8.905,-3.856,-0.436,4,-0.004,0.001,-0.007,5,-37.099,21.645,27.39
1854.67008,3,8.897,-3.845,-0.376,4,-0.002,0,-0.007,5,-36.975,21.049,27.55
1854.7273,3,8.913,-3.832,-0.341,4,0,0.003,-0.006,,,,
1854.78334,3,8.877,-3.813,-0.393,4,0,0.001,-0.004,5,-37.105,21.054,28.214
1854.84062,3,8.881,-3.836,-0.357,4,0.002,0.002,-0.003,5,-36.85,22.375,28.615
1854.89659,3,8.874,-3.844,-0.386,4,0.003,0.002,-0.001,,,,
1854.95433,3,8.876,-3.851,-0.396,4,0.004,0.001,0,5,-36.978,21.114,28.532
1855.01081,3,8.877,-3.871,-0.346,4,0.006,0.002,0.001,5,-37.335,22.501,28.708
1855.06779,3,8.874,-3.887,-0.341,4,0.007,0.003,0.002,5,-37.744,22.995,29.105
1855.12455,3,8.886,-3.903,-0.361,4,0.007,0.003,0.003,,,,
1855.18049,3,8.877,-3.917,-0.39,4,0.008,0.002,0.004,5,-36.32,19.003,26.326
1855.2357,3,8.895,-3.921,-0.299,4,0.008,0,0.004,5,-36.078,20.183,27.599
1855.29298,3,8.897,-3.916,-0.315,4,0.009,0.004,0.004,5,-36.723,20.313,28.059
1855.35087,3,8.902,-3.915,-0.4,4,0.012,0.004,0.003,5,-36.205,20.538,27.38
1855.4069,3,8.92,-3.923,-0.295,4,0.012,0.002,0.004,5,-36.613,20.909,27.905
1855.46293,3,8.916,-3.927,-0.331,4,0.011,0.003,0.005,5,-36.165,20.256,27.58
1855.52098,3,8.916,-3.927,-0.392,4,0.011,0.002,0.005,,,,
1855.57768,3,8.924,-3.939,-0.321,4,0.013,0.001,0.005,5,-37.633,22.2,28.54
1855.63349,3,8.923,-3.955,-0.331,4,0.012,0.002,0.006,5,-37.09,21.883,28.52
1855.68876,3,8.926,-3.962,-0.361,4,0.012,0,0.006,5,-36.348,22.04,28.696
1855.74537,3,8.925,-3.974,-0.343,4,0.014,0,0.006,5,-37.735,22.429,27.782
1855.80274,3,8.932,-3.986,-0.308,4,0.012,0,0.006,5,-37.317,20.915,29.198
1855.86048,3,8.932,-3.994,-0.367,4,0.011,0,0.006,5,-36.908,21.91,28.349
1855.9163,3,8.926,-4.009,-0.357,4,0.012,-0.002,0.007,,,,
1855.97319,3,8.933,-4.018,-0.302,4,0.011,-0.002,0.006,5,-36.317,22.755,26.563
1856.02986,3,8.92,-4.022,-0.351,4,0.01,-0.001,0.007,5,-37.263,22.011,29.129
1856.08515,3,8.92,-4.03,-0.357,4,0.011,-0.002,0.006,5,-36.858,21.863,28.174
1856.14201,3,8.92,-4.034,-0.325,4,0.009,-0.002,0.006,5,-37.781,23.077,27.281
1856.19959,3,8.91,-4.046,-0.328,4,0.007,-0.003,0.005,5,-37.994,23.189,29.121
1856.25663,3,8.902,-4.045,-0.368,4,0.005,-0.004,0.005,5,-38.219,22.908,27.945
1856.31263,3,8.904,-4.046,-0.354,4,0.006,-0.004,0.005,,,,
1856.37031,3,8.894,-4.048,-0.329,4,0.005,-0.003,0.004,5,-36.089,20.911,27.159
1856.42631,3,8.89,-4.048,-0.361,4,0.003,-0.004,0.003,5,-38.06,22.624,28.291
1856.48219,3,8.882,-4.048,-0.372,4,0.003,-0.003,0.003,5,-36.295,21.758,28.12
1856.53947,3,8.88,-4.048,-0.337,4,0.002,-0.004,0.002,,,,
1856.59547,3,8.866,-4.034,-0.356,4,0,-0.004,0.001,5,-35.93,21.753,27.562
1856.65351,3,8.862,-4.03,-0.393,4,0,-0.004,0,5,-35.968,22.089,28.568
1856.71015,3,8.855,-4.026,-0.359,4,0,-0.004,0,,,,
1856.7667,3,8.851,-4.019,-0.355,4,-0.001,-0.003,-0.001,5,-36.987,22.215,28.123
1856.82334,3,8.843,-4.01,-0.392,4,-0.001,-0.003,-0.002,5,-36.705,21.19,27.612
1856.87931,3,8.841,-4.007,-0.376,4,-0.001,-0.002,-0.003,5,-37.294,21.922,27.22
1856.93458,3,8.845,-4.005,-0.357,4,-0.002,-0.002,-0.004,,,,
1856.99174,3,8.847,-3.999,-0.383,4,-0.002,-0.001,-0.004,5,-36.502,21.864,27.614
1857.04951,3,8.848,-4.002,-0.385,4,-0.001,0,-0.005,5,-37.146,21.616,28.735
1857.10627,3,8.857,-4.002,-0.353,4,-0.001,0.001,-0.006,,,,
1857.16294,3,8.863,-4,-0.374,4,-0.002,0.001,-0.006,5,-37.646,21.98,28.679
1857.21958,3,8.867,-4.002,-0.384,4,-0.001,0.002,-0.007,5,-37.14,22.943,28.946
1857.27616,3,8.878,-4.001,-0.352,4,-0.002,0.003,-0.007,5,-37.314,22.113,27.356
1857.3321,3,8.882,-3.998,-0.358,4,-0.002,0.003,-0.008,,,,
1857.38761,3,8.89,-4.004,-0.373,4,-0.002,0.004,-0.008,5,-36.903,21.231,28.587
1857.44483,3,8.897,-3.997,-0.366,4,-0.002,0.004,-0.009,5,-37.283,20.345,27.85
1857.50273,3,8.904,-3.992,-0.348,4,-0.003,0.004,-0.008,,,,
1857.55946,3,8.913,-3.987,-0.358,4,-0.004,0.005,-0.009,5,-37.224,22.499,26.921
1857.61604,3,8.916,-3.986,-0.364,4,-0.004,0.005,-0.009,5,-35.919,21.768,27.434
1857.67274,3,8.919,-3.981,-0.344,4,-0.004,0.004,-0.009,5,-37.373,22.534,27.754
1857.72871,3,8.926,-3.983,-0.345,4,-0.006,0.005,-0.008,,,,
1857.78398,3,8.928,-3.97,-0.357,4,-0.006,0.004,-0.008,5,-36.743,21.416,27.979
1857.84126,3,8.928,-3.961,-0.344,4,-0.007,0.004,-0.008,5,-37.607,21.35,27.96
1857.89915,3,8.929,-3.942,-0.345,4,-0.007,0.004,-0.007,,,,
1857.95588,3,8.933,-3.92,-0.362,4,-0.007,0.004,-0.008,5,-37.141,21.327,28.236
1858.01188,3,8.941,-3.899,-0.346,4,-0.007,0.004,-0.007,5,-37.492,22.072,28.506
1858.06776,3,8.941,-3.878,-0.357,4,-0.008,0.003,-0.006,5,-36.502,22.568,28.545
1858.12501,3,8.94,-3.866,-0.37,4,-0.007,0.002,-0.005,,,,
1858.1804,3,8.932,-3.865,-0.36,4,-0.006,0.002,-0.004,5,-36.432,21.562,27.629
1858.23704,3,8.934,-3.873,-0.35,4,-0.005,0.002,-0.003,5,-37.059,21.526,28.004
1858.29432,3,8.928,-3.876,-0.361,4,-0.004,0.002,-0.002,5,-38.397,21.402,27.284
1858.35221,3,8.929,-3.891,-0.357,4,-0.002,0.002,-0.001,5,-37.86,21.898,28.645
1858.40879,3,8.926,-3.9,-0.341,4,-0.001,0.002,0,5,-36.943,22.952,28.627
1858.4654,3,8.92,-3.912,-0.347,4,-0.001,0.002,0,5,-38.359,21.056,28.265
1858.52207,3,8.918,-3.929,-0.36,4,0,0.002,0.001,,,,
1858.57807,3,8.923,-3.944,-0.338,4,0.001,0.002,0.002,5,-36.446,22.119,28.751
1858.6334,3,8.916,-3.956,-0.337,4,0,0.002,0.002,5,-36.949,21.887,28.534
1858.69084,3,8.919,-3.961,-0.357,4,0.001,0.001,0.003,5,-35.628,21.788,28.671
1858.74897,3,8.912,-3.958,-0.337,4,0.001,0.001,0.003,5,-37.833,21.472,27.47
1858.80531,3,8.909,-3.955,-0.329,4,0.001,0.001,0.003,5,-37.753,22.018,27.975
1858.86195,3,8.907,-3.955,-0.373,4,0,0,0.003,5,-37.234,21.562,28.51
1858.91862,3,8.904,-3.941,-0.341,4,0,0,0.004,,,,
1858.97532,3,8.899,-3.93,-0.347,4,0.001,0,0.003,5,-36.327,21.707,28.69
1859.03114,3,8.901,-3.928,-0.353,4,0.001,0.001,0.003,5,-37.411,21.861,27.85
1859.08665,3,8.892,-3.924,-0.353,4,0.002,0.001,0.004,5,-37.769,20.723,28.915
1859.14344,3,8.897,-3.918,-0.338,4,0.002,0,0.004,5,-36.662,22.176,28.751
1859.20036,3,8.893,-3.919,-0.351,4,0.002,0,0.004,5,-37.462,22.997,28.358
1859.25834,3,8.889,-3.919,-0.368,4,0.003,0,0.004,5,-37.68,21.809,27.55
1859.31492,3,8.897,-3.931,-0.333,4,0.004,0,0.004,,,,
1859.37156,3,8.901,-3.95,-0.325,4,0.004,0,0.004,5,-38.091,21.117,28.528
1859.42759,3,8.889,-3.947,-0.349,4,0.005,0.001,0.005,5,-37.761,21.204,28
1859.48283,3,8.895,-3.967,-0.337,4,0.004,0,0.004,5,-36.96,21.416,28.223
1859.54011,3,8.89,-3.973,-0.333,4,0.004,-0.001,0.005,5,-36.511,21.727,28.577
1859.59812,3,8.885,-3.986,-0.365,4,0.004,-0.002,0.005,5,-37.097,21.95,29.326
1859.65476,3,8.886,-3.981,-0.348,4,0.004,-0.001,0.005,5,-37.93,21.974,28.738
1859.71141,3,8.881,-3.979,-0.36,4,0.005,0,0.004,,,,
1859.76798,3,8.891,-3.982,-0.341,4,0.004,-0.001,0.003,5,-37.364,21.068,29.173
1859.82463,3,8.885,-3.98,-0.361,4,0.005,0,0.003,5,-36.102,21.132,27.235
1859.88124,3,8.885,-3.99,-0.35,4,0.005,0,0.002,5,-37.338,21.405,26.9
1859.93724,3,8.877,-3.979,-0.352,4,0.005,0,0.002,,,,
1859.99305,3,8.879,-3.983,-0.35,4,0.005,0.001,0.001,5,-35.472,21.341,26.823
1860.05079,3,8.877,-3.984,-0.366,4,0.004,0.001,0.001,5,-36.862,21.414,27.451
1860.10758,3,8.877,-3.988,-0.349,4,0.006,0.002,0.001,,,,
1860.16438,3,8.878,-3.989,-0.357,4,0.005,0.002,0,5,-37.238,22.063,27.283
1860.22099,3,8.889,-4,-0.346,4,0.005,0.002,-0.001,5,-36.816,22.182,27.678
1860.2769,3,8.888,-4.005,-0.35,4,0.004,0.002,-0.001,5,-35.133,22.966,27.788
1860.33225,3,8.894,-4.001,-0.332,4,0.004,0.003,-0.001,,,,
1860.38944,3,8.904,-4.014,-0.336,4,0.004,0.003,-0.002,5,-37.605,22.42,28.075
1860.4474,3,8.916,-4.014,-0.339,4,0.004,0.003,-0.002,5,-36.093,21.503,27.95
1860.50413,3,8.921,-4.014,-0.316,4,0.004,0.003,-0.003,,,,
1860.56056,3,8.918,-4.014,-0.341,4,0.003,0.002,-0.003,5,-35.634,21.201,27.655
1860.61735,3,8.924,-4.014,-0.329,4,0.002,0.001,-0.003,5,-36.937,21.495,27.812
1860.67411,3,8.924,-4.01,-0.325,4,0.002,0.001,-0.004,5,-36.829,21.315,27.373
1860.73072,3,8.924,-4.006,-0.321,4,0.001,0.001,-0.004,,,,
1860.78712,3,8.922,-4.01,-0.333,4,0,0,-0.004,5,-37.016,21.602,27.38
1860.84367,3,8.907,-3.986,-0.352,4,0,0,-0.004,5,-37.653,21.776,27.513
1860.90043,3,8.904,-3.996,-0.338,4,-0.001,-0.001,-0.005,,,,
1860.95649,3,8.91,-3.989,-0.361,4,-0.001,-0.002,-0.005,5,-36.163,21.193,27.446
1861.0126,3,8.902,-3.99,-0.329,4,-0.002,-0.002,-0.006,5,-36.272,21.982,28.746
1861.07037,3,8.897,-3.977,-0.331,4,-0.002,-0.002,-0.005,5,-36.337,21.059,29.428
1861.12637,3,8.886,-3.962,-0.368,4,-0.003,-0.001,-0.005,,,,
1861.1823,3,8.889,-3.964,-0.362,4,-0.003,-0.001,-0.006,5,-38.091,23.141,29.091
1861.23956,3,8.891,-3.953,-0.331,4,-0.003,0,-0.006,5,-35.422,22.224,28.105
1861.29556,3,8.893,-3.947,-0.362,4,-0.004,0,-0.006,,,,
1861.35342,3,8.893,-3.943,-0.368,4,-0.003,0,-0.006,5,-37.456,21.931,29.265
1861.40939,3,8.891,-3.936,-0.342,4,-0.003,0.001,-0.005,5,-38.159,22.263,28.157
1861.46545,3,8.897,-3.936,-0.346,4,-0.003,0.001,-0.005,5,-36.85,21.626,28.102
1861.5227,3,8.909,-3.943,-0.36,4,-0.003,0.002,-0.005,,,,
1861.5787,3,8.907,-3.946,-0.345,4,-0.002,0.002,-0.005,5,-37.59,20.856,27.391
1861.63595,3,8.908,-3.944,-0.345,4,-0.004,0.002,-0.005,5,-37.216,21.758,28.438
1861.69198,3,8.916,-3.951,-0.361,4,-0.003,0.002,-0.005,5,-37.666,21.991,28.264
1861.74987,3,8.928,-3.959,-0.34,4,-0.003,0.002,-0.005,5,-36.737,22.026,27.927
1861.80657,3,8.926,-3.959,-0.326,4,-0.004,0.002,-0.004,5,-37.286,21.658,28.143
1861.86343,3,8.933,-3.963,-0.339,4,-0.005,0.002,-0.004,5,-38.867,21.231,27.371
1861.91998,3,8.936,-3.957,-0.342,4,-0.004,0.002,-0.004,,,,
1861.97573,3,8.94,-3.96,-0.329,4,-0.004,0.001,-0.004,5,-36.368,21.379,28.224
1862.03176,3,8.939,-3.95,-0.344,4,-0.005,0.001,-0.003,5,-36.388,21.434,28.818
1862.08901,3,8.933,-3.935,-0.353,4,-0.005,0.001,-0.003,5,-38.297,20.54,28.548
1862.14501,3,8.931,-3.935,-0.332,4,-0.005,0,-0.002,5,-37.88,22.198,27.519
1862.2029,3,8.924,-3.923,-0.337,4,-0.005,0,-0.002,5,-36.353,20.825,28.711
1862.25951,3,8.913,-3.917,-0.357,4,-0.005,0,-0.001,5,-37.202,21.271,28.545
1862.31615,3,8.913,-3.903,-0.35,4,-0.005,-0.001,-0.001,,,,
1862.37209,3,8.902,-3.898,-0.339,4,-0.004,-0.001,0,5,-37.386,22.682,28.889
1862.42751,3,8.9,-3.889,-0.343,4,-0.004,0,0,5,-36.943,22.183,28.3
1862.48415,3,8.891,-3.887,-0.357,4,-0.003,-0.001,0.001,5,-36.629,22.047,28.975
1862.54079,3,8.881,-3.882,-0.354,4,-0.002,0,0.001,5,-37.778,21.892,29.06
1862.59808,3,8.877,-3.888,-0.349,4,-0.001,0,0.002,5,-38.315,20.76,28.239
1862.65603,3,8.877,-3.897,-0.365,4,0,0,0.002,5,-37.692,21.98,27.512
1862.71264,3,8.872,-3.889,-0.351,4,0.001,0,0.004,,,,
1862.76925,3,8.872,-3.882,-0.338,4,0.001,0,0.004,5,-36.865,20.395,28.828
1862.82525,3,8.868,-3.887,-0.376,4,0.003,0.002,0.004,5,-37.161,20.401,27.29
1862.88055,3,8.867,-3.905,-0.363,4,0.004,0.001,0.005,5,-36.058,21.007,27.487
1862.93716,3,8.871,-3.906,-0.349,4,0.004,0.001,0.005,,,,
1862.99401,3,8.867,-3.914,-0.359,4,0.005,0.003,0.005,5,-36.53,20.886,27.397
1863.05154,3,8.869,-3.92,-0.36,4,0.005,0.003,0.005,5,-35.32,21.46,26.91
1863.10906,3,8.877,-3.941,-0.325,4,0.005,0.003,0.005,,,,
1863.16567,3,8.882,-3.956,-0.344,4,0.006,0.003,0.006,5,-36.685,21.164,27.679
1863.22231,3,8.894,-3.972,-0.356,4,0.007,0.003,0.006,5,-36.891,21.129,27.989
1863.27862,3,8.907,-3.987,-0.322,4,0.007,0.003,0.006,5,-36.78,21.59,28.087
1863.33416,3,8.915,-4.002,-0.33,4,0.007,0.003,0.006,,,,
1863.39089,3,8.921,-4.017,-0.339,4,0.007,0.002,0.005,5,-37.584,21.812,28.297
1863.44888,3,8.929,-4.022,-0.335,4,0.006,0.002,0.005,5,-37.366,22.31,28.238
1863.50549,3,8.936,-4.034,-0.322,4,0.007,0.002,0.004,,,,
1863.5621,3,8.94,-4.036,-0.33,4,0.006,0.002,0.004,5,-37.41,22.383,28.839
1863.61871,3,8.951,-4.05,-0.321,4,0.005,0.001,0.003,5,-37.524,21.957,28.246
1863.67468,3,8.948,-4.042,-0.325,4,0.005,0,0.003,5,-36.621,22.044,27.501
1863.72994,3,8.948,-4.057,-0.329,4,0.004,-0.001,0.002,,,,
1863.78658,3,8.946,-4.053,-0.333,4,0.003,-0.002,0.001,5,-37.5,22.911,28.194
1863.84396,3,8.944,-4.049,-0.326,4,0.003,-0.003,0.001,5,-37.222,21.869,27.795
1863.902,3,8.934,-4.051,-0.335,4,0.002,-0.003,0,,,,
1863.95834,3,8.931,-4.049,-0.345,4,0.001,-0.003,-0.001,5,-36.108,20.587,27.232
1864.01501,3,8.924,-4.042,-0.349,4,0,-0.004,-0.002,5,-35.393,20.581,27.251
1864.07165,3,8.912,-4.035,-0.327,4,-0.001,-0.004,-0.003,5,-36.9,22.026,27.931
1864.12826,3,8.902,-4.021,-0.352,4,-0.002,-0.005,-0.003,,,,
1864.1845,3,8.887,-4.013,-0.342,4,-0.002,-0.005,-0.004,5,-36.678,23.143,28.78
1864.24062,3,8.88,-3.998,-0.364,4,-0.003,-0.004,-0.004,5,-38.255,22.577,27.798
1864.29797,3,8.873,-3.983,-0.35,4,-0.003,-0.004,-0.005,,,,
1864.35482,3,8.867,-3.972,-0.36,4,-0.003,-0.004,-0.005,5,-36.688,22.119,28.496
1864.41149,3,8.859,-3.96,-0.353,4,-0.003,-0.003,-0.006,5,-35.762,22.757,27.608
1864.46804,3,8.848,-3.954,-0.357,4,-0.003,-0.003,-0.005,5,-36.684,22.643,29.088
1864.52404,3,8.853,-3.954,-0.361,4,-0.003,-0.002,-0.006,,,,
1864.57998,3,8.849,-3.947,-0.345,4,-0.002,-0.001,-0.006,5,-37.637,21.765,28.999
1864.63747,3,8.854,-3.953,-0.359,4,-0.003,-0.001,-0.006,5,-38.191,23.222,28.589
1864.69311,3,8.847,-3.951,-0.345,4,-0.003,-0.001,-0.006,5,-38.582,22.157,27.811
1864.74987,3,8.854,-3.955,-0.361,4,-0.002,0,-0.006,5,-36.85,22.598,28.932
1864.80718,3,8.864,-3.954,-0.34,4,-0.003,0,-0.006,5,-37.082,21.587,29.326
1864.86315,3,8.879,-3.955,-0.352,4,-0.003,0.001,-0.006,5,-36.908,22.328,28.244
1864.92104,3,8.881,-3.951,-0.356,4,-0.003,0.001,-0.006,,,,
1864.97765,3,8.893,-3.951,-0.339,4,-0.003,0,-0.006,5,-37.64,21.568,28.488
1865.03448,3,8.898,-3.947,-0.359,4,-0.003,0,-0.006,5,-37.529,21.866,28.091
1865.09139,3,8.908,-3.94,-0.361,4,-0.003,0.001,-0.006,5,-37.523,21.864,26.009
1865.14712,3,8.912,-3.934,-0.369,4,-0.003,0.001,-0.007,5,-37.622,22.112,28.485
1865.20318,3,8.919,-3.926,-0.353,4,-0.003,0.001,-0.006,5,-36.304,22.151,27.989
1865.26092,3,8.923,-3.931,-0.368,4,-0.003,0.001,-0.006,,,,
1865.31759,3,8.929,-3.931,-0.363,4,-0.002,0.001,-0.005,5,-36.453,22.198,28.088
1865.37432,3,8.924,-3.935,-0.359,4,-0.001,0.001,-0.005,5,-36.426,23.187,27.896
1865.43084,3,8.924,-3.942,-0.366,4,-0.001,0.001,-0.005,5,-38.075,22.438,28.886
1865.48721,3,8.923,-3.947,-0.364,4,-0.001,0.001,-0.005,,,,
1865.54348,3,8.928,-3.957,-0.357,4,-0.002,0.001,-0.004,5,-37.132,21.727,28.902
1865.60049,3,8.92,-3.959,-0.355,4,-0.001,0.002,-0.004,5,-37.532,21.529,28.862
1865.6571,3,8.924,-3.959,-0.368,4,-0.001,0.002,-0.004,,,,
1865.71398,3,8.924,-3.957,-0.352,4,-0.001,0.003,-0.003,5,-37.671,22.005,28.691
1865.77056,3,8.92,-3.952,-0.354,4,-0.001,0.003,-0.003,5,-37.009,21.149,29.019
1865.8265,3,8.915,-3.943,-0.358,4,-0.002,0.003,-0.003,5,-37.18,21.431,28.34
1865.88281,3,8.918,-3.933,-0.357,4,-0.001,0.003,-0.003,,,,
1865.94042,3,8.916,-3.92,-0.343,4,-0.001,0.003,-0.002,5,-36.795,20.844,26.788
1865.99578,3,8.91,-3.909,-0.349,4,-0.002,0.003,-0.002,5,-35.77,21.085,26.909
1866.05376,3,8.901,-3.9,-0.348,4,-0.002,0.003,-0.001,,,,
1866.11031,3,8.902,-3.896,-0.345,4,-0.002,0.003,-0.001,5,-36.159,21.899,27.049
1866.16698,3,8.897,-3.896,-0.336,4,-0.001,0.003,0,5,-36.905,20.996,27.901
1866.22295,3,8.899,-3.892,-0.347,4,-0.002,0.003,0.001,5,-36.774,21.402,28.279
1866.27822,3,8.899,-3.898,-0.35,4,-0.001,0.003,0.002,,,,
1866.33486,3,8.901,-3.909,-0.332,4,-0.001,0.002,0.003,5,-37.526,21.872,27.808
1866.39208,3,8.902,-3.911,-0.345,4,-0.001,0.002,0.003,5,-37.845,21.465,28.032
1866.45004,3,8.906,-3.918,-0.338,4,0,0.002,0.003,,,,
1866.50683,3,8.905,-3.922,-0.331,4,0,0.001,0.004,5,-36.621,22.034,28.242
1866.56338,3,8.911,-3.925,-0.339,4,0.001,0.001,0.004,5,-37.239,21.277,28.682
1866.61977,3,8.915,-3.931,-0.344,4,0.001,0,0.005,5,-37.35,21.387,28.784
1866.67599,3,8.911,-3.934,-0.341,4,0.001,0,0.005,,,,
1866.73125,3,8.912,-3.947,-0.339,4,0.001,0,0.005,5,-37.392,21.729,28.705
1866.78857,3,8.906,-3.947,-0.348,4,0.001,-0.001,0.005,5,-36.607,22.247,28.954
1866.84655,3,8.908,-3.959,-0.349,4,0.001,-0.001,0.005,,,,
1866.90316,3,8.908,-3.973,-0.345,4,0.001,-0.001,0.006,5,-37.527,21.872,28.087
1866.95971,3,8.916,-3.98,-0.353,4,0.001,-0.001,0.006,5,-37.415,22.063,27.791
1867.01559,3,8.91,-3.992,-0.357,4,0.001,-0.001,0.006,5,-37.538,21.765,28.099
1867.0711,3,8.912,-4.002,-0.345,4,0.002,0,0.005,,,,
1867.12835,3,8.918,-4.01,-0.344,4,0.002,0,0.005,5,-34.566,20.775,27.219
1867.18569,3,8.915,-4.012,-0.351,4,0.001,0,0.005,5,-36.729,21.159,28.157
1867.24157,3,8.919,-4.024,-0.341,4,0.001,0,0.004,5,-37.759,22.331,27.711
1867.29952,3,8.92,-4.026,-0.345,4,0,0,0.004,5,-37.163,23.181,29.095
1867.35607,3,8.916,-4.03,-0.344,4,0,0.001,0.003,5,-36.378,21.707,27.344
1867.41268,3,8.92,-4.03,-0.344,4,0,0,0.002,5,-36.038,21.707,27.65
1867.4689,3,8.913,-4.027,-0.341,4,-0.001,0,0.001,,,,
1867.52468,3,8.907,-4.019,-0.336,4,-0.002,0,0.001,5,-36.203,21.614,28.061
1867.58065,3,8.9,-4.014,-0.337,4,-0.002,0,0.001,5,-37.68,21.817,27.379
1867.6379,3,8.889,-4.017,-0.329,4,-0.003,0,0,5,-36.629,21.941,28.134
1867.69582,3,8.891,-4.01,-0.337,4,-0.003,0,-0.001,5,-37.372,22.044,29.411
1867.7525,3,8.886,-4.01,-0.334,4,-0.003,0,-0.001,5,-36.646,22.934,28.459
1867.80914,3,8.876,-3.998,-0.341,4,-0.004,0,-0.002,5,-35.719,21.318,27.478
1867.86565,3,8.876,-4.001,-0.337,4,-0.004,0,-0.003,,,,
1867.92236,3,8.865,-3.994,-0.335,4,-0.005,-0.001,-0.003,5,-37.355,22.311,29.37
1867.97836,3,8.865,-3.99,-0.337,4,-0.005,-0.001,-0.004,5,-37.303,21.806,27.733
1868.03371,3,8.857,-3.986,-0.339,4,-0.005,-0.001,-0.004,5,-37.567,21.832,28.377
1868.09097,3,8.861,-3.978,-0.347,4,-0.005,-0.001,-0.005,5,-36.211,21.951,28.812
1868.14886,3,8.864,-3.981,-0.342,4,-0.005,-0.001,-0.006,5,-37.901,22.804,28.456
1868.20489,3,8.866,-3.978,-0.342,4,-0.005,-0.001,-0.006,5,-36.226,22.527,28.21
1868.26086,3,8.872,-3.974,-0.346,4,-0.005,-0.001,-0.007,,,,
1868.31887,3,8.881,-3.965,-0.345,4,-0.005,-0.001,-0.008,5,-37.672,21.466,28.981
1868.37563,3,8.893,-3.957,-0.35,4,-0.005,-0.001,-0.008,5,-37.119,22.636,28.658
1868.43142,3,8.906,-3.954,-0.353,4,-0.005,-0.001,-0.008,5,-37.131,21.051,28.503
1868.48739,3,8.919,-3.935,-0.358,4,-0.004,-0.001,-0.008,5,-37.238,22.202,28.096
1868.54537,3,8.92,-3.933,-0.357,4,-0.003,-0.001,-0.008,5,-38.13,22.548,28.677
1868.60192,3,8.925,-3.925,-0.355,4,-0.002,-0.001,-0.008,5,-36.737,21.951,27.866
1868.65868,3,8.935,-3.921,-0.359,4,-0.001,0,-0.008,,,,
1868.71526,3,8.94,-3.919,-0.358,4,-0.001,0,-0.008,5,-37.224,21.574,28.777
1868.77187,3,8.94,-3.913,-0.359,4,-0.001,0,-0.007,5,-37.1,21.436,27.745
1868.82784,3,8.932,-3.914,-0.365,4,0,0,-0.007,5,-37.503,21.32,28.578
1868.88311,3,8.936,-3.913,-0.362,4,0.001,0.001,-0.006,,,,
1868.94036,3,8.924,-3.907,-0.357,4,0.001,0.001,-0.005,5,-37.122,21.674,27.336
1868.99825,3,8.921,-3.913,-0.361,4,0.002,0.001,-0.005,5,-36.513,20.764,27.138
1869.05508,3,8.917,-3.918,-0.357,4,0.002,0.002,-0.004,,,,
1869.11172,3,8.923,-3.917,-0.348,4,0.002,0.002,-0.003,5,-36.597,21.407,28.177
1869.16805,3,8.916,-3.921,-0.35,4,0.002,0.003,-0.002,5,-36.131,20.772,27.04
1869.22414,3,8.912,-3.911,-0.351,4,0.002,0.003,-0.002,5,-36.436,22.124,27.371
1869.28005,3,8.909,-3.919,-0.346,4,0.002,0.003,-0.001,,,,
1869.33721,3,8.909,-3.923,-0.341,4,0.002,0.003,0,5,-37.344,21.779,27.985
1869.39343,3,8.908,-3.923,-0.341,4,0.002,0.003,0,5,-37.535,21.14,28.275
1869.45129,3,8.901,-3.931,-0.333,4,0.002,0.003,0.001,,,,
1869.50787,3,8.904,-3.931,-0.333,4,0.002,0.003,0.002,5,-37.193,22.177,28.07
1869.56457,3,8.906,-3.939,-0.33,4,0.002,0.002,0.002,5,-36.836,22.281,27.879
1869.62115,3,8.899,-3.94,-0.331,4,0.002,0.002,0.002,5,-38.286,21.097,27.98
1869.67715,3,8.901,-3.94,-0.325,4,0.002,0.001,0.003,,,,
1869.73312,3,8.9,-3.943,-0.326,4,0.002,0.001,0.002,5,-37.654,22.308,28.198
1869.79092,3,8.897,-3.943,-0.337,4,0.002,0,0.002,5,-37.587,21.396,27.707
1869.84765,3,8.897,-3.954,-0.336,4,0.003,0,0.002,,,,
1869.90429,3,8.896,-3.952,-0.327,4,0.002,-0.001,0.002,5,-38.188,22.557,28.539
1869.96105,3,8.889,-3.959,-0.339,4,0.003,-0.001,0.002,5,-36.974,22.166,28.534
1870.01766,3,8.892,-3.965,-0.342,4,0.003,-0.002,0.003,5,-37.199,21.46,29.382
1870.07449,3,8.897,-3.978,-0.335,4,0.003,-0.002,0.002,,,,
1870.13024,3,8.894,-3.982,-0.333,4,0.002,-0.002,0.002,5,-36.72,22.945,28.076
1870.18557,3,8.9,-3.986,-0.337,4,0.002,-0.002,0.002,5,-36.574,21.988,27.339
1870.24279,3,8.904,-3.988,-0.325,4,0.002,-0.003,0.002,5,-37.45,20.671,27.232
1870.30071,3,8.908,-3.988,-0.341,4,0.002,-0.003,0.001,5,-36.325,22.02,27.528
1870.35748,3,8.915,-3.998,-0.329,4,0.002,-0.002,0.001,5,-36.879,21.44,28.349
1870.41402,3,8.897,-3.981,-0.346,4,0.002,-0.003,0.001,5,-36.78,21.55,28.535
1870.47005,3,8.9,-3.986,-0.343,4,0,-0.003,0.001,,,,
1870.52596,3,8.9,-3.983,-0.342,4,0,-0.002,0,5,-36.055,22.336,28.281
1870.58324,3,8.906,-4.008,-0.329,4,-0.001,-0.003,0,5,-37.111,21.823,28.958
1870.63927,3,8.869,-3.951,-0.336,4,-0.002,-0.004,0,5,-37.685,21.927,28.899
1870.69729,3,8.887,-3.988,-0.376,4,-0.001,0,0.001,5,-37.656,21.503,28.981
1870.75323,3,8.899,-3.982,-0.352,4,-0.001,-0.002,-0.001,5,-37.25,22.603,28.236
1870.80923,3,8.893,-3.961,-0.344,4,-0.002,-0.003,0,5,-37.074,21.664,27.263
1870.86721,3,8.893,-3.962,-0.343,4,-0.002,0,0,,,,
1870.92297,3,8.861,-3.931,-0.386,4,-0.002,0,0,5,-37.856,22.202,27.858
1870.97901,3,8.89,-4.003,-0.294,4,-0.002,0.001,-0.001,5,-37.83,22.643,28.87
1871.03629,3,8.873,-3.976,-0.369,4,-0.002,0.004,0,5,-37.329,22.879,28.792
1871.09177,3,8.892,-3.976,-0.365,4,-0.001,0.003,-0.001,5,-37.535,21.912,28.79
1871.14914,3,8.888,-3.951,-0.334,4,0,0.004,-0.001,5,-37.608,22.305,28.279
1871.20615,3,8.906,-3.979,-0.31,4,-0.002,0.004,-0.001,5,-37.404,22.43,29.262
1871.26215,3,8.925,-3.984,-0.369,4,-0.002,0.003,-0.001,,,,
1871.32004,3,8.931,-3.963,-0.341,4,-0.001,0.005,0,5,-38.365,21.98,27.592
1871.37601,3,8.935,-3.971,-0.286,4,-0.002,0.003,-0.002,5,-37.047,22,29.305
1871.4314,3,8.94,-3.986,-0.38,4,-0.002,0.004,-0.002,5,-37.875,21.722,28.284
1871.48868,3,8.941,-3.981,-0.32,4,-0.001,0.001,-0.003,5,-34.541,21.071,27.888
1871.54663,3,8.922,-3.945,-0.294,4,-0.001,0.002,-0.001,5,-35.214,20.813,27.075
1871.6026,3,8.848,-4.081,-0.499,4,-0.002,0.001,-0.003,5,-36.148,20.424,27.324
1871.65842,3,8.9,-3.947,-0.344,4,0,0.002,-0.006,,,,
1871.71631,3,8.926,-3.965,-0.06,4,0.002,-0.003,-0.001,5,-36.124,20.413,26.268
1871.77252,3,8.882,-3.955,-0.338,4,-0.007,0.002,-0.004,5,-36.786,20.549,27.852
1871.82846,3,8.926,-4.008,-0.559,4,-0.002,0.001,-0.008,5,-37.662,22.162,27.713
1871.88574,3,8.985,-3.986,-0.278,4,0.001,-0.002,-0.005,,,,
1871.94107,3,8.952,-3.93,-0.238,4,-0.005,-0.002,-0.002,5,-36.981,22.626,28.206
1871.99848,3,8.938,-3.895,-0.475,4,-0.004,0,-0.003,5,-36.639,21.121,29.588
1872.05634,3,8.81,-3.91,-0.189,4,0.001,-0.002,-0.007,,,,
1872.11295,3,9.203,-3.97,-0.325,4,-0.006,0.001,-0.016,5,-37.146,21.324,28.572
1872.16892,3,8.664,-3.828,-0.519,4,-0.022,-0.022,-0.051,5,-36.296,22.321,28.596
1872.22418,3,9.12,-3.869,-0.459,4,0.016,0.004,-0.006,5,-37.433,22.366,28.337
1872.28082,3,9.858,-3.793,-0.213,4,0.004,-0.002,-0.012,,,,
1872.33811,3,10.254,-3.84,-0.634,4,-0.012,-0.015,-0.06,5,-38.121,20.514,28.831
1872.39612,3,11.167,-3.656,-0.569,4,-0.003,0.001,-0.239,5,-39.308,19.495,28.069
1872.45291,3,10.708,-3.403,-0.421,4,-0.033,-0.007,-0.481,,,,
1872.50964,3,9.011,-3.043,-0.418,4,-0.059,-0.004,-0.81,5,-38.638,15.784,27.501
1872.56601,3,9.48,-2.529,-0.409,4,-0.063,0,-0.955,5,-40.251,12.784,29.298
1872.62192,3,9.754,-2.039,-0.445,4,-0.064,-0.015,-0.895,5,-40.224,9.668,28.668
1872.67719,3,8.812,-1.512,-0.497,4,-0.058,-0.004,-0.939,,,,
1872.73383,3,8.614,-0.963,-0.34,4,-0.054,0.006,-0.934,5,-40.239,5.876,30.183
1872.79086,3,8.158,-0.483,-0.456,4,-0.058,-0.009,-0.795,5,-41.695,0.587,28.986
1872.84863,3,8.622,-0.238,-0.325,4,-0.029,0.004,-0.602,,,,
1872.90573,3,10.324,0.045,-0.666,4,-0.02,0,-0.387,5,-41.66,-0.819,29.674
1872.96234,3,9.974,0.177,-0.625,4,-0.022,-0.015,-0.3,5,-41.649,-1.602,29.637
1873.01901,3,9.306,0.345,-0.439,4,-0.029,-0.007,-0.4,5,-41.246,-1.859,29.33
1873.07495,3,8.991,0.616,-0.298,4,-0.028,0.007,-0.389,,,,
1873.13022,3,9.157,0.694,-0.554,4,-0.029,-0.003,-0.297,5,-42.487,-3.676,30.241
1873.18741,3,9.291,0.711,-0.374,4,-0.015,-0.002,-0.181,5,-41.049,-5.655,29.906
1873.24524,3,10.248,0.791,-0.53,4,-0.003,0.004,-0.087,,,,
1873.30213,3,9.631,0.917,-0.562,4,-0.002,-0.003,-0.067,5,-41.524,-4.951,29.15
1873.35874,3,9.622,0.96,-0.492,4,-0.009,0.002,-0.131,5,-41.38,-4.79,30.26
1873.41525,3,10.433,0.97,-0.562,4,-0.002,0.003,-0.088,5,-41.118,-6.612,30.209
1873.47186,3,10.573,1.091,-0.535,4,-0.005,-0.007,-0.121,,,,
1873.52789,3,10.201,1.24,-0.605,4,-0.017,-0.006,-0.246,5,-40.991,-7.365,28.903
1873.58325,3,9.53,1.448,-0.513,4,-0.028,-0.014,-0.362,5,-40.347,-9.172,28.487
1873.6405,3,9.401,1.646,-0.626,4,-0.033,-0.011,-0.419,5,-40.172,-10.742,28.595
1873.69843,3,9.863,1.839,-0.632,4,-0.023,-0.007,-0.382,5,-39.984,-10.405,30.28
1873.75507,3,9.179,2.053,-0.463,4,-0.026,-0.007,-0.391,5,-40.292,-12.363,29.984
1873.81101,3,8.889,2.327,-0.632,4,-0.034,-0.013,-0.426,5,-39.088,-13.536,30.144
1873.86704,3,9.314,2.457,-0.577,4,-0.026,-0.009,-0.362,,,,
1873.92496,3,9.832,2.608,-0.601,4,-0.022,-0.007,-0.306,5,-39.439,-14.597,29.962
1873.98093,3,9.88,2.845,-0.679,4,-0.029,-0.008,-0.353,5,-38.817,-16.821,29.895
1874.03693,3,9.375,3.07,-0.632,4,-0.036,-0.008,-0.453,5,-39.124,-17.03,29.475
1874.09482,3,8.492,3.321,-0.574,4,-0.044,-0.006,-0.559,5,-37.633,-17.735,29.382
1874.15152,3,8.198,3.614,-0.6,4,-0.044,-0.004,-0.558,5,-38.145,-22.194,29.895
1874.20819,3,8.81,3.856,-0.647,4,-0.038,-0.005,-0.462,5,-37.08,-22.121,30.238
1874.26477,3,9.351,4.071,-0.627,4,-0.035,0,-0.397,,,,
1874.32083,3,9.143,4.293,-0.641,4,-0.04,0,-0.441,5,-36.118,-22.679,28.207
1874.37695,3,8.132,4.548,-0.656,4,-0.049,0.002,-0.548,5,-36.627,-25.003,29.945
1874.43445,3,7.884,4.844,-0.483,4,-0.053,0,-0.597,5,-34.564,-26.494,30.113
1874.4899,3,7.803,5.106,-0.546,4,-0.052,-0.003,-0.533,5,-33.575,-29.06,30.951
1874.54779,3,7.883,5.329,-0.594,4,-0.048,-0.002,-0.476,5,-31.883,-30.525,29.466
1874.60452,3,7.72,5.517,-0.487,4,-0.043,0.002,-0.418,5,-31.612,-30.673,29.021
1874.66135,3,7.763,5.745,-0.496,4,-0.043,0,-0.394,,,,
1874.71805,3,7.903,5.927,-0.54,4,-0.041,0.001,-0.37,5,-28.877,-34.256,27.063
1874.77448,3,7.907,6.082,-0.523,4,-0.039,-0.003,-0.369,5,-28.456,-33.623,27.242
1874.83041,3,7.671,6.287,-0.485,4,-0.043,-0.003,-0.415,5,-30.745,-35.402,27.786
1874.88645,3,7.104,6.485,-0.415,4,-0.045,-0.005,-0.458,5,-28.349,-34.569,28.694
1874.94376,3,6.66,6.72,-0.489,4,-0.047,-0.007,-0.483,5,-27.985,-36.215,28.053
1874.99963,3,7.114,6.912,-0.457,4,-0.043,-0.008,-0.437,5,-27.008,-38.065,27.136
1875.05762,3,6.489,7.068,-0.466,4,-0.036,-0.007,-0.412,,,,
1875.11426,3,6.477,7.261,-0.346,4,-0.043,-0.006,-0.438,5,-25.632,-38.573,28.249
1875.1709,3,6.53,7.384,-0.609,4,-0.032,-0.008,-0.403,5,-23.438,-39.902,27.005
1875.22748,3,6.05,7.524,-0.225,4,-0.034,-0.006,-0.426,5,-22.484,-40.073,27.91
1875.28342,3,5.545,7.673,-0.487,4,-0.039,-0.006,-0.44,,,,
1875.33881,3,5.35,7.797,-0.313,4,-0.019,-0.004,-0.403,5,-21.346,-42.421,28.613
1875.39551,3,5.149,7.865,-0.472,4,-0.025,-0.005,-0.347,5,-19.49,-43.243,27.67
1875.45279,3,5.17,7.933,-0.287,4,-0.007,-0.007,-0.255,,,,
1875.5108,3,4.791,7.974,-0.36,4,-0.014,-0.004,-0.198,5,-19.315,-43.909,27.975
1875.56702,3,5.529,7.973,-0.492,4,0.009,-0.013,-0.101,5,-18.21,-43.555,27.797
1875.62311,3,5.602,7.991,-0.514,4,0.008,-0.008,-0.024,5,-18.732,-43.486,29.269
1875.67899,3,5.886,8.019,-0.393,4,0.002,-0.004,-0.043,,,,
1875.73654,3,5.957,8.03,-0.566,4,0.003,-0.001,-0.085,5,-18.825,-44.505,28.346
1875.79324,3,5.013,8.079,-0.437,4,-0.005,-0.005,-0.175,5,-18.172,-43.068,28.722
1875.84998,3,5.091,8.148,-0.392,4,-0.02,0,-0.237,,,,
1875.90653,3,4.94,8.187,-0.404,4,-0.011,0,-0.205,5,-17.267,-45.135,28.914
1875.96341,3,4.677,8.24,-0.448,4,-0.01,0.002,-0.2,5,-17.421,-44.867,28.514
1876.02011,3,4.698,8.274,-0.409,4,-0.013,0.001,-0.176,5,-16.945,-46.046,27.939
1876.07639,3,4.723,8.325,-0.368,4,-0.016,0.006,-0.132,,,,
1876.13184,3,4.73,8.357,-0.379,4,-0.005,0.003,-0.112,5,-16.156,-46.747,27.423
1876.18875,3,4.53,8.377,-0.402,4,-0.009,0.006,-0.094,5,-15.753,-46.928,26.299
1876.24658,3,4.711,8.404,-0.369,4,-0.001,0.005,-0.071,,,,
1876.30325,3,4.786,8.424,-0.372,4,-0.008,0.007,-0.039,5,-14.575,-45.807,26.024
1876.35989,3,4.822,8.454,-0.294,4,-0.007,0.006,-0.035,5,-14.287,-47.412,26.357
1876.41647,3,4.896,8.472,-0.536,4,-0.007,0.004,-0.038,5,-14.792,-47.62,26.044
1876.4725,3,5.082,8.498,-0.2,4,-0.004,0.009,-0.051,,,,
1876.52853,3,4.719,8.534,-0.389,4,-0.019,0.006,-0.08,5,-15.112,-46.652,28.447
1876.58576,3,4.735,8.585,-0.386,4,-0.01,-0.001,-0.118,5,-12.706,-47.873,27.267
1876.64179,3,4.595,8.621,-0.273,4,-0.018,0.006,-0.125,,,,
1876.69962,3,4.376,8.641,-0.342,4,-0.015,0.001,-0.14,5,-12.569,-47.511,27.196
1876.75626,3,4.236,8.68,-0.248,4,-0.013,0,-0.125,5,-13.651,-47.736,27.055
1876.81226,3,4.163,8.692,-0.321,4,-0.012,0,-0.108,5,-12.387,-49.937,26.552
1876.86832,3,4.255,8.7,-0.266,4,-0.015,-0.001,-0.063,,,,
1876.92554,3,4.447,8.696,-0.38,4,-0.005,-0.003,-0.034,5,-12.914,-48.792,26.302
1876.98093,3,4.465,8.704,-0.404,4,-0.002,-0.005,-0.019,5,-11.958,-48.697,25.569
1877.03821,3,4.407,8.712,-0.21,4,-0.01,-0.002,-0.035,5,-11.487,-48.615,26.047
1877.09607,3,4.273,8.695,-0.373,4,-0.016,-0.001,-0.051,5,-13.437,-47.186,27.64
1877.15277,3,4.133,8.711,-0.318,4,-0.005,-0.004,-0.056,5,-12.857,-48.032,27.507
1877.2095,3,4.18,8.713,-0.296,4,-0.008,-0.004,-0.055,5,-12.437,-47.687,26.778
1877.26523,3,4.125,8.708,-0.31,4,-0.009,-0.004,-0.033,,,,
1877.32068,3,4.157,8.723,-0.371,4,0,-0.008,-0.025,5,-12.053,-48.302,26.564
1877.37735,3,4.242,8.735,-0.271,4,-0.002,-0.005,-0.02,5,-12.81,-48.721,27.156
1877.43399,3,4.114,8.743,-0.365,4,-0.003,-0.006,-0.02,5,-12.479,-48.462,26.414
1877.4906,3,4.127,8.761,-0.305,4,-0.003,-0.006,-0.022,5,-11.694,-48.305,26.726
1877.54785,3,4.294,8.772,-0.364,4,-0.007,-0.005,-0.02,5,-11.414,-47.707,26.791
1877.60574,3,4.404,8.818,-0.279,4,-0.008,-0.004,-0.02,5,-12.332,-48.03,26.826
1877.66229,3,4.036,8.837,-0.315,4,-0.01,-0.004,-0.058,,,,
1877.7186,3,3.88,8.861,-0.29,4,-0.008,-0.006,-0.086,5,-11.534,-48.676,28.395
1877.77426,3,3.876,8.877,-0.303,4,-0.011,-0.004,-0.074,5,-12.045,-48.299,27.853
1877.83035,3,4.03,8.909,-0.244,4,-0.01,-0.004,-0.046,5,-11.781,-49.057,27.64
1877.88712,3,4.058,8.923,-0.302,4,-0.012,-0.003,-0.033,5,-11.223,-47.919,25.801
1877.94458,3,4.227,8.94,-0.262,4,-0.005,-0.004,-0.039,5,-11.906,-48.857,27.428
1878.00223,3,3.777,8.952,-0.312,4,-0.01,-0.003,-0.06,5,-11.026,-48.88,26.971
1878.05878,3,3.354,8.971,-0.233,4,-0.006,-0.004,-0.094,,,,
1878.11536,3,3.844,8.959,-0.257,4,-0.009,0,-0.045,5,-9.631,-48.314,27.095
1878.17215,3,3.848,8.957,-0.212,4,-0.005,-0.003,0.011,5,-10.591,-48.996,26.503
1878.22809,3,3.919,8.944,-0.355,4,0.005,-0.004,0.012,5,-10.402,-49.179,25.906
1878.28339,3,3.853,8.927,-0.198,4,0.008,-0.003,0.012,,,,
1878.34,3,3.917,8.912,-0.334,4,0.006,-0.003,0.008,5,-11.673,-49.231,26.064
1878.39737,3,3.873,8.904,-0.344,4,0.018,-0.005,0.015,5,-11.577,-48.273,26.048
1878.45545,3,3.888,8.887,-0.324,4,0.012,-0.003,0.004,,,,
1878.51202,3,3.927,8.869,-0.289,4,0.012,-0.001,0.006,5,-10.548,-50.189,26.369
1878.56857,3,3.896,8.862,-0.401,4,0.011,-0.001,0.006,5,-10.678,-49.01,26.588
1878.62525,3,3.861,8.85,-0.349,4,0.013,-0.001,0.01,5,-10.229,-49.141,26.563
1878.68115,3,4.071,8.829,-0.328,4,0.006,0.002,0.009,,,,
1878.73709,3,3.951,8.834,-0.317,4,0.002,0.001,0.01,5,-10.216,-48.914,26.456
1878.79504,3,3.917,8.828,-0.412,4,0.005,0.001,0.006,5,-11.267,-49.059,26.759
1878.85165,3,3.89,8.837,-0.35,4,0.007,0.002,-0.002,,,,
1878.9083,3,3.961,8.84,-0.298,4,-0.004,0.003,0.006,5,-10.876,-50.195,27.115
1878.96494,3,4.008,8.837,-0.309,4,-0.003,0.004,0.005,5,-12.228,-49.19,27.979
1879.02161,3,3.97,8.846,-0.365,4,-0.003,0.003,0.013,5,-10.995,-48.518,28.391
1879.07828,3,3.979,8.847,-0.309,4,-0.004,0.005,0.005,,,,
1879.13431,3,3.977,8.853,-0.287,4,-0.001,0.006,-0.011,5,-11.023,-48.84,27.56
1879.19019,3,3.93,8.867,-0.337,4,-0.004,0.004,0.004,5,-11.703,-48.897,27.567
1879.24823,3,3.979,8.861,-0.307,4,0,0.004,-0.008,,,,
1879.30478,3,4.006,8.862,-0.237,4,0.001,0.005,-0.011,5,-11.794,-48.759,27.043
1879.36154,3,3.911,8.873,-0.389,4,0.006,0.001,-0.009,5,-10.063,-49.03,27.408
1879.41797,3,3.953,8.869,-0.35,4,0.004,0.002,-0.007,5,-9.404,-49.551,26.025
1879.47446,3,3.926,8.875,-0.327,4,0.005,0.002,-0.008,,,,
1879.5303,3,3.974,8.88,-0.314,4,-0.003,0.004,-0.007,5,-10.786,-50.371,27.527
1879.58585,3,3.956,8.885,-0.352,4,0.002,0.002,-0.003,5,-8.426,-51.135,27.023
1879.64261,3,3.977,8.886,-0.372,4,0,0.003,-0.005,,,,
1879.69986,3,3.951,8.9,-0.317,4,0,0.002,-0.007,5,-11.174,-51.326,25.473
1879.7576,3,3.96,8.895,-0.301,4,-0.001,0.002,-0.006,5,-11.891,-49.852,27.153
1879.81427,3,3.982,8.896,-0.401,4,-0.004,0.002,-0.007,5,-11.713,-49.492,25.841
1879.87085,3,3.995,8.891,-0.317,4,-0.001,0.001,-0.006,,,,
1879.9274,3,3.974,8.903,-0.31,4,-0.002,0.001,-0.005,5,-8.96,-50.581,27.766
1879.98361,3,3.958,8.903,-0.353,4,-0.002,0.001,-0.006,5,-10.507,-49.922,26.582
1880.03986,3,3.984,8.895,-0.329,4,-0.003,0,-0.007,5,-11.705,-48.308,26.823
1880.09711,3,3.979,8.891,-0.35,4,-0.003,0,-0.007,5,-11.771,-49.185,26.018
1880.15396,3,3.967,8.889,-0.338,4,-0.002,-0.001,-0.007,5,-11.099,-49.5,27.028
1880.2106,3,3.945,8.889,-0.317,4,-0.004,-0.002,-0.007,5,-10.774,-49.489,27.744
1880.26721,3,3.948,8.887,-0.363,4,-0.004,-0.002,-0.007,,,,
1880.32324,3,3.937,8.885,-0.335,4,-0.002,-0.004,-0.007,5,-11.635,-48.399,27.625
1880.37863,3,3.923,8.889,-0.326,4,-0.003,-0.004,-0.006,5,-10.751,-49.089,26.643
1880.43585,3,3.902,8.89,-0.344,4,-0.003,-0.005,-0.006,5,-10.396,-48.335,26.767
1880.49396,3,3.9,8.885,-0.331,4,-0.003,-0.005,-0.005,5,-10.576,-48.75,26.385
1880.55078,3,3.877,8.894,-0.329,4,-0.002,-0.006,-0.005,5,-10.471,-48.659,26.938
1880.60635,3,3.84,8.908,-0.356,4,-0.003,-0.006,-0.004,5,-11.534,-49.397,28.391
1880.66242,3,3.815,8.918,-0.319,4,-0.002,-0.007,-0.003,,,,
1880.72025,3,3.795,8.932,-0.363,4,-0.003,-0.006,-0.002,5,-11.02,-49.06,27.002
1880.77622,3,3.758,8.924,-0.313,4,-0.002,-0.006,0,5,-10.622,-47.928,27.402
1880.83167,3,3.755,8.957,-0.288,4,-0.001,-0.004,0.002,5,-10.298,-49.431,27.576
1880.88889,3,3.743,8.964,-0.332,4,-0.003,-0.004,0.005,5,-9.819,-49.449,26.176
1880.94672,3,3.781,8.944,-0.24,4,0.001,-0.002,0.007,5,-11.192,-50.346,27.625
1881.00328,3,3.802,8.945,-0.308,4,0.001,-0.001,0.01,5,-9.227,-50.461,26.486
1881.05998,3,3.877,8.945,-0.309,4,0.004,0,0.012,,,,
1881.11698,3,3.91,8.955,-0.309,4,0.004,0.001,0.014,5,-9.512,-49.391,26.891
1881.17341,3,3.918,8.937,-0.285,4,0.004,0.001,0.016,5,-10.594,-49.142,27.115
1881.22932,3,3.947,8.899,-0.29,4,0.006,0.002,0.016,5,-9.608,-50.012,27.312
1881.28529,3,4.007,8.877,-0.273,4,0.007,0.001,0.017,5,-10.271,-50.264,25.475
1881.34315,3,3.992,8.853,-0.614,4,0.001,0.002,0.019,5,-10.168,-50.081,25.317
1881.39985,3,3.97,8.807,-0.272,4,0.013,0.001,0.019,5,-9.711,-49.176,25.2
1881.45588,3,3.955,8.792,-0.215,4,0.004,0.001,0.019,,,,
1881.51179,3,3.994,8.794,-0.544,4,0.002,0.002,0.018,5,-10.728,-48.041,28.001
1881.56968,3,4.088,8.752,-0.292,4,0.006,0.002,0.017,5,-11.058,-49.08,27.818
1881.62568,3,4.013,8.751,-0.361,4,-0.001,0.001,0.018,5,-12.369,-49.101,28.386
1881.68107,3,4.071,8.767,-0.381,4,0.001,0.001,0.019,,,,
1881.73768,3,4.081,8.739,-0.374,4,-0.002,0.001,0.017,5,-11.288,-48.621,27.371
1881.79502,3,4.096,8.742,-0.435,4,-0.002,0,0.017,5,-9.413,-49.069,25.887
1881.85291,3,4.014,8.788,-0.28,4,-0.002,0.001,0.018,,,,
1881.9091,3,4.083,8.815,-0.32,4,-0.008,0.001,0.014,5,-9.865,-49.268,26.37
1881.96559,3,4.154,8.822,-0.447,4,-0.006,0.001,0.014,5,-10.632,-49.809,26.131
1882.02281,3,4.179,8.82,-0.273,4,-0.005,-0.001,0.014,5,-10.951,-48.95,26.688
1882.07887,3,4.153,8.857,-0.396,4,-0.007,-0.001,0.015,,,,
1882.13478,3,4.154,8.878,-0.331,4,-0.005,-0.002,0.013,5,-11.9,-49.24,26.848
1882.19279,3,4.135,8.877,-0.269,4,-0.006,-0.002,0.011,5,-11.227,-48.344,26.811
1882.2494,3,4.128,8.873,-0.458,4,-0.005,-0.004,0.01,,,,
1882.30595,3,4.125,8.908,-0.214,4,-0.002,-0.003,0.011,5,-11.566,-48.141,28.14
1882.36253,3,4.065,8.92,-0.257,4,-0.004,-0.003,0.008,5,-11.523,-48.851,27.837
1882.41847,3,4.152,8.869,-0.345,4,-0.001,-0.002,0.009,5,-10.834,-49.677,27.248
1882.47386,3,4.162,8.845,-0.228,4,0.002,-0.003,0.008,,,,
1882.5305,3,4.23,8.83,-0.315,4,0.001,-0.003,0.009,5,-11.971,-48.868,27.6
1882.58726,3,4.152,8.811,-0.32,4,0.004,-0.004,0.009,5,-11.649,-49.142,26.949
1882.64503,3,4.167,8.774,-0.287,4,0.004,-0.004,0.006,,,,
1882.70304,3,4.174,8.766,-0.36,4,0.003,-0.004,0.006,5,-11.526,-48.561,26.66
1882.75913,3,4.147,8.762,-0.342,4,0.005,-0.004,0.005,5,-11.748,-49.094,27.075
1882.81544,3,4.123,8.733,-0.348,4,0.004,-0.005,0.003,5,-11.192,-49.1,26.27
1882.87025,3,4.129,8.714,-0.43,4,0.003,-0.004,0.002,,,,
1882.92686,3,4.142,8.718,-0.362,4,0.003,-0.004,0.001,5,-12.711,-48.947,28.175
1882.98414,3,4.132,8.712,-0.389,4,0.001,-0.004,0.001,5,-11.926,-48.305,27.325
1883.04206,3,4.099,8.704,-0.458,4,0,-0.003,-0.001,,,,
1883.09876,3,4.116,8.706,-0.376,4,-0.001,-0.002,-0.002,5,-11,-49.46,27.402
1883.15525,3,4.107,8.735,-0.419,4,-0.003,-0.002,-0.002,5,-11.687,-49.536,26.41
1883.21192,3,4.085,8.743,-0.401,4,-0.003,-0.001,-0.004,5,-13.461,-47.906,27.657
1883.26853,3,4.089,8.733,-0.372,4,-0.004,0,-0.004,,,,
1883.3245,3,4.075,8.764,-0.398,4,-0.006,0.001,-0.005,5,-12.099,-48.853,27.776
1883.37989,3,4.114,8.77,-0.352,4,-0.006,0.002,-0.005,5,-12.881,-48.833,27.003
1883.43717,3,4.116,8.778,-0.348,4,-0.007,0.003,-0.005,5,-13.036,-48.906,27.483
1883.49507,3,4.115,8.794,-0.391,4,-0.007,0.003,-0.007,5,-11.707,-47.801,27.278
1883.55168,3,4.138,8.809,-0.314,4,-0.006,0.003,-0.006,5,-12.172,-47.844,27.531
1883.60829,3,4.121,8.83,-0.346,4,-0.007,0.004,-0.007,5,-11.746,-48.352,26.529
1883.66493,3,4.13,8.824,-0.355,4,-0.006,0.003,-0.008,,,,
1883.72096,3,4.121,8.838,-0.311,4,-0.005,0.004,-0.008,5,-12.012,-48.572,27.748
1883.77632,3,4.129,8.856,-0.338,4,-0.005,0.003,-0.008,5,-11.571,-48.204,27.299
1883.83344,3,4.125,8.858,-0.323,4,-0.003,0.003,-0.008,5,-11.906,-48.447,26.485
1883.89057,3,4.116,8.85,-0.313,4,-0.002,0.003,-0.009,5,-10.841,-48.988,26.41
1883.94682,3,4.116,8.861,-0.344,4,-0.002,0.002,-0.009,5,-11.94,-47.971,27.544
1884.00471,3,4.132,8.861,-0.305,4,0,0.002,-0.009,5,-10.03,-48.134,26.392
1884.06132,3,4.112,8.861,-0.328,4,0.001,0.002,-0.009,,,,
1884.11796,3,4.104,8.845,-0.351,4,0.002,0.002,-0.01,5,-11.697,-48.987,27.443
1884.17399,3,4.085,8.854,-0.305,4,0.002,0.002,-0.01,5,-11.679,-49.319,27.235
1884.22932,3,4.097,8.857,-0.34,4,0.003,0.001,-0.01,5,-10.921,-50.36,26.868
1884.28666,3,4.083,8.837,-0.346,4,0.004,0.001,-0.009,5,-11.089,-50.157,27.235
1884.34461,3,4.073,8.833,-0.329,4,0.004,0.001,-0.009,5,-12.143,-49.474,27.823
1884.40119,3,4.069,8.842,-0.352,4,0.003,0,-0.008,5,-11.067,-48.97,27.179
1884.4578,3,4.054,8.83,-0.337,4,0.004,0.001,-0.008,,,,
1884.51457,3,4.05,8.809,-0.358,4,0.004,0,-0.008,5,-11.331,-48.482,26.495
1884.5713,3,4.043,8.81,-0.377,4,0.004,0,-0.007,5,-12.434,-48.964,27.676
1884.62708,3,4.034,8.809,-0.342,4,0.004,0,-0.006,5,-10.98,-49.361,27.966
1884.68235,3,4.019,8.798,-0.368,4,0.003,0,-0.005,5,-11.084,-47.549,27.438
1884.73963,3,4.004,8.787,-0.372,4,0.003,0.001,-0.005,5,-12.256,-48.21,26.939
1884.79765,3,4.017,8.792,-0.357,4,0.002,0.001,-0.004,5,-12.041,-48.865,27.785
1884.85429,3,4.004,8.794,-0.361,4,0.001,0.001,-0.003,,,,
1884.91087,3,3.998,8.791,-0.365,4,0,0.002,-0.002,5,-11.101,-48.459,27.22
1884.96751,3,3.999,8.79,-0.362,4,0,0.002,-0.001,5,-11.754,-48.952,26.779
1885.02354,3,4.006,8.802,-0.365,4,-0.001,0.002,0,5,-12.494,-48.305,27.594
1885.07878,3,4.026,8.805,-0.344,4,-0.002,0.003,0.002,,,,
1885.13606,3,4.035,8.806,-0.355,4,-0.002,0.003,0.003,5,-11.777,-48.63,26.996
1885.19392,3,4.047,8.818,-0.35,4,-0.002,0.003,0.004,5,-12.202,-49.78,26.834
1885.25047,3,4.085,8.83,-0.326,4,-0.003,0.003,0.004,,,,
1885.30726,3,4.089,8.837,-0.336,4,-0.003,0.003,0.005,5,-10.51,-49.129,25.356
1885.3639,3,4.11,8.83,-0.333,4,-0.003,0.003,0.005,5,-11.078,-49.223,25.885
1885.42048,3,4.128,8.838,-0.312,4,-0.003,0.003,0.006,5,-10.866,-49.667,26.193
1885.47645,3,4.143,8.854,-0.32,4,-0.003,0.002,0.005,,,,
1885.53178,3,4.154,8.851,-0.31,4,-0.003,0.002,0.006,5,-10.127,-50.269,24.892
1885.58906,3,4.151,8.849,-0.311,4,-0.002,0.001,0.005,5,-11.972,-49.281,25.781
1885.6464,3,4.164,8.846,-0.312,4,-0.001,0,0.006,,,,
1885.70234,3,4.171,8.848,-0.301,4,0,-0.001,0.005,5,-11.172,-48.392,27.759
1885.76029,3,4.169,8.844,-0.319,4,0,-0.001,0.005,5,-11.635,-49.013,26.61
1885.81697,3,4.159,8.832,-0.318,4,0.001,-0.002,0.004,5,-12.331,-48.528,27.771
1885.87361,3,4.155,8.833,-0.314,4,0.002,-0.002,0.003,,,,
1885.92961,3,4.155,8.824,-0.323,4,0.003,-0.003,0.003,5,-12.766,-47.905,28.023
1885.98567,3,4.151,8.806,-0.33,4,0.002,-0.004,0.002,5,-11.615,-49.263,29.131
1886.04356,3,4.137,8.805,-0.336,4,0.003,-0.004,0.002,,,,
1886.09941,3,4.135,8.796,-0.332,4,0.003,-0.005,0.001,5,-12.856,-49.313,27.905
1886.15531,3,4.132,8.789,-0.34,4,0.003,-0.005,0.001,5,-12.601,-49.397,26.131
1886.21321,3,4.128,8.774,-0.341,4,0.003,-0.005,0.001,5,-11.789,-50.041,26.479
1886.26982,3,4.128,8.771,-0.352,4,0.003,-0.005,0.001,,,,
1886.32582,3,4.12,8.77,-0.339,4,0.002,-0.006,0.001,5,-11.887,-50.035,27.631
1886.38127,3,4.116,8.764,-0.357,4,0.001,-0.006,0,5,-11.172,-49.062,27.075
1886.43861,3,4.103,8.756,-0.356,4,0.001,-0.006,0,5,-10.709,-48.836,27.003
1886.49635,3,4.101,8.76,-0.354,4,0,-0.006,0,5,-12.741,-48.277,27.921
1886.55299,3,4.091,8.76,-0.357,4,-0.001,-0.005,0,5,-12.158,-48.683,26.355
1886.6096,3,4.067,8.761,-0.365,4,-0.002,-0.005,-0.001,5,-12.065,-49.689,26.965
1886.66624,3,4.037,8.764,-0.364,4,-0.002,-0.004,-0.001,,,,
1886.72294,3,4.023,8.769,-0.369,4,-0.003,-0.003,-0.001,5,-11.545,-48.833,27.122
1886.77918,3,4.008,8.776,-0.357,4,-0.003,-0.002,-0.001,5,-12.402,-49.054,28.156
1886.83528,3,4.009,8.776,-0.365,4,-0.004,0,-0.001,5,-12.781,-49.089,28
1886.89277,3,4.011,8.789,-0.368,4,-0.005,0.001,-0.001,5,-12.099,-48.167,26.564
1886.94941,3,4.027,8.802,-0.345,4,-0.006,0.003,-0.001,5,-11.453,-48.224,27.789
1887.00605,3,4.028,8.809,-0.347,4,-0.006,0.004,0,5,-11.064,-49.472,26.663
1887.06275,3,4.041,8.81,-0.334,4,-0.004,0.006,0,,,,
1887.11866,3,4.061,8.822,-0.319,4,-0.004,0.007,-0.001,5,-12.012,-47.305,27.01
1887.17399,3,4.085,8.83,-0.322,4,-0.005,0.008,0,5,-11.072,-48.503,26.845
1887.2306,3,4.103,8.829,-0.321,4,-0.003,0.009,0,5,-12.134,-47.849,26.453
1887.28788,3,4.114,8.835,-0.304,4,-0.002,0.009,-0.001,5,-12.343,-48.239,26.891
1887.3458,3,4.124,8.85,-0.306,4,-0.002,0.01,-0.001,5,-12.042,-48.936,27.087
1887.40254,3,4.131,8.853,-0.301,4,0,0.01,-0.001,5,-11.16,-48.445,26.762
1887.45912,3,4.137,8.845,-0.295,4,0,0.01,-0.001,,,,
1887.51518,3,4.144,8.844,-0.309,4,0.001,0.009,-0.001,5,-10.304,-48.563,26.796
1887.57038,3,4.156,8.841,-0.297,4,0.002,0.009,-0.001,5,-12.003,-49.161,27.397
1887.62702,3,4.144,8.827,-0.309,4,0.003,0.008,-0.001,5,-11.711,-47.331,27.084
1887.68366,3,4.137,8.822,-0.317,4,0.004,0.007,-0.002,5,-11.243,-48.518,27.06
1887.74101,3,4.142,8.814,-0.313,4,0.004,0.007,-0.002,5,-11.98,-48.16,26.872
1887.79908,3,4.14,8.807,-0.328,4,0.005,0.006,-0.002,5,-12.033,-48.433,27.007
1887.85566,3,4.13,8.797,-0.333,4,0.005,0.006,-0.002,,,,
1887.91215,3,4.118,8.785,-0.34,4,0.005,0.005,-0.002,5,-11.607,-48.528,27.711
1887.96836,3,4.109,8.781,-0.348,4,0.005,0.004,-0.002,5,-12.321,-48.572,27.168
1888.0239,3,4.106,8.778,-0.337,4,0.005,0.004,-0.002,5,-12.111,-48.524,27.303
1888.08003,3,4.097,8.774,-0.355,4,0.003,0.003,-0.002,,,,
1888.13667,3,4.089,8.779,-0.357,4,0.003,0.003,-0.002,5,-11.221,-48.407,26.733
1888.19395,3,4.097,8.776,-0.345,4,0.003,0.003,-0.002,5,-12.19,-47.783,27.441
1888.25215,3,4.099,8.782,-0.355,4,0.002,0.002,-0.001,,,,
1888.309,3,4.098,8.781,-0.345,4,0.001,0.003,-0.001,5,-9.897,-49.362,25.99
1888.36518,3,4.11,8.794,-0.345,4,0.001,0.002,-0.001,5,-11.229,-50.339,26.108
1888.42091,3,4.117,8.805,-0.344,4,0,0.002,-0.001,5,-11.011,-49.417,26.109
1888.47642,3,4.124,8.804,-0.336,4,-0.001,0.002,-0.001,,,,
1888.53373,3,4.135,8.816,-0.345,4,-0.001,0.001,-0.001,5,-10.719,-49.512,26.749
1888.59175,3,4.144,8.825,-0.337,4,-0.001,0.001,-0.001,5,-10.928,-49.585,27.15
1888.64848,3,4.147,8.831,-0.321,4,-0.002,0.001,-0.001,,,,
1888.705,3,4.154,8.83,-0.337,4,-0.002,0,-0.001,5,-11.69,-48.59,26.379
1888.76164,3,4.158,8.832,-0.335,4,-0.001,-0.001,-0.001,5,-11.891,-48.622,26.591
1888.81834,3,4.158,8.837,-0.332,4,-0.001,-0.001,-0.001,5,-11.948,-48.102,28.174
1888.8744,3,4.152,8.843,-0.335,4,-0.001,-0.002,-0.002,,,,
1888.92948,3,4.151,8.84,-0.329,4,-0.001,-0.002,-0.002,5,-11.255,-48.422,27.089
1888.98676,3,4.145,8.838,-0.331,4,-0.001,-0.002,-0.003,5,-11.511,-48.187,27.193
1889.04472,3,4.14,8.836,-0.337,4,-0.001,-0.003,-0.003,,,,
1889.10136,3,4.134,8.831,-0.337,4,0,-0.002,-0.004,5,-12.54,-48.001,27.902
1889.158,3,4.134,8.822,-0.338,4,-0.001,-0.002,-0.004,5,-11.716,-47.812,27.899
1889.21461,3,4.125,8.808,-0.339,4,0,-0.003,-0.004,5,-10.915,-48.051,27.104
1889.27125,3,4.112,8.8,-0.335,4,0,-0.003,-0.005,,,,
1889.32774,3,4.108,8.796,-0.338,4,-0.001,-0.003,-0.005,5,-12.405,-48.724,27.074
1889.38423,3,4.106,8.793,-0.338,4,0,-0.003,-0.005,5,-11.798,-49.791,27.367
1889.44102,3,4.1,8.794,-0.337,4,0,-0.003,-0.005,,,,
1889.49702,3,4.098,8.783,-0.338,4,0,-0.003,-0.005,5,-11.086,-49.529,27.087
1889.55302,3,4.089,8.783,-0.333,4,0,-0.003,-0.005,5,-11.514,-49.304,26.454
1889.61088,3,4.08,8.79,-0.337,4,-0.001,-0.003,-0.005,5,-11.533,-50.079,27.53
1889.66752,3,4.073,8.798,-0.344,4,-0.001,-0.003,-0.005,,,,
1889.72355,3,4.048,8.801,-0.34,4,-0.001,-0.004,-0.005,5,-11.314,-49.44,26.599
1889.77891,3,4.026,8.806,-0.341,4,-0.001,-0.004,-0.005,5,-11.505,-49.609,26.968
1889.83561,3,3.982,8.817,-0.347,4,-0.002,-0.004,-0.004,5,-11.945,-48.483,28.171
1889.89295,3,3.969,8.823,-0.352,4,-0.002,-0.003,-0.003,5,-12.73,-47.745,27.299
1889.95072,3,3.953,8.822,-0.358,4,-0.001,-0.002,-0.002,5,-12.022,-48.671,27.014
1890.00733,3,3.947,8.821,-0.357,4,-0.001,-0.001,-0.001,5,-11.798,-49.712,27.731
1890.06394,3,3.948,8.823,-0.355,4,-0.001,0,0,,,,
1890.12055,3,3.954,8.828,-0.361,4,-0.001,0.002,0.001,5,-10.968,-48.907,28.285
1890.17716,3,3.966,8.818,-0.362,4,-0.001,0.003,0.003,5,-11.69,-49.559,27.766
1890.23377,3,3.988,8.815,-0.354,4,0,0.004,0.004,5,-11.528,-48.846,26.83
1890.29035,3,4.02,8.814,-0.355,4,-0.001,0.005,0.005,5,-11.417,-49.496,27.254
1890.3469,3,4.053,8.818,-0.349,4,-0.001,0.006,0.006,5,-12.506,-48.375,27.687
1890.4037,3,4.06,8.817,-0.35,4,-0.001,0.006,0.006,5,-12.407,-49.29,26.547
1890.46034,3,4.061,8.822,-0.337,4,0,0.006,0.007,,,,
1890.51695,3,4.074,8.825,-0.332,4,0,0.006,0.007,5,-11.646,-48.148,27.67
1890.57292,3,4.085,8.832,-0.324,4,0,0.006,0.008,5,-11.76,-49.142,27.223
1890.62885,3,4.103,8.816,-0.321,4,0.001,0.006,0.008,5,-11.526,-48.251,26.978
1890.68672,3,4.119,8.81,-0.316,4,0.002,0.006,0.008,5,-12.564,-49.2,27.031
1890.74348,3,4.131,8.81,-0.324,4,0.001,0.006,0.008,5,-12.505,-49.329,28.275
1890.80003,3,4.142,8.804,-0.333,4,0.001,0.005,0.008,5,-10.98,-49.203,26.918
1890.85682,3,4.156,8.802,-0.337,4,0.002,0.005,0.007,,,,
1890.91349,3,4.163,8.803,-0.329,4,0.002,0.004,0.007,5,-11.479,-49.19,27.432
1890.96944,3,4.157,8.794,-0.337,4,0.002,0.004,0.006,5,-12.131,-48.393,27.09
1891.02471,3,4.148,8.79,-0.333,4,0.002,0.004,0.005,5,-10.765,-48.724,28.001
1891.08193,3,4.152,8.788,-0.333,4,0.002,0.003,0.005,5,-12.476,-47.653,27.299
1891.13985,3,4.152,8.791,-0.319,4,0.001,0.003,0.004,5,-12.416,-48.441,28.345
1891.19668,3,4.182,8.804,-0.345,4,0.001,0.002,0.003,5,-12.474,-48.982,27.716
1891.25326,3,4.155,8.795,-0.351,4,0.002,0.002,0.003,,,,
1891.30987,3,4.189,8.789,-0.309,4,0.002,0.002,0.002,5,-12.769,-47.543,27.576
1891.36654,3,4.183,8.79,-0.342,4,0.001,0.001,0.001,5,-12.068,-49.307,26.494
1891.42248,3,4.196,8.782,-0.374,4,0.002,0.001,0.001,5,-11.121,-49.19,25.572
1891.47829,3,4.197,8.779,-0.333,4,0.001,0,0,,,,
1891.53606,3,4.186,8.772,-0.378,4,0.001,-0.001,-0.001,5,-11.502,-49.663,26.073
1891.5928,3,4.231,8.763,-0.424,4,0.001,-0.002,-0.002,5,-11.862,-49.442,26.666
1891.64959,3,4.183,8.773,-0.24,4,0,-0.002,-0.002,,,,
1891.70559,3,4.118,8.779,-0.374,4,-0.002,-0.003,-0.004,5,-10.345,-48.833,25.023
1891.76092,3,4.15,8.786,-0.321,4,0,-0.003,-0.005,5,-12.45,-49.045,27.551
1891.81753,3,4.195,8.77,-0.338,4,-0.002,-0.003,-0.008,5,-12.112,-48.524,27.815
1891.87414,3,4.186,8.771,-0.432,4,-0.002,-0.004,-0.006,,,,
1891.93078,3,4.112,8.777,-0.298,4,0,-0.004,-0.006,5,-11.88,-49.248,27.145
1891.98809,3,4.091,8.791,-0.337,4,-0.004,-0.004,-0.007,5,-12.405,-49.025,26.845
1892.04613,3,4.12,8.794,-0.391,4,-0.004,-0.004,-0.009,,,,
1892.10287,3,4.169,8.782,-0.305,4,-0.002,-0.004,-0.009,5,-10.88,-49.211,27.596
1892.15902,3,4.135,8.802,-0.383,4,-0.005,-0.004,-0.008,5,-11.641,-48.062,27.342
1892.21526,3,4.103,8.802,-0.353,4,-0.003,-0.005,-0.009,5,-11.494,-47.783,27.699
1892.27181,3,4.093,8.815,-0.29,4,-0.005,-0.005,-0.01,,,,
1892.32717,3,4.102,8.825,-0.375,4,-0.006,-0.006,-0.01,5,-10.706,-49.84,26.147
1892.38442,3,4.061,8.841,-0.321,4,-0.004,-0.006,-0.009,5,-10.538,-49.39,25.974
1892.44231,3,4.018,8.857,-0.302,4,-0.005,-0.006,-0.008,,,,
1892.49895,3,3.977,8.877,-0.388,4,-0.004,-0.005,-0.008,5,-12.7,-49.08,27.715
1892.55563,3,3.986,8.869,-0.306,4,-0.002,-0.005,-0.008,5,-11.909,-48.193,26.897
1892.6122,3,3.984,8.869,-0.352,4,-0.004,-0.003,-0.006,5,-12.401,-48.689,28.485
1892.66817,3,3.967,8.877,-0.377,4,-0.002,-0.003,-0.005,,,,
1892.72356,3,3.978,8.87,-0.294,4,-0.002,-0.002,-0.004,5,-10.078,-49.15,26.851
1892.7802,3,3.974,8.845,-0.38,4,-0.002,-0.001,-0.002,5,-11.998,-49.283,28.259
1892.83746,3,4.027,8.831,-0.351,4,0.001,0.001,-0.001,,,,
1892.89468,3,4.027,8.83,-0.319,4,-0.001,0.001,0,5,-10.889,-48.206,27.422
1892.95071,3,4.053,8.812,-0.384,4,-0.001,0.002,0,5,-11.43,-48.106,28.116
1893.0086,3,4.073,8.798,-0.329,4,0.001,0.003,0.001,5,-12.92,-49.011,26.244
1893.0653,3,4.089,8.793,-0.337,4,-0.001,0.002,0.001,,,,
1893.12136,3,4.077,8.798,-0.38,4,-0.001,0.003,0.001,5,-11.839,-49.532,27.415
1893.1766,3,4.069,8.804,-0.319,4,0,0.002,0.002,5,-11.826,-49.043,28.188
1893.23388,3,4.069,8.801,-0.354,4,-0.002,0.002,0.002,5,-12.65,-48.367,28.632
1893.29189,3,4.079,8.804,-0.35,4,-0.001,0.002,0.002,5,-11.7,-48.907,26.608
1893.34847,3,4.085,8.806,-0.308,4,-0.001,0.002,0.002,5,-11.435,-48.303,27.072
1893.40502,3,4.083,8.806,-0.363,4,-0.001,0.002,0.002,5,-11.676,-49.475,27.533
1893.46178,3,4.1,8.807,-0.337,4,0,0.002,0.002,,,,
1893.51839,3,4.097,8.813,-0.319,4,-0.001,0.002,0.002,5,-12.004,-49.217,28.053
1893.57436,3,4.099,8.813,-0.365,4,-0.001,0.001,0.002,5,-11.488,-49.13,28.403
1893.6296,3,4.086,8.814,-0.316,4,-0.001,0.001,0.001,5,-11.38,-48.021,27.655
1893.68621,3,4.086,8.819,-0.34,4,-0.001,0.001,0.002,5,-11.795,-49.278,28.078
1893.74349,3,4.077,8.818,-0.352,4,0,0.001,0.002,5,-11.942,-49.182,26.768
1893.80147,3,4.066,8.81,-0.321,4,0,0.001,0.001,5,-10.876,-49.667,27.257
1893.85833,3,4.064,8.817,-0.36,4,0,0.001,0.002,,,,
1893.91497,3,4.067,8.82,-0.349,4,0,0.002,0.002,5,-12.503,-49.298,27.509
1893.97076,3,4.073,8.809,-0.334,4,0,0.002,0.002,5,-11.668,-49.78,28.49
1894.02645,3,4.069,8.806,-0.366,4,0,0.002,0.002,5,-10.947,-48.795,27.936
1894.08413,3,4.082,8.805,-0.341,4,0,0.002,0.003,5,-12.23,-47.813,27.444
1894.14126,3,4.086,8.81,-0.341,4,-0.001,0.002,0.003,5,-11.887,-48.219,26.92
1894.19787,3,4.085,8.804,-0.363,4,-0.001,0.002,0.003,5,-11.967,-48.694,28.802
1894.25454,3,4.091,8.811,-0.326,4,0,0.001,0.003,,,,
1894.31118,3,4.09,8.81,-0.348,4,-0.002,0.001,0.003,5,-12.025,-48.639,27.473
1894.36712,3,4.085,8.811,-0.341,4,-0.001,0.001,0.003,5,-12.32,-49.359,27.359
1894.42242,3,4.089,8.802,-0.329,4,-0.001,0.001,0.004,5,-10.515,-48.157,26.706
1894.47918,3,4.093,8.804,-0.345,4,-0.001,0.001,0.003,,,,
1894.53655,3,4.094,8.802,-0.336,4,-0.001,0.001,0.004,5,-11.493,-47.989,26.72
1894.5942,3,4.091,8.794,-0.336,4,-0.001,0.001,0.003,5,-12.276,-48.935,27.171
1894.65111,3,4.098,8.792,-0.345,4,-0.001,0.001,0.003,,,,
1894.7076,3,4.108,8.788,-0.329,4,-0.001,0.001,0.004,5,-10.77,-49.246,27.637
1894.76418,3,4.112,8.794,-0.336,4,-0.001,0.001,0.003,5,-12.143,-49.261,28.639
1894.82009,3,4.122,8.792,-0.337,4,-0.001,0.001,0.003,5,-12.697,-48.347,28.365
1894.87569,3,4.131,8.794,-0.329,4,0,0.001,0.002,,,,
1894.93316,3,4.143,8.793,-0.34,4,-0.001,0.001,0.002,5,-12.007,-48.16,27.254
1894.98992,3,4.148,8.798,-0.327,4,0,0.001,0.001,5,-11.945,-47.98,29.282
1895.04595,3,4.164,8.808,-0.329,4,-0.001,0,0.001,,,,
1895.10393,3,4.175,8.815,-0.332,4,0,0,0,5,-11.446,-50.081,28.177
1895.15993,3,4.185,8.822,-0.319,4,-0.001,-0.001,-0.001,5,-11.769,-48.099,27.66
1895.21584,3,4.186,8.826,-0.325,4,-0.001,-0.001,-0.002,5,-11.386,-48.685,25.496
1895.27312,3,4.193,8.837,-0.333,4,-0.001,-0.002,-0.004,,,,
1895.32873,3,4.193,8.836,-0.32,4,0,-0.003,-0.004,5,-11.488,-48.035,27.626
1895.38576,3,4.185,8.849,-0.329,4,-0.001,-0.003,-0.005,5,-10.301,-49.048,26.462
1895.44271,3,4.169,8.844,-0.327,4,0.001,-0.004,-0.006,,,,
1895.50045,3,4.16,8.841,-0.325,4,0.001,-0.005,-0.006,5,-10.146,-49.529,25.964
1895.55709,3,4.139,8.84,-0.339,4,0.001,-0.006,-0.007,5,-9.793,-48.94,26.776
1895.6137,3,4.115,8.84,-0.33,4,0.001,-0.006,-0.007,5,-10.684,-49.713,24.571
1895.66958,3,4.099,8.834,-0.337,4,0.001,-0.007,-0.008,,,,
1895.72488,3,4.07,8.823,-0.35,4,0.001,-0.007,-0.008,5,-10.756,-49.187,26.35
1895.7821,3,4.045,8.819,-0.345,4,0.001,-0.007,-0.008,5,-11.331,-47.983,26.451
1895.83996,3,4.012,8.817,-0.351,4,0,-0.006,-0.007,,,,
1895.89596,3,3.982,8.814,-0.356,4,0,-0.006,-0.007,5,-10.539,-50.337,27.251
1895.95202,3,3.973,8.803,-0.348,4,0,-0.005,-0.006,5,-11.25,-48.578,27.898
1896.00994,3,3.964,8.801,-0.357,4,0,-0.003,-0.005,5,-10.226,-49.045,27.048
1896.06655,3,3.967,8.794,-0.352,4,0,-0.002,-0.005,,,,
1896.12316,3,3.968,8.789,-0.353,4,-0.001,-0.001,-0.003,5,-11.128,-48.996,27.599
1896.17913,3,3.975,8.783,-0.359,4,-0.001,0,-0.003,5,-11.183,-48.54,26.396
1896.23452,3,3.974,8.784,-0.351,4,-0.001,0.002,-0.002,5,-11.684,-50.536,27.101
1896.2918,3,3.999,8.783,-0.361,4,-0.002,0.002,-0.001,5,-11.539,-48.291,26.836
1896.34948,3,4.01,8.783,-0.35,4,-0.002,0.003,0,5,-11.472,-48.613,27.429
1896.40545,3,4.022,8.785,-0.344,4,-0.002,0.004,0,5,-11.049,-48.148,27.034
1896.46212,3,4.025,8.793,-0.35,4,-0.002,0.005,0.001,,,,
1896.51928,3,4.05,8.802,-0.345,4,-0.001,0.005,0.001,5,-12.256,-49.074,26.814
1896.57531,3,4.05,8.805,-0.333,4,-0.002,0.005,0.002,5,-11.627,-48.883,26.247
1896.6336,3,4.058,8.81,-0.341,4,-0.002,0.005,0.002,5,-12.987,-49.342,28.525
1896.68941,3,4.068,8.822,-0.323,4,-0.002,0.005,0.002,5,-12.373,-49.396,26.477
1896.74602,3,4.079,8.823,-0.328,4,-0.003,0.005,0.002,5,-11.716,-48.607,28.026
1896.8027,3,4.086,8.827,-0.339,4,-0.003,0.006,0.003,5,-12.517,-48.158,27.081
1896.85943,3,4.089,8.834,-0.321,4,-0.001,0.006,0.003,,,,
1896.91604,3,4.102,8.84,-0.335,4,-0.001,0.006,0.003,5,-11.615,-49.155,27.959
1896.97292,3,4.1,8.843,-0.329,4,-0.001,0.005,0.003,5,-11.516,-48.323,28.119
1897.02935,3,4.099,8.841,-0.325,4,0,0.005,0.003,5,-11.937,-48.711,26.205
1897.08459,3,4.102,8.839,-0.336,4,-0.001,0.005,0.003,5,-10.941,-49.721,26.546
1897.14251,3,4.108,8.841,-0.333,4,0,0.005,0.003,5,-11.838,-48.276,27.788
1897.19915,3,4.099,8.838,-0.341,4,-0.001,0.005,0.003,5,-10.658,-48.663,27.611
1897.25588,3,4.103,8.837,-0.341,4,0,0.005,0.003,,,,
1897.31185,3,4.107,8.837,-0.337,4,0,0.004,0.003,5,-10.913,-50.072,27.625
1897.36709,3,4.103,8.83,-0.351,4,0.001,0.004,0.003,5,-11.076,-50.185,25.873
1897.42373,3,4.104,8.826,-0.349,4,0.001,0.004,0.003,5,-11.354,-49.333,26.405
1897.48098,3,4.108,8.833,-0.343,4,0.001,0.004,0.003,5,-11.15,-48.196,26.796
1897.53863,3,4.117,8.822,-0.337,4,0.001,0.004,0.003,5,-12.868,-48.459,27.008
1897.59502,3,4.116,8.82,-0.344,4,0.001,0.003,0.003,5,-10.641,-47.675,26.433
1897.65209,3,4.121,8.813,-0.337,4,0,0.003,0.002,,,,
1897.7087,3,4.124,8.809,-0.333,4,0.001,0.003,0.003,5,-11.891,-48.708,27.614
1897.76473,3,4.132,8.804,-0.338,4,0,0.003,0.002,5,-11.346,-48.351,27.589
1897.82012,3,4.125,8.798,-0.337,4,0.001,0.002,0.002,5,-11.781,-48.102,27.731
1897.87673,3,4.13,8.794,-0.337,4,0.001,0.002,0.002,,,,
1897.93398,3,4.14,8.794,-0.337,4,0,0.001,0.001,5,-11.343,-48.26,27.589
1897.992,3,4.14,8.788,-0.333,4,0.001,0.001,0.001,5,-13.141,-49.179,28.453
1898.0487,3,4.14,8.794,-0.331,4,0.001,0.001,0.001,,,,
1898.10512,3,4.146,8.791,-0.33,4,0.001,0,0,5,-12.027,-48.875,27.434
1898.16201,3,4.154,8.786,-0.336,4,0.001,0,0,5,-11.615,-48.582,26.898
1898.21828,3,4.151,8.783,-0.329,4,0.001,-0.001,-0.001,5,-13.016,-49.037,27.585
1898.27315,3,4.158,8.778,-0.338,4,0.001,-0.001,-0.002,,,,
1898.33034,3,4.158,8.783,-0.338,4,0.001,-0.002,-0.002,5,-10.127,-49.254,26.456
1898.38821,3,4.15,8.787,-0.337,4,0.001,-0.002,-0.003,5,-12.039,-48.189,27.698
1898.44436,3,4.138,8.787,-0.338,4,0.001,-0.003,-0.004,,,,
1898.50033,3,4.135,8.792,-0.341,4,0.001,-0.003,-0.005,5,-12.329,-48.785,26.505
1898.55831,3,4.126,8.793,-0.345,4,0.001,-0.003,-0.005,5,-11.455,-49.24,27.087
1898.61492,3,4.12,8.793,-0.345,4,0.001,-0.003,-0.006,5,-11.629,-48.012,28.897
1898.67086,3,4.109,8.799,-0.347,4,0.001,-0.003,-0.006,,,,
1898.72613,3,4.105,8.798,-0.348,4,0,-0.004,-0.006,5,-12.741,-48.831,27.168
1898.78356,3,4.103,8.801,-0.345,4,0,-0.004,-0.006,5,-10.609,-48.232,27.89
1898.84173,3,4.093,8.802,-0.352,4,0,-0.004,-0.007,,,,
1898.89825,3,4.093,8.802,-0.351,4,0,-0.004,-0.006,5,-11.769,-49.387,26.877
1898.95464,3,4.085,8.805,-0.355,4,0,-0.004,-0.006,5,-12.386,-49.265,28.273
1899.01128,3,4.079,8.808,-0.35,4,-0.001,-0.004,-0.006,5,-11.961,-48.723,28.368
1899.06731,3,4.066,8.809,-0.35,4,-0.001,-0.004,-0.006,,,,
1899.12255,3,4.068,8.812,-0.353,4,-0.001,-0.004,-0.005,5,-10.57,-49.426,26.294
1899.1798,3,4.061,8.813,-0.347,4,-0.001,-0.004,-0.006,5,-11.67,-49.303,27.164
1899.23763,3,4.052,8.811,-0.353,4,-0.001,-0.003,-0.005,,,,
1899.29433,3,4.045,8.814,-0.353,4,-0.002,-0.003,-0.005,5,-10.707,-48.462,28.444
1899.351,3,4.042,8.809,-0.358,4,-0.003,-0.003,-0.004,5,-11.697,-49.283,28.624
1899.40755,3,4.033,8.813,-0.352,4,-0.003,-0.003,-0.004,5,-10.979,-50.323,27.927
1899.46423,3,4.026,8.815,-0.352,4,-0.005,-0.003,-0.003,,,,
1899.5208,3,4.03,8.817,-0.351,4,-0.005,-0.002,-0.002,5,-12.184,-49.712,27.025
1899.57671,3,4.023,8.817,-0.354,4,-0.005,-0.002,-0.001,5,-11.879,-48.129,27.74
1899.63219,3,4.026,8.822,-0.352,4,-0.005,-0.001,-0.001,5,-10.825,-49.675,26.726
1899.6888,3,4.035,8.826,-0.344,4,-0.005,-0.001,0,5,-11.38,-49.812,28.139
1899.74609,3,4.041,8.826,-0.346,4,-0.006,-0.001,0.001,5,-12.402,-50,27.473
1899.80398,3,4.032,8.824,-0.344,4,-0.006,-0.001,0.002,5,-10.791,-49.156,27.293
1899.86062,3,4.041,8.825,-0.343,4,-0.006,-0.001,0.003,,,,
1899.91659,3,4.047,8.822,-0.342,4,-0.006,-0.001,0.004,5,-10.681,-49.556,27.571
1899.97253,3,4.053,8.828,-0.336,4,-0.006,-0.001,0.004,5,-11.836,-48.759,28.11
1900.02972,3,4.056,8.827,-0.332,4,-0.005,-0.001,0.004,5,-12.119,-48.424,28.775
1900.08523,3,4.065,8.831,-0.331,4,-0.006,-0.001,0.006,5,-11.597,-49.815,26.006
1900.14254,3,4.058,8.838,-0.326,4,-0.005,-0.001,0.006,5,-11.691,-49.898,25.826
1900.20043,3,4.063,8.844,-0.321,4,-0.005,-0.001,0.006,5,-11.115,-50.481,25.514
1900.25701,3,4.07,8.844,-0.324,4,-0.004,-0.001,0.006,,,,
1900.31322,3,4.077,8.845,-0.318,4,-0.004,-0.001,0.007,5,-10.687,-50.13,25.629
1900.3691,3,4.087,8.846,-0.321,4,-0.002,-0.001,0.007,5,-11.18,-49.641,27.844
1900.42702,3,4.093,8.846,-0.325,4,-0.001,-0.002,0.007,5,-10.155,-48.828,25.98
1900.48342,3,4.102,8.841,-0.327,4,-0.001,-0.001,0.008,5,-11.746,-49.802,27.744
1900.54034,3,4.104,8.837,-0.325,4,0,-0.001,0.007,5,-11.533,-49.219,28.238
1900.59692,3,4.108,8.83,-0.334,4,0.001,-0.001,0.007,5,-12.57,-48.892,27.313
1900.65285,3,4.123,8.827,-0.337,4,0,-0.002,0.007,,,,
1900.70882,3,4.125,8.817,-0.335,4,0.001,-0.002,0.007,5,-11.995,-49.17,27.251
1900.7661,3,4.129,8.814,-0.34,4,0.002,-0.002,0.006,5,-11.876,-49.464,26.469
1900.8221,3,4.136,8.809,-0.342,4,0.001,-0.002,0.006,5,-11.987,-49.323,27.145
1900.87951,3,4.136,8.804,-0.348,4,0.004,-0.001,0.006,,,,
1900.93526,3,4.136,8.801,-0.344,4,0.003,-0.001,0.005,5,-12.068,-47.736,27.367
1900.99316,3,4.133,8.798,-0.341,4,0.004,-0.001,0.005,5,-12.442,-49.283,28.317
1901.0499,3,4.136,8.786,-0.346,4,0.003,-0.001,0.004,,,,
1901.10648,3,4.132,8.782,-0.352,4,0.003,-0.001,0.004,5,-11.913,-48.526,28.438
1901.16321,3,4.128,8.781,-0.353,4,0.003,-0.001,0.003,5,-11.209,-48.7,27.951
1901.21915,3,4.136,8.776,-0.357,4,0.003,-0.002,0.002,5,-10.733,-48.094,28.49
1901.27503,3,4.14,8.771,-0.36,4,0.002,-0.001,0.002,,,,
1901.33295,3,4.136,8.771,-0.363,4,0.001,-0.001,0.001,5,-12.041,-47.839,28.096
1901.38968,3,4.134,8.775,-0.358,4,0.001,-0.002,0.001,5,-12.599,-49.483,28.493
1901.44632,3,4.135,8.774,-0.361,4,0,-0.002,0,,,,
1901.50226,3,4.125,8.778,-0.364,4,0,-0.001,0,5,-11.761,-50.253,27.448
1901.55823,3,4.116,8.78,-0.361,4,0,-0.001,-0.001,5,-11.615,-48.764,27.649
1901.61551,3,4.115,8.786,-0.363,4,-0.001,0,-0.002,,,,
1901.67151,3,4.111,8.781,-0.36,4,-0.001,-0.001,-0.002,5,-11.339,-47.963,28.938
1901.72882,3,4.105,8.788,-0.358,4,-0.001,0,-0.003,5,-12.167,-48.584,28.343
1901.78409,3,4.107,8.792,-0.353,4,-0.002,0.001,-0.003,5,-12.285,-49.184,27.058
1901.84137,3,4.115,8.795,-0.352,4,-0.003,0.001,-0.004,5,-11.969,-48.727,27.901
1901.89905,3,4.115,8.791,-0.347,4,-0.003,0.002,-0.004,5,-12.494,-49.376,28.444
1901.95548,3,4.113,8.8,-0.34,4,-0.002,0.002,-0.005,5,-13.072,-48.116,28.247
1902.01267,3,4.12,8.804,-0.335,4,-0.003,0.002,-0.006,,,,
1902.06854,3,4.127,8.805,-0.333,4,-0.002,0.003,-0.006,5,-12.421,-48.738,27.602
1902.12454,3,4.113,8.811,-0.325,4,-0.002,0.003,-0.007,5,-11.617,-48.866,27.696
1902.18256,3,4.12,8.824,-0.326,4,-0.002,0.003,-0.008,5,-12.938,-48.502,27.605
1902.23923,3,4.124,8.83,-0.319,4,-0.002,0.003,-0.008,5,-11.374,-49.002,28.328
1902.29575,3,4.121,8.832,-0.321,4,-0.001,0.003,-0.008,5,-11.508,-49.01,26.411
1902.35223,3,4.119,8.84,-0.321,4,-0.001,0.002,-0.009,5,-10.736,-49.785,27.512
1902.40888,3,4.115,8.846,-0.314,4,0,0.002,-0.009,,,,
1902.46488,3,4.112,8.849,-0.321,4,0,0.001,-0.009,5,-11.818,-49.162,28.772
1902.52023,3,4.098,8.85,-0.324,4,0.001,0.001,-0.01,5,-10.672,-48.987,27.055
1902.57709,3,4.089,8.85,-0.324,4,0.002,0,-0.01,5,-11.153,-48.894,26.649
1902.63452,3,4.071,8.843,-0.326,4,0.003,0,-0.009,5,-10.6,-48.68,28.636
1902.69205,3,4.046,8.836,-0.341,4,0.003,0,-0.009,5,-11.903,-48.473,26.752
1902.74869,3,4.02,8.829,-0.346,4,0.004,0,-0.008,5,-10.875,-48.337,27.347
1902.8053,3,3.999,8.831,-0.356,4,0.004,0,-0.007,,,,
1902.8613,3,3.977,8.824,-0.357,4,0.004,0.001,-0.007,5,-11.047,-48.097,27.295
1902.91663,3,3.967,8.821,-0.351,4,0.003,0.001,-0.006,5,-12.073,-47.389,26.918
1902.97327,3,3.963,8.823,-0.36,4,0.004,0.002,-0.005,5,-11.624,-49.304,28.918
1903.03052,3,3.962,8.817,-0.351,4,0.003,0.003,-0.004,5,-11.539,-49.738,28.442
1903.08847,3,3.96,8.822,-0.36,4,0.003,0.004,-0.002,5,-10.576,-48.834,25.737
1903.14511,3,3.963,8.818,-0.349,4,0.002,0.006,-0.002,5,-10.101,-48.715,27.313
1903.20163,3,3.974,8.818,-0.355,4,0.002,0.006,0,,,,
1903.2583,3,3.984,8.821,-0.356,4,0.002,0.007,0.001,5,-11.057,-49.725,26.259
1903.31439,3,3.991,8.812,-0.353,4,0.002,0.008,0.002,5,-9.344,-49.316,26.306
1903.36966,3,4.003,8.815,-0.354,4,0.001,0.009,0.003,5,-10.71,-49.611,25.696
1903.4263,3,4.013,8.816,-0.355,4,0.001,0.009,0.004,,,,
1903.48291,3,4.021,8.821,-0.346,4,0,0.01,0.004,5,-10.799,-48.497,27.625
1903.54022,3,4.033,8.823,-0.347,4,0.001,0.01,0.005,5,-11.717,-48.106,27.469
1903.59818,3,4.045,8.826,-0.337,4,0.001,0.01,0.006,,,,
1903.65482,3,4.052,8.83,-0.338,4,0.001,0.011,0.007,5,-11.084,-49.142,27.733
1903.71143,3,4.063,8.828,-0.331,4,0.001,0.011,0.008,5,-11.934,-49.17,26.903
1903.76749,3,4.071,8.831,-0.326,4,0,0.01,0.008,5,-11.168,-48.431,27.422
1903.82309,3,4.082,8.837,-0.326,4,0.001,0.011,0.008,,,,
1903.87967,3,4.1,8.841,-0.318,4,0.002,0.01,0.009,5,-12.317,-49.097,27.785
1903.93732,3,4.111,8.849,-0.31,4,0.003,0.01,0.009,5,-11.807,-48.543,27.196
1903.9946,3,4.113,8.853,-0.309,4,0.003,0.009,0.009,,,,
1904.05054,3,4.13,8.856,-0.314,4,0.004,0.009,0.009,5,-12.009,-48.019,27.881
1904.10645,3,4.147,8.849,-0.309,4,0.005,0.008,0.009,5,-13.573,-49.149,27.01
1904.1637,3,4.156,8.846,-0.314,4,0.006,0.007,0.009,5,-11.914,-48.222,27.008
1904.2197,3,4.161,8.844,-0.318,4,0.007,0.007,0.009,,,,
1904.27695,3,4.167,8.84,-0.321,4,0.007,0.006,0.008,5,-10.976,-50,27.899
1904.33292,3,4.174,8.829,-0.329,4,0.008,0.005,0.007,5,-11.264,-48.318,27.211
1904.39084,3,4.171,8.818,-0.332,4,0.008,0.004,0.007,,,,
1904.44763,3,4.177,8.807,-0.336,4,0.009,0.004,0.005,5,-12.654,-47.437,26.889
1904.50421,3,4.179,8.799,-0.349,4,0.009,0.003,0.005,5,-11.548,-48.535,27.629
1904.56085,3,4.174,8.787,-0.352,4,0.009,0.003,0.004,5,-12.12,-49.443,26.947
1904.61682,3,4.173,8.774,-0.361,4,0.009,0.002,0.003,,,,
1904.67279,3,4.167,8.772,-0.368,4,0.008,0.002,0.002,5,-13.113,-47.905,25.621
1904.73081,3,4.165,8.765,-0.366,4,0.008,0.002,0.001,5,-12.039,-48.563,27.733
1904.78735,3,4.158,8.753,-0.372,4,0.006,0.002,0,,,,
1904.84403,3,4.15,8.743,-0.378,4,0.006,0.002,0,5,-11.696,-48.991,28.917
1904.90067,3,4.143,8.743,-0.376,4,0.005,0.002,-0.001,5,-12.495,-48.051,27.338
1904.95725,3,4.143,8.735,-0.376,4,0.004,0.002,-0.002,5,-11.908,-48.636,26.767
1905.01321,3,4.137,8.735,-0.38,4,0.003,0.002,-0.003,,,,
1905.06915,3,4.129,8.734,-0.37,4,0.002,0.002,-0.004,5,-12.447,-49.338,26.859
1905.12644,3,4.124,8.732,-0.372,4,0.001,0.002,-0.005,5,-12.117,-48.885,27.382
1905.18176,3,4.123,8.729,-0.363,4,-0.001,0.003,-0.006,5,-11.914,-48.457,27.736
1905.23908,3,4.111,8.741,-0.361,4,-0.001,0.003,-0.007,5,-11.523,-48.882,26.718
1905.297,3,4.118,8.746,-0.368,4,-0.002,0.003,-0.007,5,-11.713,-49.08,27.388
1905.35358,3,4.104,8.766,-0.325,4,-0.003,0.003,-0.008,5,-11.729,-48.943,27.316
1905.41034,3,4.103,8.778,-0.341,4,-0.004,0.003,-0.009,,,,
1905.46625,3,4.123,8.792,-0.354,4,-0.005,0.003,-0.009,5,-12.151,-48.903,27.347
1905.52206,3,4.129,8.805,-0.337,4,-0.005,0.003,-0.01,5,-12.109,-49.254,27.666
1905.5799,3,4.126,8.818,-0.328,4,-0.004,0.003,-0.01,5,-10.649,-48.94,27.412
1905.63611,3,4.097,8.839,-0.324,4,-0.004,0.003,-0.01,5,-11.723,-49.623,28.313
1905.69223,3,4.09,8.852,-0.317,4,-0.004,0.002,-0.01,5,-11.725,-49.942,27.377
1905.74997,3,4.088,8.861,-0.315,4,-0.003,0.002,-0.01,5,-12.045,-48.299,28.372
1905.80655,3,4.088,8.861,-0.309,4,-0.003,0.002,-0.01,,,,
1905.86319,3,4.074,8.877,-0.309,4,-0.002,0.001,-0.009,5,-11.668,-49.016,25.888
1905.91916,3,4.064,8.874,-0.309,4,-0.002,0.001,-0.009,5,-11.566,-49.232,27.321
1905.9751,3,4.065,8.867,-0.311,4,-0.001,0.001,-0.008,5,-11.589,-49.184,27.591
1906.03299,3,4.065,8.865,-0.306,4,0,0,-0.007,5,-10.535,-49.422,28.059
1906.08972,3,4.057,8.869,-0.314,4,0,0,-0.007,5,-11.574,-49.512,27.597
1906.14615,3,4.048,8.866,-0.314,4,0.002,0,-0.006,5,-11.409,-50.552,26.109
1906.20291,3,4.041,8.856,-0.319,4,0.002,0,-0.005,,,,
1906.25949,3,4.03,8.849,-0.331,4,0.002,-0.001,-0.004,5,-10.803,-50.426,26.968
1906.31616,3,4.025,8.845,-0.335,4,0.002,-0.001,-0.003,5,-10.88,-49.213,26.651
1906.3721,3,4.009,8.835,-0.338,4,0.003,-0.001,-0.003,5,-10.457,-50.415,26.344
1906.42813,3,4.004,8.836,-0.342,4,0.003,-0.001,-0.001,5,-11.366,-49.532,25.511
1906.48602,3,4.006,8.829,-0.345,4,0.002,0,0,5,-11.673,-48.18,27.873
1906.54279,3,3.999,8.823,-0.352,4,0.002,-0.001,0,5,-12.619,-48.723,27.495
1906.5994,3,4.002,8.817,-0.349,4,0.002,0,0.002,,,,
1906.65598,3,4.003,8.814,-0.349,4,0.001,0,0.003,5,-11.047,-49.135,27.315
1906.71259,3,4.016,8.815,-0.356,4,0.001,0,0.004,5,-10.736,-49.38,27.711
1906.76926,3,4.02,8.814,-0.341,4,0,0,0.005,5,-10.402,-50.121,27.04
1906.82532,3,4.033,8.811,-0.345,4,0,0,0.005,,,,
1906.88129,3,4.047,8.811,-0.349,4,0,0,0.007,5,-11.923,-48.074,27.533
1906.93921,3,4.051,8.814,-0.339,4,0,0,0.008,5,-12.001,-49.049,27.792
1906.99585,3,4.041,8.818,-0.335,4,-0.001,-0.001,0.008,,,,
1907.05252,3,4.044,8.82,-0.333,4,-0.001,-0.001,0.008,5,-10.425,-49.931,26.875
1907.10886,3,4.051,8.815,-0.321,4,-0.001,-0.001,0.009,5,-12.047,-48.373,27.419
1907.1651,3,4.057,8.815,-0.338,4,-0.001,-0.001,0.009,5,-12.405,-48.721,27.708
1907.22037,3,4.069,8.812,-0.332,4,0,-0.001,0.01,,,,
1907.27698,3,4.074,8.818,-0.333,4,0,0,0.01,5,-12.64,-49.512,27.318
1907.3342,3,4.087,8.814,-0.334,4,0,0,0.01,5,-11.533,-49.109,28.581
1907.39203,3,4.091,8.807,-0.335,4,0,0,0.01,,,,
1907.44809,3,4.1,8.811,-0.336,4,-0.001,0,0.01,5,-11.78,-48.145,27.232
1907.50351,3,4.107,8.808,-0.335,4,-0.001,0,0.01,5,-11.496,-48.416,26.37
1907.56012,3,4.122,8.798,-0.333,4,0,0,0.01,5,-11.926,-48.001,27.223
1907.61737,3,4.132,8.796,-0.341,4,0,0,0.01,,,,
1907.6752,3,4.141,8.79,-0.342,4,0,-0.001,0.009,5,-10.736,-49.538,27.185
1907.73178,3,4.144,8.793,-0.341,4,0,-0.001,0.009,5,-11.504,-48.538,27.301
1907.78854,3,4.152,8.79,-0.341,4,0,-0.001,0.008,,,,
1907.84512,3,4.168,8.789,-0.341,4,-0.001,-0.001,0.007,5,-10.776,-47.868,27.042
1907.90176,3,4.175,8.789,-0.338,4,-0.001,-0.001,0.007,5,-12.029,-48.967,27.252
1907.95816,3,4.179,8.788,-0.338,4,-0.001,-0.002,0.006,5,-11.89,-48.01,27.359
1908.01386,3,4.176,8.794,-0.329,4,-0.002,-0.002,0.004,,,,
1908.06979,3,4.175,8.797,-0.331,4,-0.002,-0.003,0.003,5,-10.988,-47.89,28.297
1908.1264,3,4.181,8.791,-0.336,4,-0.001,-0.003,0.002,5,-11.641,-48.985,27.18
1908.18366,3,4.168,8.796,-0.333,4,-0.001,-0.003,0.001,,,,
1908.24155,3,4.17,8.794,-0.33,4,-0.001,-0.003,0,5,-11.841,-47.823,26.413
1908.29819,3,4.17,8.794,-0.334,4,-0.001,-0.004,-0.001,5,-11.984,-48.099,27.936
1908.35486,3,4.168,8.793,-0.333,4,-0.001,-0.004,-0.003,5,-11.24,-48.921,26.854
1908.41159,3,4.16,8.792,-0.332,4,-0.002,-0.004,-0.003,,,,
1908.46768,3,4.159,8.793,-0.329,4,-0.002,-0.004,-0.005,5,-10.942,-48.988,28.34
1908.52283,3,4.163,8.79,-0.329,4,-0.002,-0.005,-0.005,5,-12.335,-48.914,28.343
1908.57944,3,4.147,8.796,-0.331,4,-0.001,-0.005,-0.007,5,-12.251,-49.167,28.343
1908.63666,3,4.152,8.798,-0.339,4,-0.001,-0.005,-0.008,5,-13.033,-47.841,26.743
1908.69455,3,4.143,8.804,-0.336,4,-0.001,-0.005,-0.008,5,-11.377,-47.43,27.512
1908.75116,3,4.12,8.81,-0.334,4,-0.001,-0.005,-0.009,5,-10.667,-50.331,26.622
1908.80771,3,4.094,8.82,-0.335,4,-0.001,-0.005,-0.01,,,,
1908.86377,3,4.061,8.828,-0.345,4,-0.001,-0.005,-0.01,5,-10.498,-49.168,26.031
1908.91922,3,4.033,8.839,-0.346,4,0,-0.005,-0.011,5,-10.773,-49.551,26.346
1908.97583,3,4.002,8.846,-0.346,4,-0.001,-0.004,-0.011,5,-11.116,-50.061,25.912
1909.03311,3,3.982,8.849,-0.349,4,-0.001,-0.003,-0.01,5,-9.399,-50.787,25.163
1909.09103,3,3.972,8.851,-0.345,4,0,-0.001,-0.01,5,-10.599,-49.37,26.588
1909.14752,3,3.958,8.861,-0.349,4,0,0.001,-0.009,5,-10.406,-49.055,26.953
1909.20432,3,3.942,8.866,-0.343,4,0,0.002,-0.009,,,,
1909.26123,3,3.941,8.857,-0.341,4,0.001,0.004,-0.008,5,-11.913,-49.709,27.705
1909.31696,3,3.948,8.864,-0.344,4,0.002,0.006,-0.006,5,-11.993,-48.904,27.637
1909.37222,3,3.96,8.857,-0.335,4,0.002,0.008,-0.006,5,-12.292,-49.942,28.342
1909.42935,3,3.978,8.853,-0.335,4,0.002,0.009,-0.004,5,-12.032,-49.075,27.971
1909.48709,3,3.99,8.856,-0.333,4,0.003,0.01,-0.004,5,-10.852,-48.042,27.429
1909.54395,3,4.011,8.845,-0.324,4,0.003,0.012,-0.003,5,-10.802,-47.954,26.724
1909.6005,3,4.014,8.843,-0.321,4,0.004,0.012,-0.002,,,,
1909.6572,3,4.04,8.834,-0.318,4,0.005,0.013,-0.001,5,-10.19,-48.82,26.649
1909.71384,3,4.042,8.837,-0.316,4,0.004,0.013,0,5,-11.311,-48.856,26.392
1909.76975,3,4.052,8.841,-0.318,4,0.005,0.013,0,5,-11.562,-48.973,27.446
1909.82526,3,4.05,8.843,-0.313,4,0.006,0.013,0.001,,,,
1909.88187,3,4.055,8.844,-0.315,4,0.006,0.013,0.001,5,-11.971,-48.833,28.343
1909.93915,3,4.053,8.844,-0.313,4,0.007,0.012,0.002,5,-11.984,-49.287,28.342
1909.99707,3,4.057,8.837,-0.313,4,0.009,0.012,0.002,,,,
1910.05374,3,4.057,8.841,-0.321,4,0.009,0.012,0.003,5,-9.959,-49.185,26.849
1910.11072,3,4.054,8.834,-0.321,4,0.009,0.012,0.004,5,-11.34,-48.262,26.857
1910.16724,3,4.057,8.83,-0.329,4,0.01,0.012,0.004,5,-11.804,-48.816,27.612
1910.22302,3,4.052,8.824,-0.333,4,0.01,0.012,0.004,,,,
1910.27884,3,4.051,8.809,-0.339,4,0.01,0.012,0.005,5,-11.761,-48.163,27.971
1910.33673,3,4.052,8.806,-0.345,4,0.01,0.012,0.005,5,-10.808,-48.061,28.049
1910.39359,3,4.052,8.79,-0.357,4,0.01,0.013,0.005,,,,
1910.4502,3,4.068,8.774,-0.36,4,0.01,0.013,0.005,5,-11.583,-48.711,28.937
1910.50684,3,4.08,8.775,-0.356,4,0.009,0.013,0.005,5,-11.159,-48.39,28.195
1910.56342,3,4.107,8.77,-0.361,4,0.008,0.013,0.005,5,-11.238,-47.292,28.16
1910.61935,3,4.115,8.767,-0.37,4,0.007,0.013,0.005,,,,
1910.67468,3,4.127,8.762,-0.366,4,0.006,0.013,0.005,5,-11.618,-47.69,27.676
1910.73169,3,4.135,8.771,-0.368,4,0.005,0.013,0.005,5,-12.476,-47.89,28.088
1910.78937,3,4.136,8.772,-0.364,4,0.005,0.013,0.005,,,,
1910.84592,3,4.136,8.784,-0.36,4,0.003,0.012,0.004,5,-10.989,-48.148,27.638
1910.90186,3,4.137,8.793,-0.352,4,0.002,0.011,0.004,5,-11.768,-47.581,28.172
1910.95984,3,4.136,8.799,-0.346,4,0.002,0.011,0.004,5,-11.354,-48.598,28.008
1911.01647,3,4.147,8.798,-0.333,4,0.001,0.01,0.003,,,,
1911.07311,3,4.166,8.796,-0.325,4,0.001,0.01,0.003,5,-11.655,-48.013,27.847
1911.12991,3,4.183,8.803,-0.324,4,0.001,0.009,0.003,5,-11.15,-48.21,27.005
1911.18636,3,4.193,8.798,-0.32,4,0,0.008,0.003,,,,
1911.24224,3,4.194,8.802,-0.315,4,0.001,0.006,0.002,5,-12.029,-48.151,25.664
1911.29824,3,4.202,8.804,-0.306,4,0.001,0.005,0.002,5,-11.87,-48.654,27.533
1911.35622,3,4.196,8.807,-0.312,4,0.001,0.004,0.001,5,-12.549,-47.954,27.487
1911.41296,3,4.195,8.801,-0.312,4,0.002,0.002,0.001,,,,
1911.46972,3,4.19,8.808,-0.312,4,0.002,0.001,0,5,-13.045,-50.432,27.478
1911.52541,3,4.177,8.809,-0.32,4,0.003,-0.001,0,5,-12.172,-48.219,27.275
1911.58141,3,4.18,8.809,-0.324,4,0.003,-0.002,-0.001,5,-12.35,-48.514,27.625
1911.63937,3,4.168,8.799,-0.329,4,0.004,-0.003,-0.002,5,-11.714,-49.336,28.543
1911.6953,3,4.156,8.801,-0.335,4,0.004,-0.004,-0.002,5,-12.042,-49.117,27.475
1911.75127,3,4.15,8.798,-0.339,4,0.004,-0.004,-0.003,5,-11.53,-48.302,27.754
1911.80926,3,4.138,8.79,-0.344,4,0.004,-0.004,-0.003,,,,
1911.8659,3,4.135,8.782,-0.355,4,0.004,-0.005,-0.004,5,-12.059,-49.043,25.903
1911.92171,3,4.12,8.773,-0.358,4,0.003,-0.005,-0.005,5,-11.966,-48.854,26.709
1911.9771,3,4.11,8.768,-0.372,4,0.003,-0.006,-0.005,5,-10.875,-49.077,26.48
1912.03436,3,4.093,8.759,-0.373,4,0.002,-0.005,-0.005,5,-11.771,-49.016,27.385
1912.09225,3,4.098,8.75,-0.382,4,0.002,-0.006,-0.006,5,-10.631,-49.113,25.687
1912.14864,3,4.1,8.759,-0.367,4,0.001,-0.005,-0.006,5,-10.756,-49.625,26.224
1912.20486,3,4.087,8.764,-0.374,4,-0.002,-0.005,-0.006,,,,
1912.26153,3,4.088,8.759,-0.378,4,-0.002,-0.005,-0.006,5,-10.753,-48.482,26.08
1912.31753,3,4.065,8.765,-0.372,4,-0.003,-0.005,-0.006,5,-11.641,-49.246,26.637
1912.37478,3,4.062,8.787,-0.369,4,-0.005,-0.005,-0.007,5,-11.18,-48.921,26.534
1912.43066,3,4.049,8.79,-0.366,4,-0.005,-0.005,-0.006,5,-12.393,-48.708,28.552
1912.48843,3,4.049,8.798,-0.356,4,-0.006,-0.004,-0.006,5,-12.318,-48.763,27.426
1912.54525,3,4.041,8.809,-0.36,4,-0.007,-0.004,-0.006,5,-11.18,-48.92,27.803
1912.60195,3,4.037,8.822,-0.344,4,-0.008,-0.003,-0.005,,,,
1912.65823,3,4.036,8.833,-0.341,4,-0.008,-0.004,-0.004,5,-11.317,-49.417,26.944
1912.71386,3,4.043,8.839,-0.337,4,-0.008,-0.003,-0.003,5,-10.994,-48,27.684
1912.77053,3,4.041,8.854,-0.321,4,-0.007,-0.003,-0.002,5,-11.33,-47.804,27.831
1912.82839,3,4.049,8.857,-0.322,4,-0.008,-0.003,-0.002,5,-10.545,-48.911,27.095
1912.88506,3,4.054,8.865,-0.311,4,-0.007,-0.003,-0.001,5,-11.646,-49.345,27.571
1912.9417,3,4.047,8.874,-0.313,4,-0.007,-0.003,-0.001,5,-11.04,-49.109,27.841
1912.99831,3,4.053,8.863,-0.308,4,-0.006,-0.004,0,,,,
1913.05483,3,4.063,8.868,-0.308,4,-0.005,-0.005,0.001,5,-10.564,-50.354,27.773
1913.11077,3,4.077,8.873,-0.31,4,-0.003,-0.004,0.001,5,-11.938,-49.141,27.655
1913.16631,3,4.077,8.871,-0.313,4,-0.003,-0.005,0.002,5,-10.928,-49.153,27.15
1913.22292,3,4.076,8.864,-0.307,4,-0.002,-0.005,0.002,,,,
1913.27993,3,4.067,8.863,-0.31,4,-0.001,-0.006,0.003,5,-12.073,-48.117,28.149
1913.33767,3,4.072,8.857,-0.318,4,-0.001,-0.007,0.004,5,-11.502,-49.071,27.321
1913.39486,3,4.077,8.851,-0.321,4,0.001,-0.007,0.004,,,,
1913.45147,3,4.072,8.833,-0.33,4,0.001,-0.007,0.004,5,-10.066,-49.13,26.472
1913.50808,3,4.074,8.833,-0.334,4,0.002,-0.008,0.005,5,-11.317,-47.981,26.875
1913.56402,3,4.077,8.822,-0.348,4,0.003,-0.008,0.005,5,-10.609,-48.143,26.245
1913.61932,3,4.068,8.816,-0.344,4,0.003,-0.008,0.006,,,,
1913.67596,3,4.053,8.826,-0.345,4,0.002,-0.008,0.006,5,-11.816,-48.291,27.353
1913.73327,3,4.024,8.828,-0.359,4,0.002,-0.008,0.006,5,-11.749,-47.728,27.37
1913.79134,3,4.015,8.84,-0.359,4,0.002,-0.007,0.006,,,,
1913.84795,3,4.003,8.84,-0.368,4,0.002,-0.006,0.007,5,-12.141,-49.44,27.353
1913.90432,3,4,8.845,-0.357,4,0.002,-0.005,0.008,5,-11.563,-48.36,28.014
1913.96099,3,4.008,8.833,-0.347,4,0.002,-0.004,0.008,5,-10.333,-49.544,26.48
1914.01702,3,4.022,8.823,-0.348,4,0.003,-0.003,0.009,,,,
1914.07235,3,4.045,8.817,-0.347,4,0.002,-0.001,0.009,5,-10.902,-50.455,26.126
1914.12896,3,4.072,8.807,-0.345,4,0.002,0,0.01,5,-11.475,-48.672,26.804
1914.1856,3,4.085,8.783,-0.391,4,0.002,0.001,0.01,,,,
1914.24221,3,4.113,8.779,-0.323,4,0.002,0.001,0.009,5,-12.442,-48.409,28.047
1914.29952,3,4.133,8.774,-0.301,4,0.001,0.002,0.008,5,-11.285,-48.111,27.913
1914.35741,3,4.144,8.77,-0.405,4,-0.001,0.003,0.007,5,-11.665,-49.171,27.397
1914.41396,3,4.16,8.774,-0.374,4,0.001,0.003,0.006,,,,
1914.47042,3,4.161,8.772,-0.318,4,0,0.003,0.005,5,-11.71,-47.124,27.908
1914.52639,3,4.152,8.784,-0.342,4,0,0.003,0.004,5,-11.833,-49.634,27.759
1914.58266,3,4.175,8.768,-0.353,4,0.001,0.004,0.002,,,,
1914.64056,3,4.215,8.756,-0.348,4,0,0.004,0,5,-11.946,-49.545,27.107
1914.69714,3,4.22,8.756,-0.38,4,-0.001,0.003,-0.002,5,-12.691,-48.911,28.13
1914.75378,3,4.219,8.759,-0.332,4,0,0.003,-0.004,5,-11.465,-48.242,27.859
1914.81039,3,4.19,8.769,-0.356,4,-0.001,0.003,-0.006,,,,
1914.86703,3,4.171,8.781,-0.345,4,0,0.003,-0.009,5,-11.642,-49.272,27.762
1914.923,3,4.128,8.784,-0.311,4,0,0.002,-0.01,5,-11.568,-48.74,28.056
1914.97897,3,4.116,8.786,-0.348,4,-0.001,0.001,-0.012,5,-11.574,-48.773,26.184
1915.03677,3,4.075,8.795,-0.341,4,-0.001,0.002,-0.013,5,-12.459,-49.727,27.428
1915.09341,3,4.074,8.798,-0.357,4,-0.001,0.002,-0.014,5,-11.833,-49.055,28.02
1915.15014,3,4.066,8.794,-0.376,4,-0.002,0.002,-0.014,5,-11.966,-49.068,26.355
1915.20678,3,4.047,8.8,-0.371,4,0,0.003,-0.015,,,,
1915.26339,3,4.022,8.812,-0.361,4,-0.001,0.003,-0.014,5,-11.827,-49.284,26.805
1915.31942,3,4.01,8.828,-0.368,4,-0.001,0.004,-0.015,5,-12.401,-48.695,27.097
1915.37478,3,3.998,8.838,-0.344,4,-0.002,0.004,-0.014,5,-11.89,-48.277,27.664
1915.43206,3,3.974,8.853,-0.345,4,-0.002,0.005,-0.014,5,-10.875,-48.357,27.397
1915.48995,3,3.96,8.858,-0.345,4,-0.001,0.005,-0.013,5,-11.382,-48.389,27.016
1915.54659,3,3.974,8.863,-0.328,4,-0.001,0.006,-0.012,5,-10.631,-47.859,26.88
1915.6032,3,3.985,8.868,-0.334,4,0,0.007,-0.011,,,,
1915.65972,3,4.002,8.871,-0.334,4,0.001,0.007,-0.01,5,-11.11,-48.576,27.359
1915.71642,3,4.006,8.869,-0.298,4,0.002,0.007,-0.009,5,-11.678,-49.48,27.885
1915.77242,3,3.992,8.875,-0.317,4,0.001,0.007,-0.009,5,-10.645,-50.076,27.328
1915.82842,3,4.006,8.873,-0.294,4,0.002,0.007,-0.007,5,-11.566,-49.158,27.69
1915.88622,3,4.006,8.871,-0.32,4,0.002,0.006,-0.006,5,-11.267,-49.358,26.608
1915.94289,3,4.007,8.875,-0.317,4,0.003,0.006,-0.005,5,-11.671,-48.065,28.073
1915.99956,3,3.991,8.88,-0.326,4,0.004,0.006,-0.004,,,,
1916.05624,3,4.002,8.883,-0.34,4,0.004,0.005,-0.003,5,-10.799,-49.591,27.628
1916.11224,3,4.002,8.889,-0.333,4,0.005,0.005,-0.001,5,-10.957,-48.28,26.924
1916.16833,3,4.001,8.886,-0.344,4,0.004,0.005,0,5,-12.306,-49.748,27.84
1916.2257,3,4.005,8.883,-0.342,4,0.005,0.004,0.002,,,,
1916.28149,3,3.998,8.897,-0.356,4,0.004,0.004,0.002,5,-11.569,-48.395,26.434
1916.33913,3,4.028,8.879,-0.336,4,0.006,0.004,0.004,5,-12.065,-49.918,26.59
1916.39547,3,4.034,8.882,-0.298,4,0.007,0.004,0.005,,,,
1916.45205,3,4.009,8.871,-0.324,4,0.005,0.004,0.007,5,-10.539,-48.701,27.477
1916.50799,3,4.026,8.862,-0.38,4,0.006,0.003,0.007,5,-11.337,-48.854,27.338
1916.56533,3,4.054,8.855,-0.327,4,0.007,0.003,0.008,5,-11.678,-48.984,27.327
1916.6206,3,4.047,8.843,-0.329,4,0.007,0.004,0.009,,,,
1916.67757,3,4.043,8.836,-0.375,4,0.006,0.003,0.009,5,-11.989,-47.891,27.657
1916.73544,3,4.056,8.817,-0.329,4,0.007,0.004,0.009,5,-12.082,-48.598,27.687
1916.79281,3,4.077,8.802,-0.375,4,0.005,0.003,0.009,,,,
1916.84911,3,4.08,8.794,-0.363,4,0.006,0.003,0.01,5,-11.015,-49.419,27.663
1916.90575,3,4.075,8.785,-0.353,4,0.005,0.003,0.009,5,-10.614,-49.277,26.657
1916.96236,3,4.071,8.784,-0.384,4,0.004,0.003,0.009,5,-10.619,-49.522,25.269
1917.01833,3,4.079,8.778,-0.359,4,0.003,0.004,0.009,,,,
1917.07372,3,4.077,8.785,-0.353,4,0.002,0.004,0.009,5,-11.136,-49.232,26.79
1917.13119,3,4.079,8.783,-0.361,4,0.002,0.004,0.008,5,-11.363,-49.156,27.475
1917.18893,3,4.087,8.779,-0.35,4,0.002,0.004,0.008,,,,
1917.24554,3,4.089,8.781,-0.35,4,0,0.004,0.008,5,-11.162,-48.172,27.638
1917.30215,3,4.095,8.785,-0.355,4,0,0.004,0.008,5,-11.955,-49.051,27.969
1917.35873,3,4.097,8.786,-0.333,4,0,0.004,0.007,5,-11.343,-47.928,28.047
1917.4147,3,4.119,8.785,-0.352,4,0,0.004,0.007,,,,
1917.47002,3,4.128,8.791,-0.34,4,0,0.003,0.007,5,-11.821,-48.044,28.555
1917.527,3,4.136,8.791,-0.333,4,0,0.003,0.006,5,-9.843,-47.675,27.617
1917.58401,3,4.14,8.799,-0.347,4,0,0.003,0.005,,,,
1917.64053,3,4.15,8.799,-0.33,4,0,0.002,0.004,5,-11.562,-48.965,28.375
1917.69851,3,4.148,8.801,-0.331,4,-0.001,0.002,0.003,5,-11.281,-49.133,27.214
1917.75451,3,4.156,8.808,-0.34,4,0,0.002,0.002,5,-11.418,-48.874,26.993
1917.80978,3,4.16,8.811,-0.323,4,0.001,0.001,0.002,,,,
1917.86642,3,4.152,8.812,-0.334,4,0,0,0.001,5,-11.717,-48.093,27.557
1917.92303,3,4.151,8.811,-0.333,4,0.001,0.001,0,5,-10.88,-48.497,27.229
1917.98037,3,4.148,8.818,-0.324,4,0.001,0,-0.001,5,-11.734,-48.718,28.247
1918.03838,3,4.151,8.818,-0.339,4,0.001,-0.001,-0.002,5,-11.671,-48.293,27.469
1918.09487,3,4.138,8.816,-0.332,4,0.002,-0.001,-0.003,5,-11.308,-49.055,28.151
1918.15151,3,4.136,8.813,-0.329,4,0.002,-0.002,-0.004,5,-11.528,-49.628,27.736
1918.20754,3,4.132,8.814,-0.339,4,0.001,-0.002,-0.004,,,,
1918.26315,3,4.123,8.804,-0.335,4,0.002,-0.002,-0.005,5,-11.453,-49.155,26.422
1918.31945,3,4.108,8.799,-0.339,4,0.002,-0.003,-0.006,5,-10.994,-49.213,27.444
1918.37667,3,4.097,8.798,-0.348,4,0.002,-0.002,-0.007,5,-11.52,-48.45,28.21
1918.43456,3,4.081,8.798,-0.345,4,0.001,-0.003,-0.007,5,-12.482,-48.389,27.672
1918.4912,3,4.073,8.794,-0.347,4,0.002,-0.002,-0.008,5,-12.526,-49.327,27.393
1918.54784,3,4.073,8.786,-0.356,4,0.001,-0.002,-0.008,5,-10.893,-49.611,26.826
1918.60448,3,4.056,8.787,-0.352,4,0.001,-0.002,-0.008,,,,
1918.661,3,4.064,8.79,-0.364,4,0,-0.002,-0.008,5,-11.063,-48.062,27.373
1918.71688,3,4.052,8.787,-0.353,4,-0.001,-0.001,-0.009,5,-12.363,-48.97,28.114
1918.77245,3,4.055,8.782,-0.349,4,-0.001,-0.001,-0.009,5,-11.452,-49.147,27.388
1918.82973,3,4.053,8.791,-0.348,4,-0.002,-0.001,-0.009,5,-11.464,-47.887,29.024
1918.88769,3,4.045,8.79,-0.347,4,-0.002,-0.001,-0.009,5,-11.737,-48.857,27.312
1918.94427,3,4.04,8.796,-0.35,4,-0.003,0,-0.009,5,-10.719,-48.325,26.706
1919.00085,3,4.037,8.795,-0.344,4,-0.003,0,-0.009,,,,
1919.05755,3,4.039,8.802,-0.332,4,-0.004,0,-0.008,5,-12.103,-49.158,27.036
1919.11413,3,4.037,8.818,-0.337,4,-0.005,0,-0.008,5,-12.43,-48.885,26.707
1919.1701,3,4.03,8.825,-0.327,4,-0.005,-0.001,-0.008,5,-10.608,-48.811,26.878
1919.22613,3,4.03,8.842,-0.325,4,-0.004,-0.001,-0.007,5,-11.938,-49.367,27.777
1919.28399,3,4.03,8.852,-0.325,4,-0.004,-0.001,-0.006,5,-11.217,-49.005,27.08
1919.34057,3,4.022,8.864,-0.318,4,-0.004,-0.001,-0.005,5,-10.77,-49.504,25.769
1919.39736,3,4.026,8.874,-0.317,4,-0.004,-0.002,-0.005,,,,
1919.45403,3,4.015,8.885,-0.314,4,-0.004,-0.002,-0.004,5,-10.98,-50.507,26.208
1919.50997,3,4.011,8.883,-0.318,4,-0.003,-0.002,-0.003,5,-10.635,-49.945,25.739
1919.56594,3,4.012,8.895,-0.309,4,-0.002,-0.002,-0.002,5,-8.894,-49.475,25.76
1919.62328,3,4.009,8.9,-0.317,4,-0.002,-0.002,-0.001,,,,
1919.67849,3,4.006,8.901,-0.303,4,-0.001,-0.003,0,5,-10.654,-48.093,28.046
1919.73583,3,4.004,8.909,-0.306,4,-0.001,-0.003,0.001,5,-10.794,-49.309,27.472
1919.79314,3,4.006,8.906,-0.319,4,-0.001,-0.003,0.001,,,,
1919.84905,3,4.008,8.901,-0.309,4,0,-0.003,0.003,5,-11.516,-48.912,27.306
1919.907,3,4.011,8.896,-0.317,4,0.001,-0.003,0.004,5,-11.24,-49.747,27.963
1919.963,3,4.006,8.895,-0.318,4,0.002,-0.003,0.005,5,-11.913,-48.497,27.032
1920.0183,3,4.018,8.884,-0.311,4,0.003,-0.003,0.006,,,,
1920.07491,3,4.008,8.881,-0.322,4,0.003,-0.004,0.007,5,-12.126,-48.738,27.09
1920.13216,3,4.01,8.872,-0.317,4,0.004,-0.004,0.008,5,-10.181,-49.075,27.016
1920.19012,3,4.011,8.862,-0.324,4,0.004,-0.004,0.008,,,,
1920.24679,3,4.012,8.853,-0.337,4,0.005,-0.004,0.01,5,-10.405,-48.871,27.411
1920.3034,3,4.014,8.834,-0.341,4,0.006,-0.004,0.01,5,-11.894,-49.167,28.047
1920.35998,3,4.02,8.821,-0.337,4,0.005,-0.003,0.011,5,-12.393,-49.681,28.046
1920.41595,3,4.026,8.806,-0.352,4,0.005,-0.003,0.011,,,,
1920.47131,3,4.032,8.801,-0.347,4,0.006,-0.003,0.011,5,-11.147,-49.095,27.017
1920.52837,3,4.041,8.79,-0.364,4,0.004,-0.002,0.011,5,-10.776,-48.814,27.277
1920.58611,3,4.038,8.78,-0.361,4,0.004,-0.002,0.012,,,,
1920.64321,3,4.045,8.782,-0.355,4,0.003,-0.001,0.011,5,-11.224,-49.123,27.481
1920.69985,3,4.047,8.774,-0.366,4,0.003,-0.001,0.011,5,-11.287,-49.15,28.494
1920.75646,3,4.057,8.774,-0.355,4,0.003,0,0.011,5,-10.974,-48.54,26.633
1920.8124,3,4.054,8.779,-0.36,4,0.002,0.001,0.01,,,,
1920.8677,3,4.06,8.786,-0.361,4,0.001,0.002,0.01,5,-11.392,-48.9,27.872
1920.92434,3,4.074,8.791,-0.343,4,0.001,0.003,0.009,5,-11.821,-49.689,27.347
1920.98163,3,4.083,8.799,-0.355,4,0,0.003,0.009,,,,
1921.03952,3,4.108,8.804,-0.35,4,0,0.004,0.008,5,-11.559,-48.499,27.06
1921.0961,3,4.112,8.809,-0.343,4,0,0.005,0.007,5,-12.675,-48.824,27.077
1921.15287,3,4.132,8.811,-0.343,4,0,0.006,0.005,5,-12.192,-48.357,28.113
1921.20948,3,4.148,8.81,-0.337,4,0,0.006,0.004,,,,
1921.26609,3,4.163,8.814,-0.336,4,0.001,0.006,0.003,5,-11.414,-48.708,27.898
1921.32199,3,4.166,8.81,-0.341,4,0,0.006,0.002,5,-11.353,-48.782,27.591
1921.37799,3,4.166,8.81,-0.331,4,0.001,0.007,0.001,5,-10.318,-49.96,26.163
1921.43589,3,4.159,8.806,-0.336,4,0,0.007,-0.001,5,-10.371,-49.515,26.851
1921.4924,3,4.157,8.807,-0.337,4,0.001,0.006,-0.002,5,-11.711,-49.159,26.627
1921.54923,3,4.15,8.802,-0.332,4,0.002,0.006,-0.004,5,-11.688,-48.506,28.183
1921.60645,3,4.144,8.805,-0.336,4,0.001,0.006,-0.004,,,,
1921.66266,3,4.145,8.799,-0.33,4,0.002,0.006,-0.005,5,-10.963,-49.19,27.8
1921.71897,3,4.134,8.796,-0.333,4,0.002,0.006,-0.007,5,-12.204,-48.524,27.661
1921.77426,3,4.128,8.798,-0.337,4,0.002,0.005,-0.008,5,-11.681,-49.121,27.049
1921.83213,3,4.124,8.799,-0.325,4,0.003,0.005,-0.009,5,-12.215,-48.482,27.463
1921.8891,3,4.113,8.803,-0.328,4,0.003,0.005,-0.009,5,-11.374,-49.301,26.854
1921.94489,3,4.097,8.8,-0.332,4,0.003,0.004,-0.01,5,-11.504,-49.178,27.615
1922.00089,3,4.095,8.802,-0.33,4,0.003,0.004,-0.01,,,,
1922.05814,3,4.08,8.802,-0.333,4,0.003,0.004,-0.011,5,-11.894,-47.945,27.992
1922.11353,3,4.072,8.806,-0.337,4,0.003,0.004,-0.011,5,-10.898,-48.784,27.513
1922.17072,3,4.064,8.808,-0.336,4,0.003,0.003,-0.011,5,-11.644,-48.274,26.158
1922.22852,3,4.053,8.814,-0.34,4,0.003,0.003,-0.011,5,-11.438,-49.489,26.636
1922.28528,3,4.033,8.81,-0.335,4,0.002,0.003,-0.011,5,-11.278,-49.158,26.976
1922.34192,3,4.022,8.813,-0.346,4,0.003,0.003,-0.011,5,-10.773,-48.904,26.282
1922.39813,3,4.007,8.83,-0.349,4,0.002,0.003,-0.011,,,,
1922.45441,3,3.99,8.832,-0.343,4,0.002,0.004,-0.011,5,-10.815,-50.006,26.231
1922.5112,3,3.99,8.845,-0.353,4,0.002,0.004,-0.01,5,-10.526,-49.51,26.579
1922.56656,3,3.994,8.848,-0.356,4,0.002,0.005,-0.009,5,-10.844,-50.241,27.129
1922.62317,3,4,8.845,-0.342,4,0.002,0.006,-0.008,5,-11.095,-49.617,26.172
1922.68039,3,4.003,8.86,-0.353,4,0.002,0.007,-0.008,5,-10.939,-49.623,27.299
1922.73828,3,4.006,8.865,-0.349,4,0.002,0.007,-0.007,5,-11.667,-49.652,28.127
1922.79496,3,4.01,8.863,-0.345,4,0.002,0.007,-0.006,,,,
1922.8516,3,4.026,8.871,-0.341,4,0.002,0.008,-0.006,5,-11.086,-48.158,26.855
1922.9076,3,4.018,8.873,-0.337,4,0.002,0.008,-0.005,5,-11.725,-48.701,27.721
1922.96295,3,4.021,8.873,-0.329,4,0.002,0.008,-0.004,5,-11.395,-49.179,27.721
1923.01956,3,4.018,8.87,-0.345,4,0.001,0.007,-0.003,,,,
1923.07685,3,4.017,8.872,-0.335,4,0.002,0.007,-0.002,5,-11.227,-48.807,26.917
1923.13477,3,4.014,8.874,-0.333,4,0.002,0.007,-0.001,5,-11.363,-48.242,27.095
1923.19065,3,4.016,8.877,-0.33,4,0.002,0.007,0,,,,
1923.24677,3,4.015,8.872,-0.319,4,0.002,0.007,0.001,5,-11.871,-47.775,26.234
1923.30496,3,4.022,8.869,-0.337,4,0.003,0.007,0.002,5,-12.091,-49.481,27.898
1923.36115,3,4.02,8.867,-0.317,4,0.003,0.006,0.003,5,-11.639,-48.965,27.124
1923.41596,3,4.03,8.86,-0.32,4,0.003,0.006,0.004,,,,
1923.4726,3,4.02,8.857,-0.315,4,0.004,0.006,0.005,5,-11.803,-49.008,27.33
1923.52988,3,4.034,8.848,-0.332,4,0.005,0.005,0.005,5,-11.157,-50.011,27.609
1923.5878,3,4.032,8.841,-0.326,4,0.005,0.004,0.006,,,,
1923.64426,3,4.025,8.833,-0.331,4,0.005,0.004,0.007,5,-10.533,-49.512,25.761
1923.7009,3,4.034,8.818,-0.347,4,0.006,0.003,0.007,5,-11.893,-48.964,27.02
1923.75766,3,4.038,8.818,-0.322,4,0.007,0.003,0.008,5,-11.528,-47.995,27.557
1923.81369,3,4.025,8.814,-0.333,4,0.007,0.003,0.008,,,,
1923.86896,3,4.034,8.807,-0.361,4,0.006,0.003,0.009,5,-10.852,-48.906,26.886
1923.92633,3,4.038,8.802,-0.333,4,0.007,0.002,0.01,5,-10.451,-48.787,28.008
1923.98435,3,4.042,8.807,-0.361,4,0.006,0.003,0.01,,,,
1924.04087,3,4.059,8.803,-0.361,4,0.006,0.002,0.01,5,-10.797,-48.578,26.523
1924.09741,3,4.055,8.802,-0.365,4,0.007,0.002,0.01,5,-10.271,-49.428,27.177
1924.15415,3,4.072,8.798,-0.363,4,0.006,0.002,0.011,5,-11.548,-49.344,27.042
1924.2106,3,4.076,8.802,-0.373,4,0.005,0.002,0.011,,,,
1924.2666,3,4.094,8.803,-0.362,4,0.004,0.002,0.011,5,-11.667,-47.833,27.632
1924.32202,3,4.104,8.8,-0.364,4,0.003,0.002,0.011,5,-11.555,-48.337,27.667
1924.37924,3,4.118,8.799,-0.377,4,0.003,0.003,0.01,5,-11.469,-47.874,29.024
1924.43704,3,4.129,8.8,-0.347,4,0.002,0.002,0.01,5,-12.605,-48.837,26.891
1924.49359,3,4.143,8.804,-0.375,4,0.001,0.002,0.01,5,-11.571,-49.725,26.842
1924.55039,3,4.148,8.798,-0.357,4,0.001,0.002,0.009,5,-11.484,-49.544,27.62
1924.6073,3,4.156,8.799,-0.345,4,0.001,0.002,0.008,,,,
1924.66321,3,4.17,8.796,-0.368,4,-0.001,0.002,0.007,5,-12.003,-48.621,26.61
1924.71839,3,4.167,8.795,-0.354,4,0,0.002,0.005,5,-13.145,-48.788,27.74
1924.77564,3,4.167,8.796,-0.365,4,-0.001,0.001,0.004,5,-12.137,-48.283,28.781
1924.83356,3,4.165,8.798,-0.334,4,-0.002,0.001,0.003,5,-11.969,-49.203,26.517
1924.8902,3,4.175,8.793,-0.345,4,-0.002,0.001,0.002,5,-11.938,-48.752,26.55
1924.94678,3,4.171,8.791,-0.342,4,-0.002,0.001,0.001,5,-12.059,-49.835,27.544
1925.00339,3,4.167,8.791,-0.333,4,-0.003,0,-0.001,,,,
1925.06006,3,4.16,8.791,-0.332,4,-0.003,-0.001,-0.002,5,-11.987,-48.459,27.274
1925.11606,3,4.15,8.788,-0.32,4,-0.002,-0.001,-0.004,5,-12.109,-48.454,27.35
1925.17145,3,4.146,8.786,-0.329,4,-0.002,-0.001,-0.004,5,-12.54,-49.524,27.263
1925.2287,3,4.133,8.786,-0.328,4,-0.002,-0.002,-0.005,5,-10.86,-47.414,27.451
1925.28656,3,4.118,8.785,-0.325,4,-0.002,-0.002,-0.007,5,-11.708,-48.003,27.263
1925.3432,3,4.089,8.791,-0.329,4,-0.001,-0.002,-0.008,5,-12.839,-49.095,27.997
1925.39981,3,4.063,8.798,-0.333,4,-0.001,-0.002,-0.009,,,,
1925.45584,3,4.03,8.805,-0.337,4,0,-0.002,-0.01,5,-11.848,-49.762,26.938
1925.5119,3,4.012,8.802,-0.326,4,0,-0.002,-0.01,5,-11.279,-49.498,27.2
1925.57004,3,3.99,8.822,-0.341,4,0.001,-0.001,-0.01,5,-10.764,-50.208,26.935
1925.62686,3,3.98,8.827,-0.328,4,0.002,0,-0.01,5,-10.712,-50.967,26.797
1925.68259,3,3.976,8.838,-0.331,4,0.002,0.002,-0.01,5,-10.542,-49.706,26.572
1925.73834,3,3.966,8.853,-0.337,4,0.003,0.003,-0.009,5,-10.66,-49.115,26.906
1925.79624,3,3.977,8.86,-0.337,4,0.003,0.004,-0.009,,,,
1925.85282,3,3.978,8.869,-0.341,4,0.003,0.005,-0.008,5,-12.105,-48.367,26.941
1925.90952,3,3.995,8.876,-0.336,4,0.004,0.006,-0.007,5,-11.284,-48.936,28.825
1925.96543,3,3.996,8.877,-0.34,4,0.004,0.007,-0.007,5,-10.991,-48.262,27.956
1926.02082,3,4.01,8.877,-0.343,4,0.005,0.008,-0.006,,,,
1926.07807,3,4.017,8.877,-0.339,4,0.006,0.009,-0.005,5,-10.699,-48.256,26.872
1926.13529,3,4.038,8.873,-0.336,4,0.007,0.01,-0.004,5,-12.187,-47.977,27.141
1926.19132,3,4.024,8.874,-0.318,4,0.007,0.01,-0.003,,,,
1926.24915,3,4.049,8.874,-0.387,4,0.005,0.01,-0.003,5,-11.423,-49.04,27.054
1926.30597,3,4.026,8.852,-0.308,4,0.006,0.011,-0.003,5,-12.602,-49.191,27.043
1926.3628,3,4.06,8.85,-0.334,4,0.006,0.011,-0.002,5,-12.393,-48.787,27.571
1926.41904,3,4.077,8.833,-0.3,4,0.006,0.01,-0.002,,,,
1926.47568,3,4.054,8.841,-0.342,4,0.005,0.011,0,5,-12.88,-49.31,27.824
1926.53232,3,4.076,8.83,-0.317,4,0.006,0.01,0,5,-11.6,-48.347,27.278
1926.58832,3,4.091,8.818,-0.294,4,0.005,0.009,0.001,,,,
1926.64435,3,4.092,8.807,-0.309,4,0.005,0.007,0.001,5,-10.713,-50.252,26.501
1926.70218,3,4.085,8.802,-0.29,4,0.005,0.006,0.002,5,-10.82,-48.941,25.838
1926.75824,3,4.072,8.797,-0.317,4,0.003,0.004,0.003,5,-10.454,-48.087,26.736
1926.81363,3,4.077,8.788,-0.313,4,0.003,0.003,0.004,,,,
1926.8707,3,4.119,8.765,-0.329,4,0.003,0.001,0.005,5,-11.217,-48.795,26.958
1926.92783,3,4.053,8.795,-0.355,4,0.003,0.001,0.005,5,-11.378,-48.758,28.151
1926.98413,3,4.045,8.786,-0.238,4,0.004,-0.001,0.007,,,,
1927.04196,3,4.102,8.786,-0.42,4,-0.001,-0.001,0.006,5,-11.53,-48.149,29.169
1927.0986,3,4.121,8.77,-0.353,4,0.003,-0.002,0.006,5,-11.176,-48.703,27.473
1927.15525,3,4.098,8.791,-0.349,4,0.001,-0.002,0.007,5,-11.905,-49.615,28.362
1927.21134,3,4.069,8.798,-0.361,4,0,-0.003,0.007,,,,
1927.26728,3,4.104,8.803,-0.337,4,0.001,-0.002,0.006,5,-11.11,-48.996,27.083
1927.32505,3,4.12,8.806,-0.325,4,-0.002,-0.003,0.005,5,-11.601,-48.851,27.09
1927.38162,3,4.115,8.814,-0.385,4,-0.002,-0.003,0.006,,,,
1927.43833,3,4.115,8.82,-0.317,4,-0.001,-0.004,0.005,5,-12.006,-48.573,27.199
1927.495,3,4.113,8.818,-0.317,4,-0.003,-0.004,0.005,5,-12.117,-49.367,27.449
1927.55167,3,4.127,8.833,-0.379,4,-0.003,-0.004,0.004,5,-11.848,-48,27.362
1927.6077,3,4.129,8.83,-0.281,4,-0.002,-0.004,0.004,,,,
1927.66306,3,4.113,8.84,-0.366,4,-0.004,-0.005,0.004,5,-10.423,-49.243,26.81
1927.7197,3,4.104,8.843,-0.332,4,-0.003,-0.005,0.003,5,-10.039,-49.007,26.553
1927.77695,3,4.094,8.842,-0.295,4,-0.003,-0.005,0.003,5,-11.33,-47.955,26.926
1927.83481,3,4.076,8.852,-0.382,4,-0.003,-0.005,0.002,5,-11.409,-47.99,27.899
1927.89142,3,4.072,8.837,-0.301,4,0,-0.004,0.002,5,-11.501,-49.178,27.296
1927.94803,3,4.062,8.839,-0.333,4,-0.002,-0.004,0.002,5,-10.904,-47.533,27.127
1928.004,3,4.051,8.839,-0.353,4,-0.001,-0.004,0.002,,,,
1928.05945,3,4.057,8.83,-0.303,4,0.001,-0.003,0.002,5,-11.946,-49.135,27.333
1928.11609,3,4.043,8.834,-0.345,4,-0.001,-0.003,0.002,5,-11.798,-48.676,27.571
1928.17328,3,4.045,8.827,-0.342,4,0.001,-0.002,0.001,5,-11.855,-49.103,27.954
1928.23108,3,4.045,8.822,-0.316,4,0.001,-0.001,0.001,5,-12.041,-49.739,28.09
1928.28778,3,4.045,8.821,-0.345,4,0.002,-0.001,0.001,5,-12.279,-48.718,27.892
1928.34439,3,4.057,8.81,-0.335,4,0.003,0,0.001,5,-11.948,-50.378,27.824
1928.40103,3,4.036,8.814,-0.322,4,0.003,0.001,0,,,,
1928.45716,3,4.034,8.807,-0.364,4,0.004,0.002,-0.001,5,-13.095,-48.167,27.946
1928.5127,3,4.049,8.802,-0.325,4,0.005,0.002,0,5,-11.067,-48.709,26.52
1928.56906,3,4.061,8.797,-0.342,4,0.003,0.003,0,5,-9.978,-50.74,26.836
1928.62631,3,4.068,8.796,-0.365,4,0.004,0.003,0,5,-10.175,-49.936,25.888
1928.68415,3,4.066,8.798,-0.321,4,0.004,0.004,0,5,-11.095,-50.174,24.957
1928.74021,3,4.091,8.798,-0.361,4,0.003,0.004,-0.001,5,-10.799,-49.521,26.817
1928.79621,3,4.093,8.79,-0.348,4,0.004,0.005,-0.001,,,,
1928.85407,3,4.104,8.791,-0.345,4,0.004,0.005,-0.001,5,-10.405,-49.831,26.149
1928.91016,3,4.108,8.803,-0.355,4,0.004,0.005,-0.002,5,-11.952,-48.994,27.873
1928.96549,3,4.124,8.8,-0.35,4,0.003,0.005,-0.002,5,-11.905,-49.631,27.066
1929.02262,3,4.124,8.806,-0.351,4,0.002,0.005,-0.002,5,-11.304,-48.111,27.748
1929.08039,3,4.132,8.815,-0.37,4,0.002,0.005,-0.003,5,-11.928,-48.306,27.924
1929.13724,3,4.142,8.81,-0.337,4,0.002,0.005,-0.003,5,-11.787,-47.878,28.047
1929.194,3,4.136,8.825,-0.345,4,0.001,0.005,-0.004,,,,
1929.25058,3,4.144,8.827,-0.346,4,0.001,0.004,-0.005,5,-11.736,-48.416,27.715
1929.30713,3,4.132,8.83,-0.335,4,0.002,0.004,-0.005,5,-12.627,-49.22,27.086
1929.36319,3,4.135,8.837,-0.349,4,0.001,0.004,-0.006,5,-13.701,-49.181,27.788
1929.41852,3,4.126,8.839,-0.325,4,0.001,0.004,-0.007,,,,
1929.47577,3,4.116,8.837,-0.327,4,0,0.003,-0.008,5,-12.204,-48.358,27.094
1929.5336,3,4.113,8.839,-0.33,4,0,0.002,-0.008,5,-12.347,-47.446,27.57
1929.59024,3,4.097,8.839,-0.317,4,0.001,0.002,-0.008,,,,
1929.64691,3,4.076,8.829,-0.33,4,0,0.001,-0.008,5,-13.04,-48.347,27.881
1929.70365,3,4.054,8.828,-0.333,4,0.001,0.001,-0.009,5,-11.525,-48.41,26.73
1929.76035,3,4.038,8.824,-0.326,4,0.001,0,-0.008,5,-10.281,-49.637,26.05
1929.81674,3,4.014,8.818,-0.347,4,0.001,0,-0.008,,,,
1929.87265,3,4.007,8.813,-0.333,4,0.002,0,-0.008,5,-10.835,-49.442,27.681
1929.9288,3,3.972,8.813,-0.333,4,0.002,0,-0.006,5,-11.993,-47.911,27.084
1929.98673,3,3.96,8.81,-0.357,4,0.002,-0.001,-0.006,,,,
1930.04334,3,3.95,8.805,-0.343,4,0.002,0,-0.004,5,-11.655,-48.859,27.664
1930.10007,3,3.949,8.8,-0.355,4,0.001,0,-0.004,5,-10.933,-48.839,26.564
1930.15695,3,3.949,8.807,-0.365,4,0,0.001,-0.003,5,-13.272,-48.396,27.493
1930.21265,3,3.963,8.808,-0.354,4,0,0.001,-0.001,,,,
1930.2685,3,3.974,8.806,-0.361,4,0,0.002,-0.001,5,-12.451,-48.221,27.786
1930.32569,3,3.997,8.805,-0.369,4,0,0.003,0,5,-12.004,-48.708,26.92
1930.38181,3,4.018,8.809,-0.346,4,0,0.003,0.001,,,,
1930.43964,3,3.974,8.822,-0.378,4,-0.002,0.004,0.003,5,-11.539,-48.86,27.695
1930.49628,3,4.013,8.835,-0.334,4,-0.002,0.005,0.003,5,-11.76,-48.958,28.076
1930.55289,3,4.056,8.837,-0.345,4,-0.002,0.005,0.003,5,-12.408,-48.346,27.185
1930.60895,3,4.056,8.857,-0.358,4,-0.003,0.005,0.004,,,,
1930.66492,3,4.044,8.871,-0.343,4,-0.003,0.005,0.005,5,-11.772,-48.506,25.737
1930.72214,3,4.056,8.884,-0.325,4,-0.002,0.005,0.005,5,-12.117,-48.839,28.76
1930.77796,3,4.086,8.881,-0.317,4,-0.002,0.005,0.006,,,,
1930.83563,3,4.108,8.907,-0.706,4,-0.002,0.005,0.006,5,-11.023,-48.964,27.707
1930.89282,3,4.183,8.881,0.061,4,-0.009,-0.022,0.013,5,-11.377,-49.301,26.703
1930.9494,3,4.12,8.894,-0.217,4,-0.001,0.006,0.006,5,-11.113,-49.434,26.945
1931.00531,3,4.012,8.869,-0.436,4,0.006,0.016,0.008,,,,
1931.0607,3,4.223,8.851,-0.382,4,0,0.014,0.001,5,-12.247,-49.71,26.953
1931.11731,3,4.227,8.869,-0.309,4,0.009,-0.003,0.006,5,-11.845,-48.723,27.13
1931.17457,3,4.055,8.83,-0.002,4,0.001,0.001,0.009,5,-11.827,-48.862,26.765
1931.23246,3,4,8.837,-0.593,4,-0.002,0.003,0.002,5,-12.753,-47.4,27.075
1931.28895,3,4.205,8.808,-0.447,4,0.009,-0.003,-0.001,5,-12.582,-48.964,28.049
1931.34546,3,4.231,8.762,-0.025,4,0,-0.004,0.005,5,-12.004,-48.773,27.208
1931.4022,3,4.06,8.849,-0.79,4,0.005,-0.004,0.006,,,,
1931.45823,3,4.146,8.779,0.103,4,0.007,-0.007,-0.01,5,-11.78,-48.708,26.303
1931.51374,3,4.081,8.835,-0.518,4,0,-0.001,0.007,5,-11.174,-48.526,27.585
1931.57035,3,4.058,8.805,-0.468,4,0.008,-0.008,0.002,5,-12.666,-49.309,27.225
1931.62754,3,4.229,8.764,-0.124,4,0.007,-0.004,-0.004,5,-10.698,-49.152,26.35
1931.68476,3,4.098,8.807,-0.516,4,0.005,-0.004,-0.008,5,-11.652,-49.522,25.458
1931.74085,3,4.033,8.789,-0.248,4,0.008,-0.004,-0.008,5,-10.855,-50.116,26.918
1931.7988,3,3.976,8.788,-0.382,4,0.002,-0.005,-0.012,,,,
1931.85541,3,4.173,8.764,-0.486,4,0.007,-0.001,-0.015,5,-10.539,-49.904,25.903
1931.91129,3,4.001,8.77,-0.292,4,0.006,-0.002,-0.011,5,-10.681,-48.837,26.21
1931.96674,3,4.328,8.789,-0.453,4,-0.001,-0.004,-0.013,5,-11.33,-49.275,28.471
1932.0235,3,4.558,8.811,-0.42,4,0.002,-0.003,-0.03,5,-9.814,-49.458,26.108
1932.08085,3,4.523,8.841,-0.404,4,-0.006,-0.003,-0.098,5,-10.686,-47.816,28.514
1932.13782,3,4.622,8.881,-0.474,4,-0.019,-0.006,-0.199,5,-10.797,-49.052,28.763
1932.19324,3,4.014,8.919,-0.342,4,-0.028,-0.007,-0.317,,,,
1932.25049,3,2.965,9.011,-0.329,4,-0.039,-0.004,-0.456,5,-7.755,-50.006,26.91
1932.30781,3,2.695,9.118,-0.284,4,-0.042,-0.004,-0.48,5,-7.025,-51.233,26.691
1932.36371,3,2.097,9.216,-0.187,4,-0.038,-0.003,-0.43,5,-5.597,-51.61,26.971
1932.4209,3,2.047,9.284,-0.271,4,-0.034,-0.001,-0.355,,,,
1932.47703,3,2.158,9.345,-0.175,4,-0.023,0.001,-0.239,5,-3.076,-54.135,26.184
1932.53486,3,2.564,9.388,-0.202,4,-0.016,0.002,-0.141,5,-3.925,-54.243,26.636
1932.5915,3,2.834,9.407,-0.298,4,-0.012,0.004,-0.09,,,,
1932.6478,3,2.891,9.436,-0.277,4,-0.013,0.004,-0.106,5,-2.214,-54.126,25.975
1932.70362,3,2.563,9.465,-0.208,4,-0.017,0.002,-0.166,5,-0.876,-54.248,25.792
1932.76001,3,2.333,9.503,-0.225,4,-0.022,0.001,-0.225,5,-0.279,-53.72,26.074
1932.81696,3,2.38,9.535,-0.156,4,-0.024,0,-0.247,,,,
1932.87504,3,2.19,9.563,-0.234,4,-0.026,-0.002,-0.273,5,1.68,-54.523,25.146
1932.93128,3,1.495,9.602,-0.147,4,-0.025,0,-0.325,5,2.023,-54.373,25.15
1932.98795,3,1.362,9.641,-0.099,4,-0.027,-0.002,-0.336,,,,
1933.04465,3,1.428,9.669,-0.132,4,-0.024,-0.002,-0.294,5,3.665,-55.19,26.126
1933.10117,3,1.234,9.686,-0.124,4,-0.02,-0.002,-0.274,5,3.99,-55.592,25.543
1933.15717,3,0.9,9.7,-0.106,4,-0.019,-0.002,-0.279,5,6.107,-55.907,25.455
1933.21256,3,0.734,9.716,-0.087,4,-0.019,-0.003,-0.265,,,,
1933.2692,3,0.83,9.726,-0.112,4,-0.015,-0.002,-0.231,5,6.129,-56.473,24.352
1933.32642,3,0.64,9.729,-0.114,4,-0.012,-0.001,-0.209,5,7.581,-55.255,25.427
1933.38428,3,0.349,9.734,-0.045,4,-0.011,-0.001,-0.209,,,,
1933.44098,3,0.335,9.74,-0.096,4,-0.011,-0.001,-0.183,5,8.136,-55.313,25.456
1933.49756,3,0.355,9.736,-0.097,4,-0.006,0.001,-0.146,5,8.469,-54.579,26.297
1933.5542,3,0.358,9.737,-0.101,4,-0.004,0.001,-0.122,5,8.664,-54.877,25.223
1933.61023,3,0.459,9.736,-0.087,4,-0.003,0.001,-0.107,,,,
1933.66556,3,0.479,9.726,-0.12,4,-0.004,0.002,-0.111,5,7.965,-54.749,26.585
1933.72281,3,0.249,9.72,-0.098,4,-0.008,0.001,-0.138,5,9.529,-56.621,26.05
1933.78071,3,0.067,9.724,-0.093,4,-0.01,0.001,-0.162,,,,
1933.83729,3,-0.128,9.717,-0.072,4,-0.01,0.002,-0.169,5,9.348,-54.922,25.719
1933.8939,3,-0.07,9.716,-0.072,4,-0.012,0,-0.153,5,10.223,-56.331,24.936
1933.95054,3,-0.187,9.722,-0.061,4,-0.011,-0.001,-0.138,5,11.319,-56.644,24.969
1934.0066,3,-0.249,9.724,-0.018,4,-0.01,-0.001,-0.129,,,,
1934.06199,3,-0.242,9.732,-0.073,4,-0.012,-0.001,-0.125,5,11.124,-56.65,25.087
1934.1186,3,-0.222,9.736,-0.037,4,-0.009,0,-0.12,5,10.686,-56.506,26.057
1934.17582,3,-0.39,9.74,-0.025,4,-0.012,-0.002,-0.133,5,12.804,-56.427,26.176
1934.23365,3,-0.592,9.747,0.016,4,-0.013,0,-0.153,5,13.516,-55.322,26.692
1934.29035,3,-0.64,9.741,-0.035,4,-0.012,0,-0.148,5,13.127,-55.388,26.959
1934.34699,3,-0.775,9.741,0.02,4,-0.011,0,-0.14,5,15.639,-57.307,27.197
1934.4029,3,-0.911,9.744,0.01,4,-0.009,0,-0.13,,,,
1934.45838,3,-0.908,9.747,0.018,4,-0.008,0,-0.11,5,13.255,-56.459,25.832
1934.51499,3,-0.873,9.753,0.017,4,-0.005,0.001,-0.083,5,13.719,-55.479,26.511
1934.57224,3,-0.936,9.752,0.003,4,-0.005,0,-0.066,5,14.093,-55.902,26.759
1934.63013,3,-0.944,9.754,0.005,4,-0.002,0.001,-0.056,5,15.382,-55.156,27.78
1934.68665,3,-0.921,9.752,-0.017,4,-0.001,0.001,-0.045,5,15.559,-53.426,25.29
1934.74332,3,-0.92,9.752,0.041,4,-0.001,0,-0.034,5,15.062,-55.519,25.851
1934.80002,3,-0.956,9.752,-0.016,4,-0.002,-0.001,-0.031,,,,
1934.85657,3,-0.91,9.754,-0.003,4,-0.001,-0.001,-0.024,5,16.09,-55.789,25.456
1934.91263,3,-0.942,9.752,0.013,4,-0.001,-0.002,-0.021,5,15.619,-55.287,25.706
1934.96833,3,-1.079,9.752,0.006,4,-0.001,-0.001,-0.025,5,14.725,-56.038,26.596
1935.02585,3,-0.938,9.75,0.006,4,0,-0.002,-0.015,5,15.111,-55.666,26.926
1935.0831,3,-0.955,9.742,0.026,4,0,-0.003,-0.003,5,15.732,-54.781,25.638
1935.13926,3,-0.925,9.74,0.01,4,0.001,-0.002,-0.004,5,15.816,-54.976,26.553
1935.19544,3,-0.938,9.728,-0.014,4,0.001,-0.001,-0.009,,,,
1935.25297,3,-0.999,9.724,0.031,4,0.001,-0.001,-0.013,5,15.749,-55.153,26.016
1935.309,3,-0.991,9.72,0.011,4,0,-0.002,-0.017,5,15.991,-54.355,25.948
1935.36442,3,-0.965,9.715,-0.006,4,-0.001,-0.002,-0.017,5,15.977,-54.811,26.75
1935.42164,3,-0.985,9.711,0.046,4,0,-0.002,-0.021,5,15.327,-55.829,25.653
1935.47889,3,-0.887,9.709,-0.008,4,-0.001,-0.001,-0.031,5,15.43,-55.652,25.522
1935.53431,3,-1.081,9.706,0.015,4,-0.003,-0.003,-0.046,5,16.55,-54.842,26.315
1935.59153,3,-1.299,9.705,0.041,4,-0.002,0,-0.073,,,,
1935.64939,3,-1.243,9.701,0.024,4,-0.005,-0.002,-0.063,5,16.644,-55.588,26.05
1935.70609,3,-1.362,9.703,0.067,4,-0.002,0,-0.047,5,16.273,-55.437,24.861
1935.76276,3,-1.176,9.704,0.029,4,-0.003,-0.001,-0.038,5,16.563,-54.817,26.292
1935.81864,3,-1.23,9.701,0.004,4,-0.001,-0.001,-0.023,,,,
1935.87461,3,-1.267,9.702,0.032,4,0.001,0.002,-0.033,5,16.704,-55.339,25.11
1935.93238,3,-1.094,9.7,0.031,4,0,0.001,-0.031,5,16.876,-54.947,26.154
1935.9892,3,-1.274,9.693,-0.01,4,-0.004,0,-0.046,,,,
1936.04627,3,-1.215,9.69,0.016,4,-0.003,0.003,-0.067,5,17.009,-55.212,26.529
1936.10325,3,-1.46,9.679,0.035,4,-0.005,0.002,-0.076,5,17.926,-54.959,25.261
1936.15845,3,-2.05,9.675,0.065,4,-0.005,0.004,-0.093,5,17.09,-53.488,26.013
1936.21384,3,-1.349,9.677,-0.048,4,-0.001,0.006,-0.044,,,,
1936.27109,3,-1.305,9.689,0.107,4,-0.003,0,0.005,5,18.738,-55.785,25.571
1936.32895,3,-1.493,9.675,-0.048,4,-0.003,0.001,0.013,5,17.162,-56.277,23.389
1936.38498,3,-1.308,9.686,0.069,4,0,0.005,0.007,,,,
1936.44098,3,-1.334,9.693,0.011,4,-0.002,0.003,0.011,5,19.534,-56.181,25.729
1936.49881,3,-1.349,9.692,0.109,4,-0.004,0.001,0.004,5,18.333,-55.685,25.333
1936.55539,3,-1.353,9.692,-0.01,4,-0.003,0.003,0.008,5,18.359,-55.798,27.484
1936.612,3,-1.285,9.699,0.014,4,0,0.006,0.001,,,,
1936.66861,3,-1.429,9.699,0.122,4,-0.003,0.002,0,5,17.075,-56.047,25.713
1936.72492,3,-1.388,9.698,0.044,4,-0.003,0.001,-0.002,5,18.398,-54.462,25.299
1936.78138,3,-1.314,9.697,0.005,4,0.001,0.005,0.006,,,,
1936.83817,3,-1.297,9.702,0.112,4,-0.001,0.003,-0.001,5,16.762,-54.747,26.318
1936.89429,3,-1.39,9.697,0.068,4,-0.001,0.002,-0.001,5,16.759,-55.838,25.847
1936.95182,3,-1.401,9.693,0.041,4,-0.002,0.002,-0.004,5,18.509,-55.501,25.133
1937.00785,3,-1.244,9.694,0.041,4,0.002,0.004,-0.001,,,,
1937.06379,3,-1.564,9.681,0.033,4,0.002,0.004,-0.003,5,18.709,-54.99,26.459
1937.12153,3,-1.212,9.701,0.166,4,0,0,-0.005,5,18.512,-56.23,26.608
1937.17826,3,-1.438,9.68,-0.03,4,0.001,0.002,0.001,,,,
1937.23499,3,-1.418,9.671,0.062,4,0.005,0.006,-0.01,5,17.645,-56.163,26.076
1937.2916,3,-1.331,9.673,-0.011,4,0.003,0.003,-0.002,5,17.761,-55.771,25.487
1937.34818,3,-1.491,9.674,0.095,4,0.001,0.001,-0.012,5,18.489,-56.529,26.906
1937.40482,3,-1.38,9.665,-0.004,4,0.001,0,-0.009,,,,
1937.46152,3,-1.592,9.664,0.065,4,0,0.003,-0.005,5,17.694,-56.253,26.125
1937.51752,3,-1.438,9.663,0.005,4,-0.002,0,-0.007,5,17.708,-55.875,25.632
1937.57352,3,-1.413,9.667,0.02,4,0.001,0.004,-0.002,5,18.401,-54.756,26.024
1937.63132,3,-1.446,9.666,0.019,4,0,0.005,0,5,18.556,-54.701,25.38
1937.68732,3,-1.479,9.669,0.026,4,0.001,0.004,0.001,5,17.548,-54.636,25.287
1937.74277,3,-1.431,9.671,0.018,4,-0.001,0.006,0.001,5,17.346,-54.494,25.285
1937.79941,3,-1.402,9.684,0,4,-0.002,0.005,0.001,,,,
1937.85602,3,-1.386,9.685,0.039,4,-0.001,0.006,0.002,5,17.717,-55.568,25.282
1937.91327,3,-1.405,9.692,0.032,4,-0.003,0.004,0.003,5,17.596,-56.165,25.581
1937.97049,3,-1.397,9.705,0.034,4,-0.003,0.005,0.003,5,17.18,-54.947,26.173
1938.02652,3,-1.37,9.707,0.066,4,-0.003,0.004,0.003,5,16.451,-55.505,25.981
1938.08436,3,-1.362,9.709,0.049,4,-0.004,0.004,0.003,5,17.38,-54.988,26.476
1938.14097,3,-1.362,9.72,0.07,4,-0.003,0.003,0.003,,,,
1938.19764,3,-1.362,9.724,0.085,4,-0.002,0.004,0.003,5,17.776,-55.219,26.173
1938.25367,3,-1.35,9.729,0.05,4,-0.002,0.002,0.003,5,17.572,-55.284,25.233
1938.30909,3,-1.341,9.719,0.098,4,0,0.003,0.003,5,17.049,-55.785,25.835
1938.3657,3,-1.352,9.723,0.065,4,0,0.002,0.003,,,,
1938.42283,3,-1.358,9.712,0.073,4,0.001,0.002,0.002,5,17.654,-54.536,25.981
1938.48057,3,-1.369,9.697,0.071,4,0.002,0.001,0.003,5,17.108,-55.24,25.478
1938.53733,3,-1.358,9.695,0.041,4,0.003,0.002,0.002,,,,
1938.59397,3,-1.363,9.685,0.063,4,0.003,0.001,0.002,5,17.766,-55.219,26.181
1938.65064,3,-1.369,9.684,0.033,4,0.004,0.002,0.003,5,16.209,-55.174,26.671
1938.70664,3,-1.385,9.679,0.037,4,0.005,0.001,0.003,5,17.136,-54.938,26.176
1938.76209,3,-1.374,9.685,0.048,4,0.005,0.002,0.003,,,,
1938.8187,3,-1.356,9.68,0.026,4,0.004,0.001,0.003,5,17.641,-54.787,25.285
1938.87592,3,-1.36,9.667,0.03,4,0.005,0.001,0.004,5,17.569,-55.476,24.838
1938.9332,3,-1.369,9.663,0.018,4,0.004,0,0.005,5,16.093,-55.568,26.624
1938.98938,3,-1.378,9.666,0.011,4,0.004,0,0.005,,,,
1939.04752,3,-1.37,9.671,0.031,4,0.004,0,0.006,5,17.949,-55.432,25.314
1939.10404,3,-1.367,9.675,-0.002,4,0.003,0,0.006,5,17.671,-56.111,24.847
1939.1605,3,-1.369,9.68,0.026,4,0.002,0,0.007,,,,
1939.21625,3,-1.362,9.671,0.006,4,0,0,0.008,5,16.899,-54.228,26.61
1939.27182,3,-1.363,9.678,-0.002,4,0,-0.001,0.008,5,16.98,-54.846,26.517
1939.3292,3,-1.354,9.678,0.016,4,-0.001,0,0.008,,,,
1939.38694,3,-1.318,9.687,0.005,4,-0.001,0,0.009,5,18.06,-55.795,27.055
1939.44349,3,-1.323,9.691,0.017,4,-0.002,-0.001,0.009,5,18.448,-55.31,26.479
1939.50031,3,-1.307,9.695,0.027,4,-0.003,0,0.009,5,18.092,-55.807,25.044
1939.55622,3,-1.293,9.699,0.015,4,-0.003,-0.001,0.009,,,,
1939.61149,3,-1.267,9.701,0.04,4,-0.004,-0.001,0.009,5,16.895,-55.241,25.443
1939.66813,3,-1.266,9.714,0.037,4,-0.005,-0.001,0.008,5,17.577,-55.293,26.244
1939.72535,3,-1.262,9.715,0.037,4,-0.004,-0.001,0.008,5,17.166,-54.568,25.909
1939.78324,3,-1.261,9.723,0.055,4,-0.003,-0.002,0.007,5,18.069,-54.764,26.344
1939.83997,3,-1.244,9.726,0.061,4,-0.003,-0.001,0.006,5,16.925,-55.479,26.73
1939.89652,3,-1.259,9.728,0.065,4,-0.002,-0.002,0.005,5,15.623,-55.96,25.186
1939.95282,3,-1.259,9.722,0.079,4,-0.002,-0.001,0.004,,,,
1940.00974,3,-1.267,9.726,0.057,4,-0.001,-0.002,0.003,5,18.648,-55.338,26.341
1940.0665,3,-1.263,9.719,0.068,4,0.001,-0.001,0.002,5,17.123,-55.45,26.9
1940.12339,3,-1.282,9.711,0.061,4,0.001,-0.002,0.001,5,17.616,-55.511,26.836
1940.17984,3,-1.291,9.707,0.053,4,0.002,-0.001,0,5,15.227,-55.147,25.76
1940.23642,3,-1.291,9.697,0.053,4,0.003,-0.001,-0.001,5,17.276,-55.04,26.768
1940.29294,3,-1.305,9.691,0.045,4,0.003,0,-0.002,5,17.741,-56.409,25.677
1940.34964,3,-1.309,9.682,0.032,4,0.003,0,-0.002,,,,
1940.40558,3,-1.316,9.676,0.029,4,0.003,0.001,-0.003,5,17.169,-55.244,26.169
1940.46171,3,-1.327,9.673,0.014,4,0.003,0.001,-0.003,5,17.229,-56.172,24.922
1940.51932,3,-1.315,9.673,0.029,4,0.003,0.002,-0.003,5,16.96,-55.579,25.777
1940.57462,3,-1.324,9.674,0.018,4,0.002,0.002,-0.004,5,16.252,-55.867,26.77
1940.63144,3,-1.322,9.677,0.012,4,0.001,0.003,-0.004,5,17.273,-56.274,26.825
1940.68931,3,-1.315,9.677,0.028,4,0.001,0.003,-0.004,5,17.035,-55.263,26.196
1940.74592,3,-1.315,9.681,0.018,4,0,0.003,-0.004,,,,
1940.80259,3,-1.31,9.683,0.024,4,-0.001,0.003,-0.004,5,15.388,-53.984,26.152
1940.85862,3,-1.301,9.692,0.037,4,-0.001,0.003,-0.004,5,16.33,-54.98,25.581
1940.91483,3,-1.301,9.701,0.032,4,-0.001,0.003,-0.004,5,17.439,-55.847,26.414
1940.97291,3,-1.292,9.709,0.045,4,-0.002,0.003,-0.005,5,16.534,-57.191,23.862
1941.02876,3,-1.289,9.722,0.044,4,-0.003,0.003,-0.004,5,17.789,-57.042,25.43
1941.08525,3,-1.297,9.729,0.053,4,-0.002,0.003,-0.005,5,17.467,-56.247,23.875
1941.14177,3,-1.288,9.732,0.068,4,-0.002,0.003,-0.006,,,,
1941.19774,3,-1.288,9.741,0.061,4,-0.002,0.002,-0.006,5,16.46,-55.528,26.225
1941.25499,3,-1.284,9.74,0.069,4,-0.001,0.002,-0.006,5,17.941,-55.228,26.839
1941.31099,3,-1.289,9.742,0.068,4,-0.001,0.001,-0.007,5,17.882,-56.139,26.172
1941.36821,3,-1.289,9.738,0.06,4,0,0.002,-0.007,,,,
1941.42421,3,-1.311,9.732,0.069,4,0.001,0.001,-0.008,5,17.31,-55.656,26.215
1941.48219,3,-1.313,9.728,0.06,4,0.002,0.001,-0.008,5,17.915,-56.627,25.609
1941.53902,3,-1.327,9.719,0.056,4,0.003,0.001,-0.008,,,,
1941.59557,3,-1.333,9.709,0.055,4,0.003,0.001,-0.008,5,17.72,-56.201,25.893
1941.65215,3,-1.356,9.703,0.043,4,0.003,0.001,-0.008,5,17.314,-54.655,26.434
1941.70812,3,-1.377,9.685,0.045,4,0.004,0.001,-0.008,5,18.005,-54.813,25.475
1941.76418,3,-1.399,9.669,0.033,4,0.004,0.001,-0.008,,,,
1941.82222,3,-1.419,9.653,0.03,4,0.003,0.001,-0.008,5,17.169,-54.309,25.937
1941.87853,3,-1.429,9.645,0.027,4,0.003,0.003,-0.007,5,18.164,-55.405,26.547
1941.93529,3,-1.43,9.634,0.013,4,0.003,0.003,-0.006,,,,
1941.99181,3,-1.435,9.627,0.014,4,0.001,0.004,-0.005,5,16.608,-54.807,26.051
1942.0483,3,-1.432,9.626,0.02,4,0,0.005,-0.004,5,17.474,-55.24,25.525
1942.10442,3,-1.428,9.623,0.002,4,-0.001,0.005,-0.003,5,17.461,-55.75,24.905
1942.15978,3,-1.413,9.625,0.021,4,-0.002,0.006,-0.002,,,,
1942.21639,3,-1.401,9.63,0.026,4,-0.003,0.006,-0.001,5,18.079,-55.811,26.785
1942.27303,3,-1.401,9.635,0.025,4,-0.004,0.007,0.001,5,17.966,-55.083,26.44
1942.33031,3,-1.397,9.639,0.033,4,-0.005,0.007,0.002,,,,
1942.38829,3,-1.391,9.649,0.035,4,-0.005,0.007,0.003,5,17.331,-56.09,25.764
1942.44423,3,-1.389,9.662,0.054,4,-0.006,0.007,0.004,5,17.905,-54.77,26.286
1942.50029,3,-1.385,9.677,0.057,4,-0.006,0.007,0.005,5,16.563,-55.334,25.943
1942.55846,3,-1.373,9.687,0.057,4,-0.005,0.007,0.006,,,,
1942.6144,3,-1.362,9.706,0.075,4,-0.005,0.007,0.007,5,16.924,-55.219,26.877
1942.67012,3,-1.355,9.725,0.066,4,-0.005,0.007,0.008,5,17.677,-54.234,25.839
1942.72807,3,-1.33,9.735,0.081,4,-0.004,0.006,0.008,,,,
1942.78468,3,-1.324,9.75,0.084,4,-0.003,0.007,0.009,5,17.345,-54.552,26.016
1942.84136,3,-1.314,9.764,0.081,4,-0.002,0.006,0.009,5,17.361,-55.716,25.897
1942.89751,3,-1.31,9.771,0.089,4,-0.001,0.007,0.008,5,17.044,-55.118,25.967
1942.95296,3,-1.3,9.768,0.081,4,0,0.006,0.008,,,,
1943.0092,3,-1.287,9.765,0.077,4,0.002,0.007,0.008,5,17.664,-55.367,25.786
1943.06581,3,-1.273,9.762,0.066,4,0.003,0.006,0.007,5,17.491,-55.344,26.241
1943.12309,3,-1.263,9.76,0.059,4,0.003,0.006,0.007,5,16.957,-56.499,25.134
1943.18111,3,-1.252,9.75,0.057,4,0.005,0.006,0.006,5,17.458,-54.955,26.608
1943.23775,3,-1.243,9.739,0.045,4,0.006,0.006,0.006,5,17,-55.791,25.928
1943.29433,3,-1.236,9.732,0.029,4,0.005,0.005,0.004,5,16.562,-55.807,26.669
1943.35094,3,-1.228,9.721,0.032,4,0.006,0.005,0.003,,,,
1943.40694,3,-1.232,9.714,0.022,4,0.006,0.005,0.003,5,16.879,-55.495,25.851
1943.46224,3,-1.228,9.704,0.018,4,0.006,0.004,0.001,5,17.612,-55.341,25.456
1943.51946,3,-1.229,9.705,0.018,4,0.006,0.003,0,5,17.616,-56.178,25.302
1943.57729,3,-1.236,9.689,0.006,4,0.005,0.003,-0.001,5,17.787,-56.151,25.839
1943.63402,3,-1.25,9.684,0.011,4,0.004,0.002,-0.001,5,17.683,-54.414,25.368
1943.69011,3,-1.257,9.68,0.006,4,0.003,0.001,-0.002,5,16.71,-54.701,26.375
1943.74599,3,-1.259,9.671,0.008,4,0.002,0.001,-0.003,,,,
1943.80388,3,-1.271,9.667,0.01,4,0.002,0,-0.003,5,17.36,-55.975,26.12
1943.85991,3,-1.279,9.665,0.006,4,0.001,0,-0.004,5,16.443,-55.487,25.832
1943.91524,3,-1.287,9.66,0.024,4,0,-0.001,-0.004,5,17.474,-55.283,25.31
1943.97246,3,-1.284,9.665,0.024,4,-0.002,-0.001,-0.004,5,18.085,-56.055,24.309
1944.03072,3,-1.291,9.664,0.025,4,-0.002,-0.001,-0.005,5,17.944,-55.273,25.374
1944.08775,3,-1.293,9.663,0.037,4,-0.002,-0.002,-0.005,5,17.801,-54.939,24.745
1944.14369,3,-1.295,9.668,0.038,4,-0.003,-0.001,-0.005,,,,
1944.20021,3,-1.303,9.67,0.045,4,-0.003,-0.002,-0.005,5,18.159,-55.368,25.229
1944.25621,3,-1.296,9.673,0.05,4,-0.003,-0.002,-0.006,5,17.549,-53.557,26.25
1944.31163,3,-1.303,9.678,0.053,4,-0.002,-0.002,-0.006,5,17.471,-54.945,25.433
1944.36882,3,-1.316,9.685,0.061,4,-0.003,-0.002,-0.007,5,17.694,-55.203,26.814
1944.42659,3,-1.314,9.689,0.063,4,-0.002,-0.002,-0.007,5,16.917,-54.367,25.491
1944.48345,3,-1.306,9.7,0.063,4,-0.002,-0.002,-0.007,5,16.541,-54.559,25.598
1944.53948,3,-1.314,9.71,0.061,4,-0.002,-0.002,-0.007,,,,
1944.59541,3,-1.318,9.706,0.055,4,-0.001,-0.002,-0.007,5,17.451,-54.922,26.958
1944.6534,3,-1.333,9.71,0.061,4,-0.001,-0.002,-0.007,5,16.788,-54.865,26.576
1944.71053,3,-1.338,9.709,0.055,4,0,-0.002,-0.008,5,17.409,-55.151,25.894
1944.76686,3,-1.335,9.71,0.056,4,0,-0.003,-0.008,,,,
1944.82195,3,-1.342,9.711,0.051,4,0.001,-0.002,-0.007,5,17.249,-55.623,26.147
1944.87984,3,-1.354,9.706,0.045,4,0,-0.003,-0.007,5,18.282,-55.081,25.987
1944.93584,3,-1.356,9.704,0.048,4,0.001,-0.003,-0.007,,,,
1944.99217,3,-1.358,9.706,0.044,4,0.001,-0.003,-0.006,5,17.464,-55.22,26.213
1945.04985,3,-1.36,9.704,0.045,4,0.001,-0.004,-0.005,5,17.194,-55.385,26.476
1945.10579,3,-1.359,9.706,0.045,4,0.001,-0.004,-0.005,5,17.903,-55.376,26.135
1945.16106,3,-1.367,9.705,0.038,4,0.002,-0.005,-0.004,,,,
1945.2177,3,-1.366,9.705,0.043,4,0.001,-0.005,-0.003,5,17.856,-54.715,26.176
1945.27501,3,-1.367,9.708,0.041,4,0.001,-0.005,-0.003,5,17.384,-55.429,25.528
1945.33302,3,-1.374,9.704,0.056,4,0.001,-0.006,-0.002,,,,
1945.3889,3,-1.378,9.712,0.057,4,0.002,-0.006,-0.001,5,18.196,-54.654,27
1945.44487,3,-1.371,9.712,0.059,4,0.001,-0.006,0,5,17.786,-55.103,24.515
1945.50289,3,-1.368,9.705,0.06,4,0.001,-0.007,0,5,17.891,-55.356,26.448
1945.55882,3,-1.377,9.706,0.062,4,0.002,-0.007,0.001,,,,
1945.61409,3,-1.37,9.702,0.065,4,0.003,-0.007,0.002,5,17.712,-55.22,26.485
1945.6707,3,-1.368,9.693,0.071,4,0.003,-0.007,0.002,5,15.871,-55.907,26.469
1945.72801,3,-1.377,9.684,0.057,4,0.003,-0.007,0.003,,,,
1945.78603,3,-1.383,9.677,0.059,4,0.004,-0.007,0.003,5,16.82,-55.534,26.569
1945.84264,3,-1.377,9.666,0.057,4,0.004,-0.007,0.004,5,16.441,-55.843,25.96
1945.89931,3,-1.382,9.661,0.046,4,0.004,-0.007,0.004,5,18.163,-54.607,26.111
1945.95589,3,-1.393,9.658,0.052,4,0.004,-0.007,0.004,,,,
1946.01183,3,-1.404,9.655,0.046,4,0.003,-0.006,0.005,5,17.863,-55,25.9
1946.06709,3,-1.408,9.656,0.033,4,0.003,-0.006,0.005,5,16.454,-55.051,26.472
1946.12373,3,-1.419,9.649,0.034,4,0.003,-0.005,0.005,,,,
1946.18102,3,-1.413,9.657,0.026,4,0.002,-0.004,0.006,5,17.52,-55.196,26.166
1946.239,3,-1.387,9.663,0.028,4,0.001,-0.003,0.007,5,17.468,-54.906,25.601
1946.29558,3,-1.396,9.676,0.031,4,0.001,-0.002,0.007,5,17.139,-54.872,25.763
1946.35225,3,-1.365,9.677,0.019,4,0.001,-0.001,0.008,,,,
1946.40822,3,-1.342,9.69,0.027,4,0,0,0.008,5,17.003,-54.309,25.471
1946.46349,3,-1.344,9.698,0.029,4,-0.001,0,0.008,5,17.964,-55.879,25.632
1946.5208,3,-1.331,9.707,0.036,4,-0.001,0,0.008,5,17.735,-55.301,26.505
1946.57848,3,-1.314,9.715,0.044,4,-0.002,0,0.008,5,17.13,-55.164,25.023
1946.63475,3,-1.302,9.728,0.037,4,-0.002,0.001,0.008,5,15.16,-55.739,25.929
1946.69197,3,-1.294,9.728,0.041,4,-0.002,0.001,0.007,5,17.294,-54.793,25.511
1946.74861,3,-1.273,9.733,0.043,4,-0.001,0.001,0.007,,,,
1946.8044,3,-1.277,9.731,0.041,4,-0.001,0.001,0.006,5,17.78,-56.001,25.084
1946.86055,3,-1.291,9.728,0.053,4,-0.001,0.001,0.005,5,17.813,-55.791,25.404
1946.91783,3,-1.279,9.73,0.059,4,0,0,0.005,5,17.13,-55.28,26.178
1946.97374,3,-1.276,9.724,0.064,4,0,0,0.003,5,18.573,-56.12,25.049
1947.03157,3,-1.284,9.727,0.07,4,0.001,0.001,0.002,5,17.809,-56.496,25.204
1947.0883,3,-1.268,9.718,0.063,4,0.001,0.001,0.002,5,17.928,-55.29,25.137
1947.14501,3,-1.251,9.708,0.065,4,0.001,0.001,0.001,,,,
1947.20155,3,-1.243,9.707,0.047,4,0.002,0.001,0,5,18.614,-56.024,24.983
1947.2582,3,-1.25,9.694,0.058,4,0.003,0.001,-0.001,5,17.964,-55.055,24.301
1947.31487,3,-1.223,9.697,0.05,4,0.002,0.001,-0.003,5,16.425,-54.561,25.148
1947.3712,3,-1.24,9.701,0.044,4,0.002,0,-0.004,5,16.403,-54.953,26.845
1947.42735,3,-1.255,9.697,0.058,4,0.003,0,-0.007,5,16.724,-54.683,25.905
1947.48482,3,-1.272,9.698,0.045,4,0.004,0,-0.007,5,16.992,-54.842,25.284
1947.5414,3,-1.279,9.704,0.054,4,0.003,0,-0.01,,,,
1947.59807,3,-1.274,9.697,0.053,4,0.003,0,-0.011,5,18.169,-55.18,25.499
1947.65459,3,-1.29,9.707,0.041,4,0.003,0,-0.012,5,17.728,-55.301,26.427
1947.71059,3,-1.298,9.712,0.047,4,0.003,0,-0.013,5,17.361,-56.165,25.758
1947.76592,3,-1.344,9.701,0.075,4,0.003,0,-0.014,,,,
1947.82268,3,-1.326,9.687,0.049,4,0.002,0,-0.015,5,17.386,-55.292,25.537
1947.88002,3,-1.3,9.701,-0.053,4,0.001,0.001,-0.017,5,17.117,-55.533,25.992
1947.93703,3,-1.336,9.683,0.049,4,0.003,0,-0.016,,,,
1947.99245,3,-1.429,9.673,0.02,4,0.001,0,-0.015,5,18.787,-54.703,27.132
1948.04976,3,-1.463,9.679,0.041,4,0.001,0.001,-0.018,5,17.799,-56.003,25.626
1948.10768,3,-1.403,9.673,0.034,4,-0.002,0.002,-0.018,5,17.706,-55.246,25.594
1948.16441,3,-1.398,9.668,-0.019,4,-0.002,0.002,-0.018,,,,
1948.2213,3,-1.451,9.663,0.043,4,-0.002,0.003,-0.016,5,17.644,-55.374,25.328
1948.27757,3,-1.495,9.661,0.041,4,-0.004,0.003,-0.016,5,17.389,-55.124,26.884
1948.33412,3,-1.485,9.655,0.02,4,-0.004,0.004,-0.016,,,,
1948.39079,3,-1.468,9.652,0.061,4,-0.005,0.004,-0.015,5,18.307,-55.615,26.016
1948.44695,3,-1.466,9.653,0.032,4,-0.006,0.005,-0.013,5,19.244,-56.277,24.535
1948.50246,3,-1.492,9.657,0.048,4,-0.005,0.005,-0.012,5,19.659,-55.983,24.535
1948.55873,3,-1.49,9.659,0.068,4,-0.006,0.007,-0.012,,,,
1948.61537,3,-1.471,9.665,0.036,4,-0.006,0.006,-0.011,5,17.522,-54.619,25.359
1948.67235,3,-1.464,9.66,0.071,4,-0.005,0.006,-0.01,5,18.823,-56.195,25.874
1948.72997,3,-1.489,9.665,0.053,4,-0.006,0.007,-0.008,,,,
1948.78719,3,-1.488,9.669,0.059,4,-0.005,0.007,-0.007,5,17.606,-55.435,24.615
1948.84383,3,-1.489,9.665,0.082,4,-0.005,0.007,-0.006,5,17.122,-54.39,26.042
1948.90038,3,-1.496,9.668,0.05,4,-0.005,0.007,-0.005,5,17.461,-54.955,25.398
1948.95641,3,-1.49,9.677,0.068,4,-0.004,0.007,-0.003,,,,
1949.01177,3,-1.503,9.677,0.073,4,-0.004,0.008,-0.001,5,17.979,-56.416,25.963
1949.06838,3,-1.507,9.693,0.053,4,-0.004,0.008,0,5,17.989,-55.121,26.552
1949.12563,3,-1.496,9.694,0.073,4,-0.002,0.009,0.001,,,,
1949.18358,3,-1.494,9.7,0.065,4,-0.002,0.008,0.003,5,18.669,-54.42,25.453
1949.24022,3,-1.491,9.708,0.061,4,-0.001,0.009,0.004,5,18.721,-54.475,26.463
1949.29683,3,-1.476,9.706,0.073,4,0,0.009,0.006,5,17.625,-56.19,25.305
1949.35338,3,-1.475,9.714,0.058,4,0,0.009,0.008,,,,
1949.40941,3,-1.456,9.719,0.069,4,0.002,0.009,0.008,5,17.163,-54.686,25.934
1949.46474,3,-1.434,9.724,0.054,4,0.001,0.01,0.01,5,18.213,-55.92,25.461
1949.52205,3,-1.413,9.73,0.039,4,0.003,0.009,0.011,5,18.123,-54.93,26.797
1949.57994,3,-1.403,9.728,0.06,4,0.003,0.009,0.012,5,18.192,-56.03,25.223
1949.63658,3,-1.397,9.724,0.037,4,0.003,0.008,0.013,5,18.845,-56.741,23.889
1949.69277,3,-1.38,9.718,0.043,4,0.004,0.008,0.013,5,18.779,-57.399,24.385
1949.74889,3,-1.382,9.709,0.043,4,0.004,0.007,0.013,,,,
1949.80653,3,-1.38,9.705,0.022,4,0.004,0.006,0.014,5,17.671,-55.423,24.986
1949.86235,3,-1.372,9.701,0.04,4,0.004,0.006,0.015,5,18.262,-55.998,24.721
1949.91841,3,-1.366,9.694,0.03,4,0.004,0.005,0.015,5,19.028,-54.84,24.274
1949.97624,3,-1.335,9.683,0.024,4,0.004,0.005,0.015,5,18.599,-55.969,25.644
1950.03282,3,-1.331,9.677,0.033,4,0.003,0.005,0.015,5,17.613,-55.211,24.988
1950.08955,3,-1.317,9.672,0.026,4,0.003,0.004,0.015,5,17.609,-55.258,25.914
1950.14613,3,-1.315,9.662,0.03,4,0.003,0.004,0.014,,,,
1950.20268,3,-1.307,9.654,0.026,4,0.002,0.003,0.014,5,16.908,-56.453,25.926
1950.25948,3,-1.298,9.653,0.026,4,0.002,0.003,0.013,5,16.734,-55.725,25.801
1950.31548,3,-1.289,9.649,0.033,4,0.001,0.003,0.012,5,16.618,-53.85,26.857
1950.37142,3,-1.285,9.654,0.027,4,0.001,0.003,0.011,5,17.075,-55.077,25.874
1950.42931,3,-1.268,9.658,0.03,4,0.001,0.003,0.01,5,17.265,-55.472,24.821
1950.48595,3,-1.259,9.665,0.026,4,0,0.003,0.009,5,17.239,-55.556,26.585
1950.54253,3,-1.251,9.666,0.026,4,0,0.003,0.008,,,,
1950.5992,3,-1.241,9.671,0.037,4,0,0.003,0.006,5,17.169,-54.329,25.839
1950.65587,3,-1.239,9.68,0.027,4,-0.001,0.003,0.004,5,16.908,-55.93,26.012
1950.71251,3,-1.236,9.681,0.018,4,-0.002,0.002,0.002,5,16.162,-56.459,25.63
1950.76885,3,-1.229,9.689,0.033,4,-0.002,0.002,0.001,5,16.794,-56.056,25.243
1950.82521,3,-1.243,9.7,0.031,4,-0.001,0.001,-0.001,5,16.592,-55.858,26.376
1950.8824,3,-1.239,9.705,0.035,4,-0.002,0.001,-0.002,5,16.502,-55.429,25.691
1950.93907,3,-1.235,9.712,0.034,4,-0.002,0.001,-0.003,,,,
1950.99564,3,-1.239,9.721,0.03,4,-0.003,0,-0.005,5,16.8,-54.581,25.995
1951.05259,3,-1.239,9.732,0.027,4,-0.003,0,-0.007,5,17.836,-55.138,26.134
1951.10895,3,-1.262,9.746,0.036,4,-0.003,-0.001,-0.008,5,16.307,-55.85,27.092
1951.16364,3,-1.267,9.751,0.03,4,-0.003,-0.002,-0.01,,,,
1951.22028,3,-1.278,9.76,0.047,4,-0.003,-0.002,-0.011,5,16.46,-55.074,25.479
1951.27762,3,-1.297,9.763,0.059,4,-0.003,-0.003,-0.012,5,16.98,-55.426,26.233
1951.33561,3,-1.328,9.762,0.068,4,-0.001,-0.003,-0.013,,,,
1951.39209,3,-1.339,9.764,0.075,4,-0.001,-0.003,-0.014,5,15.634,-55.139,25.159
1951.44864,3,-1.336,9.765,0.075,4,0,-0.003,-0.015,5,17.32,-55.289,26.462
1951.50537,3,-1.351,9.75,0.079,4,0.001,-0.003,-0.015,5,18.359,-55.148,25.56
1951.5622,3,-1.365,9.749,0.07,4,0.002,-0.003,-0.015,,,,
1951.61872,3,-1.37,9.732,0.077,4,0.003,-0.003,-0.015,5,18.111,-55.017,26.3
1951.67463,3,-1.378,9.715,0.069,4,0.004,-0.003,-0.016,5,18.262,-55.2,25.912
1951.73096,3,-1.38,9.697,0.061,4,0.004,-0.004,-0.016,,,,
1951.78855,3,-1.394,9.68,0.049,4,0.005,-0.004,-0.015,5,17.963,-55.382,25.858
1951.84516,3,-1.406,9.662,0.05,4,0.005,-0.004,-0.015,5,17.218,-55.946,25.168
1951.9018,3,-1.42,9.644,0.035,4,0.005,-0.004,-0.015,5,17.165,-56.31,26.437
1951.95841,3,-1.421,9.636,0.03,4,0.004,-0.004,-0.015,,,,
1952.01441,3,-1.429,9.626,0.028,4,0.004,-0.004,-0.015,5,19.177,-54.66,25.972
1952.06995,3,-1.429,9.617,0.024,4,0.004,-0.004,-0.014,5,17.986,-55.302,25.79
1952.12751,3,-1.444,9.613,0.015,4,0.002,-0.004,-0.013,,,,
1952.18427,3,-1.457,9.603,0.017,4,0.002,-0.004,-0.013,5,17.717,-54.668,25.432
1952.24021,3,-1.472,9.608,0.018,4,0,-0.004,-0.011,5,17.236,-55.356,25.366
1952.29798,3,-1.483,9.606,0.026,4,-0.001,-0.004,-0.01,5,18.465,-53.658,25.877
1952.3537,3,-1.492,9.61,0.032,4,-0.003,-0.004,-0.008,,,,
1952.40946,3,-1.496,9.618,0.03,4,-0.003,-0.005,-0.007,5,17.366,-55.251,27.197
1952.46607,3,-1.488,9.632,0.033,4,-0.004,-0.004,-0.005,5,17.618,-55.432,25.969
1952.52335,3,-1.493,9.645,0.041,4,-0.005,-0.004,-0.004,,,,
1952.58136,3,-1.489,9.661,0.04,4,-0.006,-0.004,-0.002,5,17.244,-54.703,27.158
1952.63773,3,-1.481,9.675,0.055,4,-0.007,-0.005,-0.001,5,17.482,-55.217,26.563
1952.69406,3,-1.492,9.694,0.064,4,-0.006,-0.004,0.001,5,18.805,-54.626,24.893
1952.75055,3,-1.495,9.715,0.087,4,-0.006,-0.004,0.001,,,,
1952.80582,3,-1.497,9.729,0.093,4,-0.006,-0.004,0.003,5,16.774,-55.768,25.366
1952.86246,3,-1.492,9.746,0.1,4,-0.005,-0.004,0.004,5,18.271,-56.396,24.614
1952.91986,3,-1.489,9.759,0.109,4,-0.004,-0.004,0.005,5,19.209,-56.389,24.274
1952.97794,3,-1.487,9.765,0.111,4,-0.002,-0.003,0.007,5,19.107,-56.734,24.345
1953.03437,3,-1.484,9.769,0.105,4,0,-0.003,0.008,5,18.623,-56.657,24.301
1953.09082,3,-1.471,9.768,0.11,4,0.002,-0.003,0.008,5,18.643,-55.811,23.819
1953.14734,3,-1.46,9.77,0.104,4,0.003,-0.003,0.01,,,,
1953.2034,3,-1.44,9.757,0.101,4,0.004,-0.003,0.01,5,18.036,-56.763,25.429
1953.25885,3,-1.429,9.747,0.092,4,0.006,-0.002,0.011,5,16.803,-55.519,24.94
1953.31549,3,-1.416,9.735,0.077,4,0.008,-0.002,0.011,5,17.043,-54.651,25.237
1953.37232,3,-1.406,9.726,0.071,4,0.009,-0.002,0.012,5,17.354,-56.314,26.068
1953.42972,3,-1.407,9.701,0.055,4,0.009,-0.003,0.012,5,16.833,-56.303,25.432
1953.48655,3,-1.401,9.685,0.054,4,0.01,-0.003,0.013,5,18.259,-54.025,25.433
1953.54261,3,-1.404,9.669,0.037,4,0.01,-0.003,0.013,,,,
1953.5998,3,-1.401,9.649,0.027,4,0.009,-0.003,0.013,5,17.259,-55.766,26.555
1953.65525,3,-1.394,9.644,0.028,4,0.009,-0.003,0.013,5,17.242,-55.031,25.569
1953.71186,3,-1.389,9.628,0.011,4,0.009,-0.003,0.014,5,17.595,-55.234,26.604
1953.76914,3,-1.384,9.626,0.007,4,0.008,-0.003,0.014,5,16.571,-56.227,26.749
1953.82709,3,-1.364,9.625,0.002,4,0.007,-0.003,0.014,5,17.963,-55.133,25.624
1953.88364,3,-1.351,9.624,-0.004,4,0.006,-0.002,0.014,5,16.559,-54.924,25.996
1953.94025,3,-1.342,9.632,0.003,4,0.004,-0.002,0.013,,,,
1953.99692,3,-1.322,9.639,0.006,4,0.003,-0.003,0.013,5,18.477,-55.647,26.508
1954.05292,3,-1.314,9.656,0.014,4,0,-0.002,0.013,5,18.355,-56.038,25.519
1954.10828,3,-1.306,9.659,0.026,4,-0.001,-0.002,0.011,5,18.176,-54.898,25.862
1954.16489,3,-1.305,9.669,0.024,4,-0.002,-0.002,0.011,,,,
1954.22211,3,-1.306,9.687,0.038,4,-0.003,-0.002,0.009,5,17.035,-55.157,25.555
1954.27994,3,-1.302,9.696,0.045,4,-0.003,-0.001,0.008,5,17.625,-54.184,26.149
1954.33655,3,-1.306,9.708,0.042,4,-0.003,0,0.007,,,,
1954.39334,3,-1.306,9.716,0.061,4,-0.003,0,0.005,5,17.566,-55.205,25.948
1954.44989,3,-1.307,9.726,0.063,4,-0.003,0.001,0.004,5,17.769,-55.794,26.106
1954.50586,3,-1.3,9.732,0.055,4,-0.003,0.002,0.003,5,17.947,-55.943,25.999
1954.56128,3,-1.297,9.739,0.06,4,-0.003,0.003,0.001,,,,
1954.61789,3,-1.292,9.739,0.059,4,-0.002,0.003,0,5,16.402,-55.034,26.506
1954.67527,3,-1.287,9.737,0.058,4,-0.001,0.004,-0.002,5,17.842,-55.951,25.674
1954.73331,3,-1.288,9.732,0.062,4,-0.001,0.005,-0.004,,,,
1954.78983,3,-1.292,9.725,0.053,4,0,0.006,-0.005,5,18.427,-55.597,26.364
1954.84641,3,-1.286,9.721,0.049,4,0,0.006,-0.007,5,16.791,-54.784,25.861
1954.90308,3,-1.292,9.712,0.041,4,0,0.006,-0.008,5,16.04,-56.236,25.06
1954.95972,3,-1.3,9.705,0.037,4,0.001,0.006,-0.01,,,,
1955.01572,3,-1.295,9.695,0.035,4,0,0.007,-0.011,5,18.23,-54.494,25.432
1955.07157,3,-1.309,9.691,0.034,4,0,0.007,-0.012,5,18.867,-53.886,26.21
1955.12946,3,-1.32,9.685,0.033,4,0,0.007,-0.013,,,,
1955.1861,3,-1.329,9.681,0.031,4,0,0.006,-0.013,5,16.699,-54.474,26.038
1955.24283,3,-1.339,9.679,0.031,4,-0.001,0.006,-0.014,5,17.308,-55.975,26.161
1955.2995,3,-1.354,9.677,0.034,4,-0.001,0.006,-0.014,5,17.432,-55.51,26.207
1955.35617,3,-1.367,9.678,0.036,4,-0.001,0.006,-0.014,,,,
1955.41211,3,-1.371,9.685,0.038,4,-0.002,0.006,-0.015,5,16.277,-55.22,25.882
1955.46793,3,-1.385,9.684,0.048,4,-0.002,0.006,-0.014,5,16.675,-55.774,25.85
1955.52579,3,-1.398,9.694,0.047,4,-0.002,0.006,-0.014,,,,
1955.58255,3,-1.405,9.695,0.057,4,-0.002,0.006,-0.014,5,17.532,-55.202,27.147
1955.63926,3,-1.423,9.698,0.055,4,-0.003,0.006,-0.014,5,16.965,-55.519,26.141
1955.69583,3,-1.423,9.694,0.067,4,-0.002,0.007,-0.014,5,17.647,-55.495,25.906
1955.75177,3,-1.439,9.699,0.063,4,-0.002,0.007,-0.013,,,,
1955.8071,3,-1.439,9.695,0.061,4,-0.002,0.007,-0.012,5,17.993,-55.383,26.201
1955.86399,3,-1.449,9.689,0.061,4,-0.002,0.007,-0.012,5,18.269,-56.088,25.357
1955.92148,3,-1.454,9.687,0.069,4,-0.001,0.007,-0.011,5,19.246,-56.052,24.547
1955.97882,3,-1.453,9.676,0.064,4,-0.001,0.008,-0.01,5,18.739,-56.032,25.659
1956.03553,3,-1.452,9.674,0.057,4,0,0.008,-0.009,5,19.337,-56.511,24.088
1956.09217,3,-1.454,9.669,0.053,4,0,0.008,-0.008,5,19.589,-55.762,24.385
1956.14881,3,-1.458,9.658,0.057,4,0.001,0.008,-0.007,,,,
1956.20478,3,-1.462,9.654,0.046,4,0,0.008,-0.006,5,19.678,-56.74,25.45
1956.2601,3,-1.464,9.649,0.041,4,0.001,0.008,-0.004,5,18.294,-55.803,25.352
1956.31739,3,-1.468,9.649,0.04,4,0,0.008,-0.003,5,18.097,-57.295,23.889
1956.37473,3,-1.465,9.649,0.034,4,0.001,0.007,-0.002,5,17.798,-55.444,25.85
1956.43067,3,-1.466,9.65,0.034,4,0,0.008,0,5,18.982,-55.627,25.952
1956.48856,3,-1.461,9.649,0.032,4,0,0.007,0.001,5,19.18,-54.852,25.92
1956.54514,3,-1.461,9.657,0.032,4,-0.001,0.007,0.003,,,,
1956.60169,3,-1.453,9.667,0.035,4,-0.001,0.007,0.004,5,17.981,-56.247,25.044
1956.65775,3,-1.454,9.67,0.03,4,-0.002,0.006,0.006,5,18.483,-54.303,25.943
1956.71353,3,-1.448,9.683,0.035,4,-0.002,0.006,0.007,5,17.273,-55.022,25.76
1956.77097,3,-1.44,9.693,0.042,4,-0.002,0.006,0.008,5,17.636,-55.025,25.879
1956.82773,3,-1.428,9.707,0.031,4,-0.003,0.006,0.009,5,18.12,-55.8,25.951
1956.88398,3,-1.422,9.711,0.041,4,-0.002,0.005,0.01,5,17.444,-54.128,26.653
1956.94031,3,-1.41,9.717,0.06,4,-0.003,0.005,0.011,,,,
1956.99817,3,-1.401,9.724,0.058,4,-0.002,0.004,0.012,5,18.117,-54.158,25.977
1957.05411,3,-1.388,9.726,0.06,4,-0.002,0.004,0.012,5,17.264,-54.15,26.187
1957.10953,3,-1.377,9.724,0.06,4,-0.001,0.004,0.013,5,16.87,-56.924,24.867
1957.16678,3,-1.371,9.733,0.063,4,-0.001,0.004,0.013,5,17.003,-55.167,25.243
1957.22461,3,-1.363,9.74,0.066,4,0,0.004,0.013,5,17.619,-55.461,25.88
1957.2811,3,-1.35,9.739,0.068,4,0,0.003,0.013,5,17.111,-55.254,26.28
1957.33738,3,-1.338,9.737,0.066,4,0.001,0.003,0.013,,,,
1957.39344,3,-1.321,9.741,0.077,4,0.002,0.003,0.012,5,16.933,-55.595,26.709
1957.45121,3,-1.313,9.739,0.073,4,0.004,0.003,0.012,5,17.238,-55.373,26.341
1957.50833,3,-1.298,9.732,0.075,4,0.004,0.003,0.011,5,17.407,-55.817,26.038
1957.56479,3,-1.288,9.72,0.069,4,0.005,0.002,0.01,,,,
1957.61988,3,-1.276,9.72,0.053,4,0.006,0.002,0.009,5,17.239,-55.522,25.696
1957.67783,3,-1.269,9.709,0.052,4,0.007,0.002,0.008,5,18.105,-54.936,25.676
1957.73444,3,-1.265,9.692,0.045,4,0.007,0.001,0.007,,,,
1957.79108,3,-1.255,9.687,0.038,4,0.007,0.001,0.005,5,16.997,-55.016,25.758
1957.84769,3,-1.255,9.679,0.029,4,0.008,0.001,0.004,5,17.043,-54.651,25.267
1957.90436,3,-1.255,9.668,0.018,4,0.007,0,0.003,5,18.213,-54.994,25.195
1957.9603,3,-1.259,9.665,0.017,4,0.007,0,0.001,,,,
1958.01557,3,-1.26,9.66,0.012,4,0.006,-0.001,0,5,17.83,-55.455,25.464
1958.07233,3,-1.263,9.658,0.006,4,0.006,-0.001,-0.002,5,18.095,-55.299,26.196
1958.12976,3,-1.27,9.665,0.006,4,0.005,-0.001,-0.003,,,,
1958.18744,3,-1.272,9.659,0.004,4,0.003,-0.002,-0.004,5,17.349,-55.73,26.038
1958.24341,3,-1.283,9.665,0.006,4,0.002,-0.002,-0.005,5,18.027,-54.233,26.051
1958.29938,3,-1.293,9.669,0.007,4,0.001,-0.002,-0.007,5,17.381,-55.547,24.844
1958.35672,3,-1.296,9.674,0.006,4,0,-0.003,-0.008,,,,
1958.41199,3,-1.309,9.677,0.021,4,-0.001,-0.003,-0.009,5,16.008,-55.85,26.569
1958.4693,3,-1.314,9.677,0.022,4,-0.002,-0.003,-0.009,5,16.885,-55.989,25.987
1958.52729,3,-1.323,9.68,0.026,4,-0.002,-0.003,-0.01,,,,
1958.58387,3,-1.331,9.674,0.032,4,-0.003,-0.004,-0.011,5,17.081,-55.759,26.245
1958.64048,3,-1.336,9.676,0.033,4,-0.004,-0.004,-0.011,5,17.696,-54.773,27.266
1958.69678,3,-1.349,9.674,0.047,4,-0.004,-0.004,-0.012,5,17.186,-55.429,26.007
1958.75235,3,-1.361,9.677,0.046,4,-0.005,-0.004,-0.012,,,,
1958.80835,3,-1.368,9.683,0.051,4,-0.005,-0.004,-0.012,5,17.511,-54.034,26.68
1958.86551,3,-1.372,9.688,0.065,4,-0.006,-0.004,-0.012,5,16.782,-55.019,26.286
1958.92334,3,-1.389,9.693,0.069,4,-0.005,-0.005,-0.013,,,,
1958.98029,3,-1.397,9.701,0.073,4,-0.004,-0.004,-0.013,5,18.343,-55.974,24.504
1959.03702,3,-1.407,9.705,0.076,4,-0.004,-0.005,-0.012,5,17.834,-56.267,25.691
1959.09363,3,-1.414,9.701,0.081,4,-0.003,-0.004,-0.012,5,18.433,-56.776,23.376
1959.14951,3,-1.428,9.701,0.082,4,-0.002,-0.004,-0.012,,,,
1959.20478,3,-1.444,9.704,0.074,4,-0.001,-0.004,-0.012,5,17.567,-57.124,23.734
1959.26139,3,-1.465,9.699,0.079,4,0,-0.004,-0.01,5,18.341,-56.996,24.799
1959.31864,3,-1.489,9.692,0.059,4,0,-0.003,-0.01,5,19.046,-55.795,25.685
1959.37656,3,-1.494,9.689,0.061,4,0.001,-0.002,-0.009,5,17.491,-55.702,25.491
1959.43314,3,-1.508,9.686,0.06,4,0.001,-0.002,-0.008,5,17.209,-55.638,25.809
1959.48981,3,-1.511,9.686,0.05,4,0.001,-0.001,-0.007,5,18.028,-55.814,26.518
1959.54663,3,-1.523,9.68,0.054,4,0.001,0,-0.005,,,,
1959.60251,3,-1.528,9.685,0.05,4,0.001,0.001,-0.004,5,18.15,-55.922,25.549
1959.65778,3,-1.534,9.689,0.048,4,0.001,0.001,-0.002,5,18.849,-55.542,26.419
1959.71491,3,-1.532,9.696,0.051,4,0.001,0.003,-0.001,5,17.696,-54.855,26.384
1959.77271,3,-1.529,9.693,0.051,4,0.001,0.003,0.001,5,18.076,-54.5,25.908
1959.82968,3,-1.51,9.704,0.055,4,0.001,0.004,0.002,5,18.054,-53.706,26.425
1959.8862,3,-1.511,9.702,0.064,4,0.001,0.005,0.004,5,18.472,-55.092,27.414
1959.9429,3,-1.489,9.707,0.06,4,0.001,0.006,0.005,,,,
1959.99967,3,-1.465,9.708,0.061,4,0.002,0.006,0.007,5,17.657,-55.168,26.95
1960.05548,3,-1.458,9.706,0.055,4,0.002,0.006,0.008,5,18.379,-55.374,27.063
1960.11081,3,-1.44,9.701,0.06,4,0.002,0.007,0.008,5,18.253,-55.147,26.938
1960.16806,3,-1.421,9.693,0.066,4,0.002,0.007,0.009,5,18.028,-54.88,26.672
1960.22596,3,-1.411,9.689,0.048,4,0.002,0.007,0.01,5,17.641,-54.425,25.697
1960.28189,3,-1.398,9.676,0.054,4,0.003,0.007,0.01,5,16.512,-56.351,25.267
1960.33796,3,-1.392,9.661,0.043,4,0.002,0.007,0.011,,,,
1960.39591,3,-1.388,9.653,0.04,4,0.003,0.007,0.011,5,17.731,-55.847,25.444
1960.45252,3,-1.383,9.646,0.042,4,0.003,0.006,0.011,5,17.702,-56.364,27.133
1960.50849,3,-1.373,9.634,0.026,4,0.003,0.006,0.011,5,17.314,-55.553,25.508
1960.56382,3,-1.356,9.637,0.041,4,0.002,0.006,0.011,,,,
1960.62043,3,-1.346,9.63,0.027,4,0.001,0.006,0.011,5,17.229,-55.687,26.318
1960.67786,3,-1.33,9.633,0.024,4,0.001,0.006,0.011,5,17.32,-55.312,25.729
1960.73593,3,-1.314,9.636,0.04,4,-0.001,0.006,0.011,,,,
1960.79239,3,-1.308,9.646,0.02,4,-0.001,0.006,0.01,5,16.757,-55.121,25.909
1960.849,3,-1.294,9.654,0.041,4,-0.001,0.005,0.01,5,16.829,-55.441,25.865
1960.90555,3,-1.283,9.671,0.034,4,-0.002,0.005,0.009,5,17.336,-54.826,25.992
1960.96146,3,-1.274,9.683,0.033,4,-0.002,0.005,0.008,,,,
1961.0175,3,-1.272,9.697,0.058,4,-0.003,0.005,0.007,5,17.368,-54.652,26.19
1961.07545,3,-1.261,9.715,0.041,4,-0.003,0.004,0.005,5,15.738,-55.751,26.329
1961.13203,3,-1.263,9.73,0.047,4,-0.003,0.004,0.004,,,,
1961.18873,3,-1.264,9.746,0.062,4,-0.002,0.003,0.003,5,17.188,-55.597,26.793
1961.24537,3,-1.271,9.759,0.054,4,-0.002,0.002,0.002,5,16.795,-56.09,26.082
1961.30131,3,-1.271,9.77,0.071,4,-0.002,0.002,0.001,5,16.835,-54.456,26.537
1961.35658,3,-1.278,9.774,0.064,4,-0.001,0.001,0,,,,
1961.41319,3,-1.279,9.779,0.072,4,-0.001,0.001,-0.001,5,17.194,-55.727,26.726
1961.47044,3,-1.29,9.775,0.081,4,0.001,0,-0.003,5,16.829,-54.568,24.751
1961.52827,3,-1.299,9.773,0.073,4,0.002,0,-0.004,,,,
1961.585,3,-1.299,9.768,0.077,4,0.002,0,-0.004,5,17.188,-54.384,25.558
1961.6417,3,-1.318,9.754,0.067,4,0.003,-0.001,-0.005,5,16.705,-55.269,26.193
1961.69819,3,-1.327,9.736,0.059,4,0.004,-0.001,-0.006,5,17.184,-55.254,26.588
1961.75498,3,-1.336,9.719,0.062,4,0.005,-0.001,-0.007,,,,
1961.81095,3,-1.339,9.707,0.045,4,0.005,-0.001,-0.007,5,17.918,-55.798,27.242
1961.86683,3,-1.35,9.689,0.052,4,0.005,-0.001,-0.008,5,16.966,-56.38,25.929
1961.92466,3,-1.358,9.67,0.04,4,0.005,-0.001,-0.008,,,,
1961.98118,3,-1.374,9.658,0.03,4,0.005,-0.001,-0.008,5,17.622,-54.369,24.628
1962.03785,3,-1.392,9.645,0.036,4,0.005,-0.001,-0.008,5,17.961,-56.009,23.596
1962.09455,3,-1.407,9.636,0.016,4,0.004,-0.001,-0.008,5,17.604,-55.666,25.177
1962.15128,3,-1.413,9.629,0.018,4,0.003,0,-0.008,,,,
1962.20746,3,-1.414,9.627,0.022,4,0.003,0,-0.007,5,17.967,-56.833,24.274
1962.26273,3,-1.417,9.626,0.009,4,0.001,0.001,-0.007,5,18.338,-56.291,25.215
1962.32014,3,-1.413,9.633,0.021,4,0.001,0.002,-0.007,5,17.757,-55.783,24.435
1962.37794,3,-1.411,9.635,0.015,4,-0.001,0.002,-0.007,5,17.746,-55.594,25.961
1962.43458,3,-1.409,9.65,0.028,4,-0.002,0.003,-0.006,5,16.765,-54.146,25.818
1962.49128,3,-1.405,9.659,0.027,4,-0.002,0.003,-0.005,5,17.528,-55.579,27.336
1962.547,3,-1.395,9.671,0.024,4,-0.003,0.003,-0.005,,,,
1962.60239,3,-1.394,9.677,0.037,4,-0.004,0.003,-0.005,5,16.18,-54.628,25.598
1962.65906,3,-1.391,9.69,0.045,4,-0.004,0.003,-0.005,5,17.087,-56.358,25.467
1962.71631,3,-1.4,9.698,0.045,4,-0.004,0.003,-0.004,5,18.924,-56.218,25.06
1962.77418,3,-1.397,9.704,0.06,4,-0.004,0.004,-0.004,5,17.366,-56.734,25.026
1962.83082,3,-1.405,9.719,0.056,4,-0.003,0.003,-0.003,5,17.618,-55.847,25.487
1962.88746,3,-1.405,9.724,0.063,4,-0.003,0.003,-0.003,5,17.307,-55.403,23.856
1962.94416,3,-1.401,9.725,0.067,4,-0.003,0.003,-0.003,,,,
1963.0001,3,-1.406,9.732,0.069,4,-0.002,0.003,-0.002,5,18.01,-56.046,26.563
1963.05546,3,-1.408,9.728,0.077,4,-0.001,0.003,-0.001,5,17.032,-55.371,26.048
1963.11207,3,-1.409,9.728,0.071,4,0,0.003,0,5,17.175,-55.133,25.511
1963.16877,3,-1.407,9.717,0.067,4,0,0.002,0,5,17.409,-54.718,26.199
1963.22611,3,-1.406,9.714,0.069,4,0.001,0.002,0,5,17.72,-54.897,26.685
1963.28373,3,-1.406,9.702,0.061,4,0.002,0.002,0.001,5,17.778,-55.219,25.954
1963.3404,3,-1.403,9.693,0.057,4,0.003,0.002,0.002,,,,
1963.39701,3,-1.403,9.689,0.049,4,0.003,0.002,0.002,5,18.732,-54.108,27.647
1963.45301,3,-1.397,9.687,0.041,4,0.004,0.001,0.002,5,17.702,-55.629,26.451
1963.50846,3,-1.39,9.678,0.043,4,0.004,0.001,0.003,5,17.616,-54.572,26.057
1963.56513,3,-1.386,9.678,0.039,4,0.004,0.001,0.004,5,17.14,-54.742,26.291
1963.62238,3,-1.372,9.668,0.032,4,0.004,0.001,0.004,5,17.584,-54.509,25.668
1963.67951,3,-1.362,9.673,0.03,4,0.005,0.001,0.004,5,16.133,-54.727,25.287
1963.7356,3,-1.35,9.672,0.026,4,0.004,0,0.004,,,,
1963.79355,3,-1.346,9.672,0.022,4,0.005,0,0.004,5,17.915,-55.405,26.302
1963.84958,3,-1.346,9.68,0.019,4,0.003,0,0.004,5,17.072,-55.603,25.792
1963.90485,3,-1.344,9.673,0.023,4,0.003,-0.001,0.004,5,18.204,-54.202,25.772
1963.96146,3,-1.34,9.675,0.023,4,0.002,-0.001,0.004,,,,
1964.01865,3,-1.346,9.686,0.014,4,0.001,-0.002,0.004,5,17.912,-55.684,26.77
1964.07654,3,-1.355,9.682,0.018,4,0,-0.002,0.004,5,17.688,-57.205,24.658
1964.13328,3,-1.35,9.689,0.018,4,0,-0.002,0.004,,,,
1964.18986,3,-1.355,9.687,0.024,4,0,-0.002,0.003,5,19.739,-55.612,24.879
1964.24656,3,-1.363,9.693,0.03,4,-0.002,-0.002,0.003,5,18.475,-56.683,25.194
1964.30314,3,-1.36,9.697,0.03,4,-0.002,-0.002,0.003,5,16.605,-56.084,24.806
1964.35917,3,-1.356,9.703,0.044,4,-0.002,-0.002,0.002,,,,
1964.41511,3,-1.363,9.704,0.04,4,-0.002,-0.002,0.001,5,16.864,-55.53,25.6
1964.473,3,-1.354,9.704,0.048,4,-0.002,-0.002,0.001,5,16.898,-55.573,26.094
1964.52967,3,-1.343,9.709,0.053,4,-0.002,-0.002,0.001,,,,
1964.58625,3,-1.338,9.7,0.051,4,-0.002,-0.001,0,5,17.03,-54.828,26.028
1964.64286,3,-1.34,9.697,0.055,4,-0.002,-0.001,-0.001,5,16.577,-55.252,26.028
1964.69889,3,-1.343,9.696,0.059,4,-0.001,-0.001,-0.001,5,18.065,-55.176,24.806
1964.75428,3,-1.354,9.692,0.063,4,0,-0.001,-0.001,,,,
1964.81089,3,-1.354,9.692,0.063,4,0,-0.001,-0.002,5,16.278,-56.87,26.14
1964.86777,3,-1.359,9.69,0.065,4,0.001,-0.001,-0.002,5,17.67,-55.209,26.778
1964.92527,3,-1.369,9.687,0.061,4,0.001,-0.001,-0.003,,,,
1964.98255,3,-1.373,9.685,0.062,4,0.001,-0.001,-0.003,5,18.771,-54.886,26.772
1965.03931,3,-1.38,9.687,0.054,4,0.001,-0.001,-0.001,5,18.471,-55.449,26.234
1965.09592,3,-1.381,9.686,0.051,4,0.001,-0.001,-0.001,5,18.279,-56.972,25.761
1965.15262,3,-1.378,9.686,0.056,4,0.001,-0.001,-0.002,,,,
1965.20859,3,-1.37,9.688,0.041,4,0.002,0,-0.002,5,17.555,-55.042,25.804
1965.26414,3,-1.373,9.685,0.045,4,0.002,0,-0.002,5,17.072,-55.092,26.425
1965.32157,3,-1.377,9.681,0.037,4,0.002,0,-0.002,,,,
1965.37833,3,-1.377,9.679,0.037,4,0.002,0,-0.002,5,16.94,-55.168,27.402
1965.43439,3,-1.372,9.681,0.029,4,0.002,0,-0.002,5,16.722,-55.305,26.189
1965.49225,3,-1.382,9.677,0.03,4,0.001,0.001,-0.002,5,16.292,-54.611,25.064
1965.54893,3,-1.389,9.677,0.03,4,0.001,0.001,-0.002,,,,
1965.60493,3,-1.398,9.677,0.033,4,0,0,-0.002,5,17.017,-55.316,26.247
1965.66031,3,-1.405,9.678,0.032,4,0.001,0,-0.002,5,17.136,-54.648,25.311
1965.7175,3,-1.4,9.682,0.035,4,-0.001,0,-0.001,5,16.911,-53.973,24.478
1965.7754,3,-1.412,9.681,0.034,4,-0.002,0.001,-0.001,5,19.003,-54.773,25.534
1965.83185,3,-1.397,9.688,0.04,4,-0.001,0,-0.001,5,17.372,-55.103,25.328
1965.88791,3,-1.393,9.696,0.041,4,-0.002,0,-0.001,5,17.387,-56.488,24.782
1965.94465,3,-1.393,9.702,0.044,4,-0.002,0.001,-0.001,,,,
1966.00068,3,-1.384,9.707,0.057,4,-0.002,0.001,0,5,18.217,-55.437,26.198
1966.05854,3,-1.384,9.714,0.053,4,-0.002,0,0,5,17.233,-55.252,24.812
1966.11518,3,-1.383,9.72,0.055,4,-0.002,0,-0.001,5,16.882,-55.479,25.378
1966.17176,3,-1.368,9.722,0.062,4,-0.001,0,0,5,18.211,-55.507,25.873
1966.22846,3,-1.37,9.724,0.061,4,-0.001,0,-0.001,5,16.878,-54.939,25.259
1966.28504,3,-1.366,9.725,0.065,4,-0.001,-0.001,0,5,18.089,-56.645,25.131
1966.34183,3,-1.376,9.72,0.057,4,0.001,-0.001,0,,,,
1966.39869,3,-1.368,9.716,0.061,4,0.001,-0.001,-0.001,5,16.939,-55.74,26.299
1966.45435,3,-1.365,9.708,0.058,4,0.002,-0.001,-0.001,5,17.325,-56.277,26.094
1966.50971,3,-1.371,9.693,0.054,4,0.001,-0.001,-0.001,5,17.409,-55.974,25.432
1966.56635,3,-1.366,9.682,0.045,4,0.002,-0.002,-0.001,5,17.265,-55.165,26.303
1966.62372,3,-1.379,9.67,0.033,4,0.002,-0.002,-0.001,5,17.709,-55.194,25.429
1966.68168,3,-1.379,9.661,0.04,4,0.002,-0.002,-0.001,5,17.001,-54.958,25.871
1966.73813,3,-1.381,9.653,0.026,4,0.002,-0.002,-0.001,,,,
1966.79465,3,-1.403,9.645,0.032,4,0.001,-0.003,-0.001,5,17.537,-55.496,25.887
1966.85074,3,-1.406,9.643,0.025,4,0.001,-0.003,-0.001,5,17.221,-55.476,26.503
1966.90613,3,-1.415,9.639,0.018,4,0,-0.002,0,5,17.31,-55.374,25.374
1966.96335,3,-1.419,9.64,0.03,4,0,-0.003,0,5,16.399,-53.009,26.103
1967.0207,3,-1.425,9.638,0.031,4,-0.002,-0.003,0.001,5,18.082,-54.26,26.683
1967.0763,3,-1.433,9.641,0.03,4,-0.002,-0.002,0.001,5,19.359,-55.711,24.432
1967.13337,3,-1.427,9.645,0.05,4,-0.003,-0.002,0.002,,,,
1967.19147,3,-1.429,9.653,0.032,4,-0.004,-0.002,0.002,5,16.609,-55.652,25.81
1967.24735,3,-1.42,9.659,0.048,4,-0.004,-0.002,0.003,5,17.915,-54.712,25.848
1967.30253,3,-1.419,9.664,0.044,4,-0.004,-0.001,0.003,5,15.985,-53.979,26.154
1967.35914,3,-1.416,9.666,0.045,4,-0.004,-0.001,0.003,,,,
1967.41584,3,-1.418,9.671,0.062,4,-0.004,-0.001,0.003,5,16.948,-54.236,26.212
1967.47327,3,-1.415,9.669,0.055,4,-0.004,-0.001,0.004,5,17.084,-55.443,27.161
1967.53104,3,-1.413,9.684,0.063,4,-0.004,-0.001,0.004,,,,
1967.58765,3,-1.397,9.697,0.062,4,-0.003,0,0.004,5,17.686,-54.922,27.272
1967.64432,3,-1.397,9.709,0.069,4,-0.003,0,0.005,5,17.505,-55.023,25.613
1967.70029,3,-1.393,9.714,0.07,4,-0.002,0,0.005,5,17.017,-55.377,24.615
1967.75553,3,-1.389,9.728,0.072,4,-0.002,0,0.005,,,,
1967.81217,3,-1.387,9.738,0.071,4,-0.001,0,0.005,5,18.161,-56.067,25.133
1967.86906,3,-1.379,9.742,0.072,4,0,0,0.005,5,18.105,-55.893,25.273
1967.92664,3,-1.382,9.751,0.07,4,0,0,0.005,,,,
1967.98411,3,-1.373,9.757,0.066,4,0.001,0,0.004,5,17.706,-56.223,24.77
1968.04075,3,-1.363,9.755,0.062,4,0.002,0,0.004,5,17.587,-56.479,25.166
1968.09708,3,-1.356,9.752,0.059,4,0.002,-0.001,0.004,5,19.461,-56.236,24.156
1968.15278,3,-1.359,9.747,0.046,4,0.002,-0.001,0.003,,,,
1968.20856,3,-1.35,9.738,0.051,4,0.003,-0.001,0.003,5,18.231,-55.661,25.101
1968.26581,3,-1.353,9.728,0.041,4,0.003,-0.001,0.003,5,18.266,-55.106,26.132
1968.32374,3,-1.354,9.716,0.042,4,0.003,-0.001,0.003,,,,
1968.38044,3,-1.352,9.7,0.041,4,0.004,-0.002,0.002,5,17.435,-54.533,26.277
1968.43705,3,-1.358,9.697,0.031,4,0.002,-0.002,0.002,5,16.919,-56.491,25.734
1968.49369,3,-1.358,9.681,0.041,4,0.003,-0.002,0.002,5,16.127,-56.038,26.115
1968.55033,3,-1.355,9.679,0.03,4,0.002,-0.003,0.001,,,,
1968.60627,3,-1.367,9.672,0.033,4,0.002,-0.003,0.001,5,17.073,-56.097,27.177
1968.6616,3,-1.358,9.662,0.041,4,0.002,-0.003,0,5,17.323,-55.374,26.741
1968.71891,3,-1.358,9.661,0.043,4,0.002,-0.003,0,,,,
1968.77683,3,-1.354,9.657,0.045,4,0.001,-0.003,-0.001,5,17.349,-55.659,26.408
1968.83341,3,-1.363,9.654,0.036,4,0,-0.003,0,5,17.29,-55.051,26.807
1968.89014,3,-1.381,9.65,0.039,4,0.001,-0.003,-0.001,5,17.322,-55.081,25.365
1968.94675,3,-1.392,9.645,0.047,4,-0.001,-0.003,-0.002,,,,
1969.00263,3,-1.402,9.643,0.041,4,0,-0.003,-0.002,5,17.487,-54.723,25.728
1969.05796,3,-1.417,9.644,0.046,4,0,-0.003,-0.002,5,17.867,-54.828,26.939
1969.11515,3,-1.429,9.652,0.044,4,0,-0.002,-0.002,5,17.775,-55.199,24.506
1969.17301,3,-1.417,9.653,0.037,4,-0.001,-0.002,-0.001,5,18.393,-54.97,26.323
1969.22968,3,-1.444,9.66,0.052,4,0,-0.001,-0.001,5,17.944,-54.768,26.146
1969.28635,3,-1.435,9.67,0.044,4,-0.001,0,-0.001,5,17.09,-54.102,27.005
1969.34244,3,-1.433,9.679,0.042,4,-0.001,0,0,,,,
1969.39771,3,-1.456,9.685,0.039,4,-0.001,0.001,0,5,16.663,-54.851,25.119
1969.45505,3,-1.448,9.693,0.033,4,0,0.002,0.001,5,17.068,-54.852,25.25
1969.51233,3,-1.442,9.705,0.047,4,-0.001,0.003,0.001,5,17.773,-54.657,24.425
1969.56825,3,-1.452,9.707,0.041,4,-0.001,0.003,0.001,5,17.973,-55.382,25.175
1969.62617,3,-1.44,9.708,0.037,4,-0.001,0.005,0.001,5,17.331,-55.002,25.931
1969.68269,3,-1.436,9.711,0.041,4,-0.001,0.005,0.002,5,17.155,-55.922,25.47
1969.7393,3,-1.433,9.708,0.036,4,-0.002,0.006,0.002,,,,
1969.79588,3,-1.416,9.706,0.042,4,-0.002,0.006,0.003,5,17.012,-55.392,26.117
1969.85191,3,-1.409,9.699,0.037,4,-0.002,0.006,0.003,5,18.053,-55.64,25.671
1969.90736,3,-1.399,9.694,0.034,4,-0.003,0.007,0.003,5,17.102,-54.553,26.999
1969.96397,3,-1.401,9.682,0.042,4,-0.003,0.007,0.003,5,17.783,-55.127,25.343
1970.02122,3,-1.388,9.681,0.03,4,-0.003,0.007,0.003,5,18.166,-54.912,27.757
1970.07909,3,-1.389,9.673,0.037,4,-0.003,0.007,0.003,5,18.651,-56.056,26.109
1970.13512,3,-1.383,9.663,0.038,4,-0.003,0.007,0.004,,,,
1970.19112,3,-1.381,9.658,0.034,4,-0.004,0.006,0.004,5,17.104,-55.389,25.592
1970.24837,3,-1.375,9.656,0.041,4,-0.004,0.006,0.003,5,16.827,-55.678,26.326
1970.30373,3,-1.37,9.657,0.027,4,-0.004,0.007,0.004,5,17.43,-55.539,26.181
1970.36034,3,-1.369,9.655,0.036,4,-0.004,0.006,0.003,,,,
1970.41756,3,-1.358,9.661,0.037,4,-0.005,0.006,0.003,5,19.339,-55.687,25.732
1970.47475,3,-1.354,9.667,0.042,4,-0.004,0.006,0.003,5,18.393,-56.073,25.024
1970.5309,3,-1.346,9.679,0.049,4,-0.004,0.006,0.003,,,,
1970.58885,3,-1.337,9.692,0.05,4,-0.004,0.006,0.002,5,17.41,-55.292,26.027
1970.64543,3,-1.33,9.706,0.053,4,-0.004,0.006,0.002,5,17.258,-54.713,25.841
1970.70137,3,-1.322,9.719,0.054,4,-0.003,0.006,0.001,5,17.024,-55.077,25.301
1970.75676,3,-1.329,9.736,0.056,4,-0.002,0.005,0,,,,
1970.81367,3,-1.323,9.74,0.061,4,-0.001,0.005,-0.001,5,16.57,-54.526,27.165
1970.87123,3,-1.332,9.748,0.061,4,-0.002,0.005,-0.001,5,16.545,-55.396,24.628
1970.92839,3,-1.335,9.753,0.053,4,-0.001,0.004,-0.002,,,,
1970.98546,3,-1.352,9.758,0.057,4,0,0.004,-0.002,5,16.429,-54.442,26.407
1971.04283,3,-1.355,9.757,0.057,4,0.001,0.004,-0.002,5,16.809,-54.86,26.826
1971.0984,3,-1.363,9.75,0.049,4,0.002,0.003,-0.003,5,17.496,-54.657,25.906
1971.15449,3,-1.351,9.744,0.042,4,0.002,0.002,-0.003,,,,
1971.21013,3,-1.343,9.734,0.034,4,0.003,0.002,-0.004,5,18.26,-55.251,25.833
1971.26774,3,-1.348,9.727,0.024,4,0.003,0.002,-0.004,5,16.959,-55.803,28.404
1971.32493,3,-1.345,9.704,0.016,4,0.003,0.001,-0.004,,,,
1971.38157,3,-1.355,9.695,0.018,4,0.003,0,-0.005,5,18.335,-55.011,26.41
1971.43824,3,-1.366,9.678,0.017,4,0.002,-0.001,-0.005,5,18.245,-55.482,25.761
1971.49473,3,-1.377,9.662,0.011,4,0.002,-0.001,-0.005,5,17.607,-56.689,25.281
1971.55076,3,-1.377,9.645,0.022,4,0.002,-0.002,-0.006,,,,
1971.60618,3,-1.389,9.633,0.016,4,0.001,-0.003,-0.005,5,16.743,-55.73,25.8
1971.6634,3,-1.409,9.627,0.022,4,0,-0.003,-0.006,5,17.279,-55.806,25.302
1971.7212,3,-1.401,9.618,0.022,4,0,-0.004,-0.005,,,,
1971.77781,3,-1.422,9.613,0.021,4,0,-0.004,-0.004,5,17.668,-55.327,26.213
1971.83455,3,-1.428,9.614,0.033,4,-0.001,-0.005,-0.004,5,17.487,-55.133,26.239
1971.89119,3,-1.43,9.62,0.033,4,-0.001,-0.005,-0.003,5,18.23,-54.62,26.9
1971.94789,3,-1.44,9.622,0.039,4,-0.001,-0.005,-0.002,,,,
1972.00386,3,-1.45,9.635,0.043,4,-0.002,-0.005,-0.002,5,17.067,-55.161,26.103
1972.05922,3,-1.448,9.649,0.041,4,-0.001,-0.005,0,5,17.96,-55.103,25.861
1972.11644,3,-1.456,9.66,0.062,4,-0.001,-0.005,0,5,18.707,-54.466,26.738
1972.17427,3,-1.449,9.672,0.047,4,-0.003,-0.005,0.001,5,18.526,-55.394,25.031
1972.23088,3,-1.448,9.69,0.056,4,-0.003,-0.005,0.002,5,17.635,-56.102,25.038
1972.28743,3,-1.449,9.707,0.061,4,-0.002,-0.005,0.003,5,18.324,-56.389,26.733
1972.34413,3,-1.435,9.722,0.048,4,-0.002,-0.005,0.004,,,,
1972.40031,3,-1.427,9.733,0.052,4,-0.001,-0.005,0.005,5,18.289,-54.628,25.018
1972.45567,3,-1.421,9.744,0.055,4,-0.002,-0.004,0.005,5,18.401,-55.17,26.598
1972.51298,3,-1.417,9.755,0.057,4,-0.001,-0.005,0.005,5,18.71,-54.761,26.335
1972.57069,3,-1.415,9.755,0.062,4,0,-0.004,0.006,5,17.892,-54.26,26.819
1972.62733,3,-1.419,9.756,0.058,4,0,-0.005,0.006,5,17.729,-54.964,25.563
1972.68394,3,-1.41,9.756,0.053,4,0.001,-0.005,0.006,5,16.475,-54.256,26.593
1972.73997,3,-1.415,9.741,0.062,4,0.001,-0.005,0.007,,,,
1972.79597,3,-1.421,9.733,0.057,4,0.001,-0.005,0.007,5,18.983,-56.244,26.224
1972.85383,3,-1.409,9.723,0.048,4,0.001,-0.005,0.007,5,16.693,-55.211,26.028
1972.91038,3,-1.41,9.711,0.059,4,0.002,-0.005,0.007,5,19.112,-55.028,26.756
1972.96699,3,-1.402,9.694,0.045,4,0.002,-0.005,0.007,5,17.104,-54.794,26.144
1973.02366,3,-1.402,9.669,0.052,4,0.002,-0.004,0.008,5,18.327,-54.663,25.537
1973.08024,3,-1.404,9.663,0.053,4,0.002,-0.004,0.008,5,15.926,-57.181,25.726
1973.13694,3,-1.404,9.645,0.044,4,0.002,-0.004,0.008,,,,
1973.19307,3,-1.401,9.634,0.045,4,0.003,-0.005,0.008,5,16.988,-54.829,25.523
1973.24864,3,-1.414,9.623,0.041,4,0.002,-0.005,0.008,5,17.642,-55.724,26.518
1973.305,3,-1.413,9.616,0.039,4,0.003,-0.004,0.009,5,16.882,-54.955,27.657
1973.36223,3,-1.413,9.607,0.034,4,0.002,-0.004,0.009,5,18.437,-55.241,25.836
1973.42006,3,-1.417,9.603,0.029,4,0.002,-0.003,0.009,5,18.501,-56.235,25.916
1973.47664,3,-1.401,9.613,0.03,4,0.002,-0.003,0.01,5,18.108,-54.48,26.767
1973.5334,3,-1.395,9.626,0.029,4,0.001,-0.002,0.01,,,,
1973.5901,3,-1.372,9.637,0.028,4,0.001,-0.002,0.01,5,16.414,-55.174,25.005
1973.64668,3,-1.362,9.653,0.026,4,0,-0.002,0.01,5,16.341,-54.407,25.54
1973.70262,3,-1.358,9.666,0.025,4,-0.001,-0.001,0.009,5,17.751,-55.501,24.416
1973.75801,3,-1.334,9.686,0.03,4,-0.001,0,0.008,,,,
1973.81532,3,-1.336,9.701,0.022,4,-0.002,0,0.008,5,17.722,-55.615,25.778
1973.87257,3,-1.33,9.718,0.026,4,-0.002,0,0.007,5,17.767,-55.518,25.432
1973.92851,3,-1.326,9.732,0.033,4,-0.003,0,0.006,,,,
1973.98637,3,-1.334,9.744,0.041,4,-0.003,0.001,0.005,5,18.887,-55.73,24.385
1974.0424,3,-1.326,9.751,0.04,4,-0.004,0.001,0.004,5,17.273,-55.193,25.778
1974.09782,3,-1.327,9.762,0.049,4,-0.004,0.001,0.004,5,16.898,-54.208,26.625
1974.15443,3,-1.315,9.764,0.045,4,-0.004,0.001,0.003,,,,
1974.21153,3,-1.317,9.768,0.057,4,-0.004,0.001,0.001,5,17.963,-55.708,26.52
1974.26927,3,-1.313,9.767,0.055,4,-0.003,0.001,0.001,,,,
1974.32612,3,-1.311,9.756,0.061,4,-0.002,0.001,0,5,17.053,-54.056,26.773
1974.38273,3,-1.306,9.748,0.066,4,-0.002,0.001,-0.001,5,16.772,-54.904,26.523
1974.43937,3,-1.301,9.737,0.064,4,-0.002,0.001,-0.002,5,17.772,-55.167,26.816
1974.49604,3,-1.3,9.728,0.065,4,-0.001,0,-0.003,,,,
1974.55201,3,-1.3,9.722,0.061,4,-0.001,0,-0.004,5,17.302,-55.83,26.323
1974.6074,3,-1.304,9.706,0.062,4,0.001,0,-0.005,5,17.088,-56.085,25.932
1974.66465,3,-1.318,9.697,0.057,4,0.001,0,-0.006,5,16.716,-55.199,26.224
1974.72249,3,-1.329,9.689,0.068,4,0.002,-0.001,-0.008,5,17.358,-54.048,26.328
1974.77919,3,-1.334,9.682,0.057,4,0.003,-0.001,-0.008,5,17.387,-54.738,25.778
1974.8358,3,-1.349,9.676,0.054,4,0.003,-0.001,-0.009,5,17.479,-55.032,26.378
1974.89167,3,-1.35,9.672,0.061,4,0.004,-0.001,-0.01,,,,
1974.94719,3,-1.379,9.668,0.038,4,0.004,-0.001,-0.01,5,16.116,-55.269,26.625
1975.00383,3,-1.395,9.667,0.044,4,0.004,-0.001,-0.01,5,18.227,-55.159,25.97
1975.06102,3,-1.41,9.666,0.046,4,0.004,-0.001,-0.01,5,17.239,-54.585,26.186
1975.11888,3,-1.447,9.665,0.034,4,0.004,-0.001,-0.01,5,17.653,-54.036,25.734
1975.17558,3,-1.463,9.66,0.041,4,0.004,0,-0.01,5,16.768,-53.87,25.777
1975.23216,3,-1.477,9.659,0.027,4,0.003,0,-0.009,5,17.95,-54.729,25.786
1975.2888,3,-1.503,9.662,0.023,4,0.003,0.001,-0.008,,,,
1975.34553,3,-1.494,9.664,0.03,4,0.002,0.002,-0.007,5,17.13,-56.57,25.433
1975.4015,3,-1.503,9.665,0.022,4,0.001,0.003,-0.006,5,16.673,-55.952,25.577
1975.45683,3,-1.501,9.665,0.031,4,-0.001,0.004,-0.004,5,16.919,-55.94,24.782
1975.51393,3,-1.492,9.667,0.024,4,-0.001,0.005,-0.003,5,18.111,-54.044,26.018
1975.57121,3,-1.489,9.67,0.017,4,-0.001,0.006,-0.001,5,17.195,-56.039,25.089
1975.6277,3,-1.478,9.663,0.033,4,-0.002,0.006,0,5,17.287,-56.525,25.687
1975.68458,3,-1.466,9.661,0.027,4,-0.003,0.007,0.001,,,,
1975.74055,3,-1.455,9.661,0.026,4,-0.004,0.007,0.002,5,17.636,-54.8,26.047
1975.79774,3,-1.448,9.657,0.028,4,-0.005,0.007,0.002,5,17.674,-55.583,27.51
1975.85383,3,-1.44,9.651,0.03,4,-0.006,0.008,0.003,5,17.639,-55.855,26.299
1975.91105,3,-1.429,9.646,0.039,4,-0.006,0.008,0.004,5,17.616,-55.374,26.027
1975.96714,3,-1.436,9.639,0.041,4,-0.006,0.008,0.004,5,17.592,-55.061,26.288
1976.02501,3,-1.421,9.645,0.044,4,-0.008,0.008,0.004,5,17.264,-54.797,26.364
1976.08155,3,-1.417,9.645,0.05,4,-0.007,0.008,0.005,,,,
1976.13762,3,-1.414,9.654,0.061,4,-0.007,0.009,0.005,5,18.387,-54.768,26.027
1976.19365,3,-1.4,9.661,0.063,4,-0.007,0.008,0.006,5,17.305,-55.481,26.227
1976.25151,3,-1.405,9.677,0.073,4,-0.006,0.009,0.006,5,17.133,-54.881,26.021
1976.30748,3,-1.401,9.689,0.076,4,-0.006,0.008,0.006,,,,
1976.3629,3,-1.391,9.704,0.083,4,-0.004,0.008,0.007,5,17.271,-55.151,25.6
1976.42024,3,-1.394,9.722,0.087,4,-0.003,0.008,0.007,5,17.282,-54.918,26.279
1976.47807,3,-1.385,9.738,0.075,4,-0.002,0.008,0.007,,,,
1976.53462,3,-1.385,9.75,0.082,4,-0.001,0.008,0.008,5,17.168,-54.642,26.167
1976.59114,3,-1.381,9.758,0.076,4,0.001,0.008,0.007,5,16.498,-54.414,26.05
1976.64717,3,-1.371,9.773,0.072,4,0.002,0.007,0.008,5,18.228,-55.086,26.62
1976.70268,3,-1.367,9.771,0.065,4,0.003,0.008,0.008,,,,
1976.75929,3,-1.366,9.764,0.05,4,0.003,0.007,0.008,5,18.057,-56.097,25.024
1976.81648,3,-1.357,9.76,0.044,4,0.004,0.007,0.007,5,17.86,-56.514,24.298
1976.87431,3,-1.356,9.749,0.032,4,0.004,0.007,0.007,,,,
1976.93092,3,-1.356,9.736,0.026,4,0.005,0.007,0.006,5,19.106,-56.058,25.708
1976.98753,3,-1.349,9.717,0.022,4,0.005,0.007,0.006,5,17.793,-55.434,25.06
1977.0442,3,-1.354,9.698,0.01,4,0.004,0.007,0.006,5,16.382,-55.449,26.039
1977.10026,3,-1.353,9.677,0.017,4,0.004,0.006,0.005,,,,
1977.15568,3,-1.344,9.663,0.013,4,0.003,0.006,0.005,5,17.017,-55.374,25.743
1977.2129,3,-1.336,9.652,0.004,4,0.002,0.006,0.005,5,16.307,-55.884,25.558
1977.27009,3,-1.334,9.64,0.017,4,0.001,0.005,0.004,,,,
1977.32612,3,-1.319,9.629,0.01,4,0,0.005,0.004,5,17.328,-55.095,25.729
1977.38395,3,-1.314,9.62,0.01,4,0,0.005,0.004,5,17.239,-56.085,25.89
1977.44059,3,-1.314,9.618,0.016,4,-0.001,0.004,0.003,5,16.652,-54.959,25.662
1977.49662,3,-1.299,9.621,0.015,4,-0.002,0.004,0.003,,,,
1977.55207,3,-1.304,9.623,0.023,4,-0.003,0.003,0.002,5,17.041,-54.802,28.813
1977.60869,3,-1.298,9.631,0.025,4,-0.004,0.003,0.001,5,17.561,-55.4,27.405
1977.66591,3,-1.295,9.641,0.024,4,-0.003,0.002,0.001,5,17.661,-55.965,26.283
1977.72368,3,-1.305,9.648,0.041,4,-0.004,0.001,0,5,16.113,-55.238,26.602
1977.78035,3,-1.306,9.662,0.037,4,-0.004,0,0,5,17.155,-54.527,25.826
1977.83699,3,-1.318,9.678,0.044,4,-0.003,0,-0.001,5,16.893,-55.305,26.46
1977.8936,3,-1.328,9.702,0.049,4,-0.004,-0.001,-0.002,,,,
1977.94963,3,-1.328,9.72,0.052,4,-0.003,-0.001,-0.002,5,17.146,-55.232,26.593
1978.00508,3,-1.333,9.742,0.056,4,-0.002,-0.002,-0.003,5,16.956,-55.096,25.731
1978.0623,3,-1.348,9.768,0.062,4,-0.002,-0.002,-0.003,5,17.058,-56.345,25.311
1978.12016,3,-1.348,9.778,0.06,4,-0.001,-0.003,-0.003,5,15.976,-54.546,26.083
1978.1768,3,-1.353,9.795,0.066,4,0,-0.003,-0.003,5,16.283,-55.37,26.749
1978.23335,3,-1.359,9.797,0.062,4,0.001,-0.003,-0.004,5,17.046,-56.284,25.746
1978.28999,3,-1.372,9.795,0.061,4,0.002,-0.003,-0.004,,,,
1978.34605,3,-1.377,9.787,0.058,4,0.002,-0.004,-0.004,5,16.853,-56.209,24.739
1978.4015,3,-1.387,9.779,0.053,4,0.003,-0.004,-0.004,5,17.183,-54.271,25.975
1978.45811,3,-1.39,9.76,0.048,4,0.004,-0.004,-0.004,5,15.8,-55.109,25.362
1978.5153,3,-1.393,9.738,0.041,4,0.005,-0.005,-0.004,5,16.241,-55.826,26.34
1978.5731,3,-1.397,9.719,0.03,4,0.004,-0.005,-0.003,5,17.433,-55.101,26.123
1978.62971,3,-1.401,9.699,0.033,4,0.005,-0.005,-0.003,5,18.581,-56.079,25.806
1978.68644,3,-1.396,9.678,0.024,4,0.004,-0.005,-0.003,,,,
1978.74315,3,-1.4,9.661,0.026,4,0.004,-0.005,-0.002,5,16.971,-56.091,24.365
1978.79902,3,-1.404,9.646,0.031,4,0.003,-0.005,-0.002,5,16.574,-55.35,26.996
1978.85447,3,-1.388,9.636,0.025,4,0.003,-0.006,-0.001,5,16.983,-54.936,26.202
1978.91121,3,-1.383,9.619,0.018,4,0.003,-0.006,-0.001,5,17.062,-54.744,26.779
1978.96849,3,-1.39,9.612,0.022,4,0.003,-0.006,-0.001,5,17.972,-54.474,26.529
1979.02613,3,-1.386,9.609,0.029,4,0.002,-0.006,-0.001,5,16.824,-55.36,25.459
1979.08281,3,-1.386,9.603,0.023,4,0.001,-0.006,-0.001,,,,
1979.13942,3,-1.387,9.611,0.026,4,0.002,-0.006,-0.001,5,17.357,-54.073,27.02
1979.19545,3,-1.391,9.615,0.031,4,0.001,-0.006,-0.001,5,17.259,-55.443,25.621
1979.25151,3,-1.392,9.621,0.026,4,0,-0.006,0,5,15.553,-55.794,26.582
1979.3087,3,-1.392,9.638,0.033,4,-0.001,-0.005,0,,,,
1979.36473,3,-1.401,9.648,0.029,4,-0.001,-0.006,0,5,17.908,-54.568,26.024
1979.42253,3,-1.4,9.661,0.032,4,-0.001,-0.006,0,5,17.442,-55.014,26.228
1979.4792,3,-1.411,9.674,0.03,4,-0.002,-0.006,0.001,,,,
1979.53526,3,-1.419,9.689,0.032,4,-0.001,-0.006,0.001,5,15.889,-55.312,26.82
1979.59123,3,-1.422,9.706,0.039,4,-0.001,-0.006,0.001,5,17.709,-55.629,24.913
1979.64906,3,-1.43,9.716,0.035,4,-0.002,-0.006,0.002,5,17.314,-54.767,25.391
1979.70509,3,-1.433,9.737,0.031,4,-0.001,-0.006,0.002,,,,
1979.76075,3,-1.448,9.733,0.042,4,-0.002,-0.007,0.003,5,17.406,-54.889,25.801
1979.81813,3,-1.456,9.736,0.032,4,-0.002,-0.007,0.004,5,16.754,-56.084,25.22
1979.87544,3,-1.47,9.728,0.037,4,-0.001,-0.007,0.005,,,,
1979.93248,3,-1.482,9.72,0.035,4,-0.001,-0.007,0.006,5,18.065,-55.821,25.304
1979.98945,3,-1.482,9.705,0.034,4,-0.001,-0.006,0.007,5,18.175,-55.986,25.272
1980.0449,3,-1.477,9.697,0.038,4,-0.001,-0.005,0.008,5,18.393,-55.049,26.14
1980.10032,3,-1.476,9.681,0.026,4,-0.001,-0.005,0.009,,,,
1980.15748,3,-1.466,9.67,0.031,4,-0.001,-0.004,0.01,5,18.222,-56.467,24.477
1980.21522,3,-1.452,9.66,0.033,4,-0.002,-0.003,0.011,5,17.326,-55.618,26.752
1980.2714,3,-1.439,9.657,0.029,4,-0.002,-0.002,0.011,,,,
1980.3274,3,-1.418,9.643,0.032,4,-0.003,-0.001,0.012,5,17.807,-55.487,25.896
1980.3852,3,-1.396,9.646,0.036,4,-0.002,0,0.012,5,18.456,-55.157,25.919
1980.44185,3,-1.368,9.649,0.039,4,-0.002,0.001,0.012,5,17.59,-56.894,25.711
1980.4987,3,-1.346,9.656,0.045,4,-0.003,0.001,0.011,,,,
1980.55549,3,-1.326,9.665,0.043,4,-0.002,0.002,0.011,5,17.798,-55.199,27.618
1980.61168,3,-1.309,9.681,0.051,4,-0.002,0.002,0.01,5,17.136,-55.382,27.399
1980.66789,3,-1.299,9.688,0.053,4,-0.002,0.002,0.009,,,,
1980.72368,3,-1.288,9.706,0.057,4,0,0.002,0.008,5,17.535,-55.368,25.696
1980.78135,3,-1.288,9.716,0.053,4,0.001,0.002,0.007,5,16.093,-55.684,25.137
1980.83821,3,-1.277,9.732,0.053,4,0.001,0.001,0.006,5,16.631,-56.079,25.893
1980.89491,3,-1.279,9.736,0.044,4,0.002,0.002,0.005,,,,
1980.9517,3,-1.279,9.744,0.045,4,0.003,0.001,0.003,5,17.589,-55.792,26.396
1981.00825,3,-1.289,9.75,0.042,4,0.003,0.001,0.002,5,17.252,-55.443,26.868
1981.06477,3,-1.285,9.755,0.03,4,0.003,0,0.001,5,16.605,-55.551,26.636
1981.12165,3,-1.295,9.754,0.034,4,0.004,0,0,5,16.162,-55.281,24.821
1981.17826,3,-1.299,9.75,0.026,4,0.004,0,-0.001,5,16.714,-55.165,27.066
1981.23487,3,-1.308,9.75,0.019,4,0.005,-0.001,-0.002,5,17.923,-55.092,27.296
1981.29154,3,-1.321,9.745,0.022,4,0.005,-0.001,-0.003,,,,
1981.34748,3,-1.319,9.733,0.016,4,0.005,-0.002,-0.003,5,17.072,-54.797,25.125
1981.40275,3,-1.347,9.724,0.019,4,0.003,-0.002,-0.004,5,17.395,-54.784,27.068
1981.45991,3,-1.378,9.713,0.015,4,0.003,-0.002,-0.005,5,16.599,-54.376,26.418
1981.51774,3,-1.399,9.697,0.014,4,0.004,-0.002,-0.005,5,17.288,-55.374,26.038
1981.57472,3,-1.419,9.673,0.01,4,0.003,-0.002,-0.005,5,17.046,-55.302,26.237
1981.63142,3,-1.44,9.662,0.007,4,0.002,-0.001,-0.005,5,16.512,-56.175,25.017
1981.68739,3,-1.434,9.645,0.014,4,0.002,0,-0.005,,,,
1981.74317,3,-1.433,9.63,0.004,4,0.001,0.001,-0.005,5,17.455,-55.498,25.888
1981.80049,3,-1.428,9.613,0.002,4,0.001,0.002,-0.005,5,17.317,-55.385,25.729
1981.85575,3,-1.413,9.608,0.005,4,0,0.003,-0.004,5,17.3,-56.05,24.736
1981.91294,3,-1.404,9.598,-0.001,4,-0.002,0.004,-0.004,5,19.101,-56.036,25.822
1981.97068,3,-1.391,9.606,0.005,4,-0.002,0.005,-0.004,5,17.134,-56.477,25.793
1982.02751,3,-1.385,9.615,0.007,4,-0.003,0.005,-0.004,5,17.738,-55.103,27.098
1982.08418,3,-1.374,9.619,0.01,4,-0.004,0.005,-0.004,,,,
1982.14015,3,-1.376,9.634,0.014,4,-0.004,0.006,-0.004,5,18.097,-55.74,25.739
1982.19554,3,-1.389,9.649,0.023,4,-0.004,0.006,-0.004,5,17.941,-54.556,26.059
1982.25215,3,-1.389,9.665,0.029,4,-0.006,0.006,-0.004,5,17.365,-54.924,26.215
1982.30876,3,-1.384,9.68,0.033,4,-0.006,0.006,-0.004,5,17.992,-56.282,25.725
1982.36579,3,-1.393,9.697,0.035,4,-0.006,0.006,-0.004,5,17.407,-54.544,25.488
1982.42347,3,-1.399,9.702,0.033,4,-0.006,0.006,-0.004,5,17.389,-54.416,25.247
1982.48054,3,-1.405,9.722,0.03,4,-0.005,0.006,-0.004,,,,
1982.53715,3,-1.411,9.726,0.031,4,-0.006,0.006,-0.003,5,17.54,-54.929,26.622
1982.59345,3,-1.425,9.736,0.042,4,-0.005,0.006,-0.003,5,17.68,-54.924,26.744
1982.64912,3,-1.425,9.738,0.038,4,-0.005,0.006,-0.003,5,18.567,-55.005,27.359
1982.70518,3,-1.425,9.732,0.032,4,-0.004,0.006,-0.002,,,,
1982.7624,3,-1.433,9.742,0.049,4,-0.003,0.006,-0.002,5,17.027,-54.974,25.296
1982.82029,3,-1.444,9.737,0.037,4,-0.004,0.006,-0.001,5,17.108,-55.902,26.393
1982.8769,3,-1.445,9.728,0.054,4,-0.003,0.006,0,,,,
1982.9329,3,-1.448,9.714,0.046,4,-0.002,0.006,0,5,17.491,-54.967,26.872
1982.98899,3,-1.432,9.704,0.026,4,-0.002,0.007,0.001,5,17.424,-55.626,26.141
1983.04695,3,-1.43,9.701,0.051,4,-0.001,0.007,0.002,5,18.645,-55.273,25.211
1983.10291,3,-1.426,9.689,0.036,4,-0.001,0.006,0.002,,,,
1983.15818,3,-1.408,9.682,0.039,4,0,0.006,0.003,5,18.309,-56.837,25.13
1983.21552,3,-1.402,9.681,0.04,4,0.001,0.006,0.004,5,18.968,-56.038,25.798
1983.27354,3,-1.398,9.676,0.041,4,0,0.006,0.004,,,,
1983.33012,3,-1.389,9.671,0.049,4,0.001,0.005,0.004,5,18.547,-56.277,24.101
1983.38679,3,-1.384,9.675,0.041,4,0.001,0.005,0.005,5,17.513,-55.141,26.648
1983.44334,3,-1.379,9.671,0.04,4,0.002,0.005,0.005,5,18.474,-54.861,26.434
1983.49928,3,-1.377,9.671,0.038,4,0.003,0.005,0.005,,,,
1983.5546,3,-1.381,9.669,0.03,4,0.003,0.004,0.005,5,18.057,-53.838,27.301
1983.61189,3,-1.369,9.674,0.036,4,0.004,0.004,0.005,5,16.917,-55.731,26.36
1983.66984,3,-1.354,9.677,0.02,4,0.004,0.004,0.005,,,,
1983.72645,3,-1.334,9.677,0.014,4,0.004,0.004,0.005,5,17.343,-56.454,26.149
1983.78306,3,-1.342,9.68,0.011,4,0.005,0.003,0.006,5,16.609,-55.006,25.88
1983.83979,3,-1.35,9.68,0,4,0.004,0.003,0.005,5,17.232,-54.533,25.768
1983.89646,3,-1.346,9.678,-0.009,4,0.004,0.002,0.005,,,,
1983.95283,3,-1.346,9.677,0.002,4,0.003,0.001,0.005,5,17.725,-54.301,25.906
1984.00871,3,-1.352,9.681,-0.013,4,0.003,0,0.005,5,16.594,-55.681,25.989
1984.06425,3,-1.358,9.679,-0.006,4,0.002,0,0.005,5,17.404,-54.938,26.064
1984.12156,3,-1.352,9.679,-0.007,4,0.001,-0.001,0.004,5,17.001,-56.024,26.294
1984.17954,3,-1.35,9.668,-0.006,4,-0.001,-0.001,0.004,5,16.751,-54.657,26.427
1984.23612,3,-1.351,9.673,-0.011,4,-0.001,-0.002,0.004,5,17.57,-54.961,26.34
1984.29273,3,-1.369,9.673,-0.004,4,-0.002,-0.002,0.004,,,,
1984.3494,3,-1.36,9.665,-0.002,4,-0.003,-0.002,0.004,5,17.451,-55.887,26.706
1984.40601,3,-1.366,9.666,0.014,4,-0.004,-0.003,0.003,5,17.288,-55.118,27.298
1984.46205,3,-1.38,9.666,0.036,4,-0.005,-0.003,0.003,5,17.351,-55.495,26.657
1984.51777,3,-1.37,9.673,0.023,4,-0.006,-0.003,0.004,5,16.261,-54.178,25.79
1984.57502,3,-1.359,9.673,0.041,4,-0.005,-0.003,0.003,5,16.67,-55.106,26.201
1984.63252,3,-1.358,9.681,0.056,4,-0.006,-0.004,0.004,5,17.723,-55.751,26.138
1984.6891,3,-1.35,9.694,0.05,4,-0.005,-0.003,0.004,,,,
1984.74507,3,-1.341,9.703,0.07,4,-0.005,-0.004,0.004,5,17.609,-55.748,26.466
1984.80039,3,-1.329,9.704,0.061,4,-0.004,-0.004,0.003,5,17.297,-55.15,26.982
1984.857,3,-1.33,9.713,0.087,4,-0.003,-0.004,0.002,5,16.386,-55.717,25.427
1984.91419,3,-1.331,9.729,0.073,4,-0.002,-0.004,0.002,5,16.411,-54.802,26.315
1984.97202,3,-1.338,9.729,0.061,4,0,-0.004,0.002,5,17.773,-55.33,25.856
1985.02879,3,-1.333,9.726,0.075,4,0.001,-0.004,0,5,19.028,-56.107,25.882
1985.08543,3,-1.325,9.739,0.057,4,0.002,-0.004,0,,,,
1985.1421,3,-1.338,9.732,0.052,4,0.003,-0.004,-0.001,5,17.554,-55.644,24.821
1985.19801,3,-1.337,9.73,0.044,4,0.004,-0.004,-0.001,5,18.011,-56.569,26.344
1985.25364,3,-1.331,9.731,0.022,4,0.005,-0.004,-0.002,5,17.508,-55.28,26.088
1985.31114,3,-1.33,9.724,0.03,4,0.005,-0.004,-0.003,5,16.977,-55.096,26.001
1985.36848,3,-1.348,9.712,0.015,4,0.005,-0.004,-0.003,5,16.556,-55.432,25.99
1985.42515,3,-1.365,9.698,0.01,4,0.005,-0.005,-0.003,5,17.386,-55.028,25.868
1985.48179,3,-1.364,9.689,0.018,4,0.004,-0.005,-0.004,,,,
1985.53843,3,-1.372,9.684,0.006,4,0.004,-0.005,-0.004,5,17.94,-55.64,27.342
1985.59449,3,-1.388,9.675,0.02,4,0.003,-0.006,-0.004,5,17.151,-54.655,25.555
1985.64982,3,-1.394,9.67,0.013,4,0.002,-0.006,-0.004,5,16.997,-55.473,25.938
1985.70643,3,-1.396,9.665,0.014,4,0.001,-0.006,-0.003,,,,
1985.7631,3,-1.401,9.659,0.028,4,0,-0.007,-0.003,5,17.679,-55.299,26.091
1985.82041,3,-1.401,9.659,0.019,4,-0.001,-0.006,-0.003,5,17.368,-56.435,25.6
1985.87815,3,-1.405,9.659,0.028,4,-0.001,-0.007,-0.002,,,,
1985.93479,3,-1.41,9.661,0.035,4,-0.001,-0.007,-0.002,5,17.438,-54.155,25.797
1985.99134,3,-1.414,9.664,0.03,4,-0.002,-0.007,-0.001,5,18.216,-55.188,25.735
1986.04807,3,-1.413,9.665,0.044,4,-0.001,-0.007,-0.001,5,18.115,-56.395,25.212
1986.10407,3,-1.424,9.665,0.05,4,-0.002,-0.007,0,,,,
1986.16007,3,-1.437,9.67,0.048,4,-0.002,-0.007,0,5,17.973,-56.487,24.541
1986.21809,3,-1.452,9.673,0.055,4,-0.002,-0.006,0.001,5,17.834,-56.178,24.95
1986.27488,3,-1.474,9.669,0.05,4,-0.001,-0.006,0.001,,,,
1986.33067,3,-1.48,9.677,0.053,4,-0.001,-0.005,0.001,5,18.443,-55.974,26.289
1986.38664,3,-1.484,9.679,0.055,4,0,-0.004,0.002,5,18.224,-54.465,26.357
1986.44462,3,-1.48,9.677,0.049,4,0.001,-0.003,0.003,5,17.145,-54.907,26.309
1986.50126,3,-1.469,9.68,0.048,4,0.001,-0.001,0.004,,,,
1986.55726,3,-1.452,9.686,0.043,4,0.001,-0.001,0.005,5,17.072,-55.194,26.276
1986.61311,3,-1.434,9.689,0.036,4,0.001,0,0.005,5,17.915,-55.675,26.753
1986.67106,3,-1.422,9.684,0.04,4,0.001,0.002,0.005,,,,
1986.72782,3,-1.401,9.689,0.028,4,0.001,0.002,0.006,5,16.55,-54.614,25.999
1986.78416,3,-1.379,9.691,0.026,4,0.001,0.003,0.006,5,17.828,-54.778,26.254
1986.84052,3,-1.373,9.683,0.02,4,0.001,0.003,0.007,5,18.239,-55.038,25.781
1986.89695,3,-1.367,9.683,0.019,4,0,0.002,0.007,,,,
1986.95222,3,-1.364,9.685,0.022,4,0,0.003,0.006,5,16.911,-55.35,26.904
1987.00962,3,-1.372,9.677,0.015,4,-0.002,0.003,0.006,5,17.383,-55.371,26.546
1987.06761,3,-1.373,9.677,0.016,4,-0.003,0.002,0.006,,,,
1987.124,3,-1.37,9.677,0.026,4,-0.003,0.002,0.006,5,17.795,-55.824,26.068
1987.1808,3,-1.376,9.681,0.026,4,-0.003,0.002,0.006,5,17.679,-54.98,25.688
1987.2375,3,-1.382,9.687,0.033,4,-0.004,0.002,0.006,5,17.273,-55.701,26.292
1987.29337,3,-1.384,9.691,0.047,4,-0.005,0.002,0.005,,,,
1987.34864,3,-1.378,9.7,0.057,4,-0.004,0.002,0.005,5,16.095,-56.572,26.92
1987.40525,3,-1.372,9.702,0.062,4,-0.003,0.002,0.005,5,16.873,-55.815,26.448
1987.46189,3,-1.372,9.709,0.065,4,-0.003,0.002,0.006,5,18.283,-56.021,26.46
1987.51917,3,-1.362,9.711,0.064,4,-0.003,0.002,0.005,5,16.858,-55.511,26.176
1987.57722,3,-1.354,9.72,0.077,4,-0.002,0.003,0.005,5,16.92,-55.653,25.771
1987.63389,3,-1.338,9.72,0.071,4,-0.001,0.003,0.005,5,18.227,-54.927,25.166
1987.68974,3,-1.334,9.723,0.07,4,0,0.002,0.004,,,,
1987.745,3,-1.326,9.724,0.064,4,0.002,0.003,0.004,5,16.548,-54.961,26.44
1987.80168,3,-1.317,9.726,0.06,4,0.003,0.002,0.003,5,17.403,-55.344,25.681
1987.85899,3,-1.304,9.726,0.053,4,0.003,0.002,0.002,5,18.282,-55.33,25.381
1987.917,3,-1.295,9.715,0.041,4,0.004,0.002,0.002,5,15.823,-55.576,26.923
1987.97367,3,-1.289,9.716,0.038,4,0.005,0.002,0.001,5,16.246,-55.156,26.582
1988.03019,3,-1.291,9.709,0.03,4,0.005,0.002,-0.001,5,17.494,-55.344,24.998
1988.08683,3,-1.288,9.697,0.022,4,0.005,0.001,-0.001,,,,
1988.14277,3,-1.298,9.685,0.01,4,0.005,0.001,-0.003,5,17.662,-55.893,25.931
1988.19804,3,-1.305,9.673,0.005,4,0.004,0.001,-0.004,5,17.578,-55.664,25.282
1988.25468,3,-1.313,9.666,0.005,4,0.003,0,-0.005,5,18.793,-56.398,25.162
1988.31138,3,-1.321,9.655,-0.002,4,0.002,0,-0.006,5,16.379,-55.136,25.307
1988.36869,3,-1.326,9.656,-0.002,4,0,-0.001,-0.006,5,16.885,-55.318,25.848
1988.42637,3,-1.346,9.646,0.002,4,-0.001,0,-0.007,5,18.005,-55.359,26.917
1988.4831,3,-1.358,9.651,0.003,4,-0.002,0,-0.007,,,,
1988.53977,3,-1.37,9.649,0.01,4,-0.003,-0.001,-0.008,5,17.125,-55.862,27.196
1988.59574,3,-1.382,9.649,0.021,4,-0.005,-0.001,-0.008,5,16.739,-55.035,26.862
1988.65107,3,-1.39,9.651,0.024,4,-0.006,-0.001,-0.008,5,17.496,-55.405,26.265
1988.70823,3,-1.406,9.656,0.038,4,-0.006,-0.001,-0.008,5,17.262,-55.829,26.768
1988.76591,3,-1.421,9.666,0.047,4,-0.007,-0.002,-0.007,5,17.351,-55.554,26.974
1988.8227,3,-1.433,9.672,0.055,4,-0.006,-0.001,-0.007,5,17.77,-55.45,26.18
1988.87946,3,-1.444,9.675,0.064,4,-0.007,-0.002,-0.006,,,,
1988.93611,3,-1.463,9.683,0.063,4,-0.006,-0.002,-0.005,5,18.103,-55.043,26.308
1988.99293,3,-1.471,9.687,0.082,4,-0.005,-0.001,-0.004,5,18.33,-54.491,25.618
1989.04908,3,-1.483,9.693,0.085,4,-0.004,-0.001,-0.003,5,18.523,-54.965,23.912
1989.1041,3,-1.486,9.698,0.087,4,-0.004,0,-0.002,,,,
1989.16136,3,-1.484,9.705,0.086,4,-0.003,0,-0.001,5,19.066,-55.875,24.405
1989.21922,3,-1.484,9.706,0.08,4,-0.001,0.001,0,5,17.964,-56.113,23.734
1989.2758,3,-1.479,9.703,0.081,4,0,0.002,0.001,,,,
1989.33247,3,-1.472,9.704,0.072,4,0.002,0.003,0.002,5,18.877,-55.864,24.879
1989.38932,3,-1.462,9.698,0.061,4,0.002,0.004,0.003,5,17.863,-56.339,23.959
1989.44526,3,-1.452,9.701,0.059,4,0.003,0.004,0.004,5,16.992,-53.772,26.169
1989.50047,3,-1.44,9.693,0.045,4,0.004,0.005,0.004,,,,
1989.55714,3,-1.433,9.688,0.04,4,0.003,0.006,0.005,5,17.499,-55.907,26.277
1989.61433,3,-1.415,9.69,0.035,4,0.004,0.006,0.005,5,17.72,-54.996,25.728
1989.67219,3,-1.413,9.684,0.023,4,0.004,0.006,0.006,,,,
1989.72837,3,-1.389,9.678,0.014,4,0.003,0.006,0.006,5,17.134,-53.673,25.305
1989.78428,3,-1.389,9.68,0.01,4,0.003,0.005,0.007,5,17.477,-55.074,26.582
1989.84226,3,-1.381,9.673,0.01,4,0.002,0.005,0.007,5,18.199,-55.687,25.395
1989.899,3,-1.381,9.671,0.013,4,0.001,0.005,0.007,,,,
1989.95493,3,-1.374,9.673,0.015,4,0,0.004,0.008,5,17.787,-56.258,26.28
1990.01048,3,-1.369,9.671,0.017,4,-0.001,0.004,0.008,5,16.753,-54.594,26.384
1990.06809,3,-1.371,9.667,0.019,4,-0.001,0.004,0.008,,,,
1990.12538,3,-1.373,9.674,0.027,4,-0.002,0.003,0.008,5,17.468,-55.421,26.07
1990.18189,3,-1.375,9.675,0.036,4,-0.003,0.003,0.008,5,17.285,-56.572,25.865
1990.2385,3,-1.367,9.678,0.037,4,-0.004,0.003,0.008,5,17.636,-56.079,25.842
1990.29511,3,-1.372,9.683,0.047,4,-0.004,0.003,0.008,,,,
1990.35169,3,-1.372,9.694,0.057,4,-0.003,0.003,0.008,5,17.039,-55.217,26.117
1990.40763,3,-1.368,9.7,0.059,4,-0.004,0.003,0.007,5,17.116,-55.954,26.422
1990.46375,3,-1.363,9.706,0.071,4,-0.003,0.003,0.007,,,,
1990.52168,3,-1.354,9.71,0.069,4,-0.003,0.002,0.007,5,17.221,-54.24,26.944
1990.57841,3,-1.355,9.72,0.069,4,-0.001,0.002,0.007,5,16.597,-55.016,26.283
1990.63505,3,-1.342,9.725,0.075,4,0,0.002,0.006,5,16.914,-55.302,26.041
1990.69166,3,-1.344,9.729,0.069,4,0.001,0.002,0.006,,,,
1990.74833,3,-1.338,9.735,0.065,4,0.002,0.002,0.005,5,16.081,-55.045,25.482
1990.8043,3,-1.324,9.734,0.056,4,0.003,0.002,0.005,5,17.552,-55.161,26.308
1990.85957,3,-1.312,9.724,0.044,4,0.003,0.002,0.004,5,16.347,-55.455,25.705
1990.91685,3,-1.31,9.718,0.041,4,0.004,0.002,0.004,5,16.933,-55.338,26.268
1990.97477,3,-1.305,9.715,0.028,4,0.005,0.001,0.003,5,17.235,-55.54,26.697
1991.03137,3,-1.303,9.702,0.022,4,0.005,0.002,0.002,5,17.419,-55.231,26.257
1991.08811,3,-1.297,9.696,0.02,4,0.005,0.001,0.002,,,,
1991.14472,3,-1.293,9.685,0.006,4,0.005,0,0.001,5,17.297,-56.25,26.529
1991.20139,3,-1.294,9.673,0.007,4,0.004,0,0,5,17.598,-55.319,26.755
1991.25742,3,-1.293,9.672,-0.002,4,0.003,0,-0.001,5,16.573,-54.881,26.416
1991.31269,3,-1.29,9.659,0,4,0.002,-0.001,-0.002,5,17.432,-55.229,25.647
1991.37012,3,-1.293,9.655,-0.001,4,0.001,-0.001,-0.003,5,17.453,-55.371,26.216
1991.42722,3,-1.309,9.649,-0.002,4,0,-0.001,-0.004,5,17.009,-55.91,25.191
1991.48303,3,-1.31,9.646,0,4,-0.001,-0.002,-0.005,,,,
1991.54093,3,-1.322,9.648,0.005,4,-0.002,-0.002,-0.006,5,17.809,-55.461,26.416
1991.59708,3,-1.332,9.653,0.006,4,-0.004,-0.002,-0.007,5,18.224,-55.876,26.112
1991.65235,3,-1.358,9.654,0.028,4,-0.004,-0.003,-0.007,5,17.728,-55.939,26.018
1991.70957,3,-1.376,9.658,0.025,4,-0.005,-0.003,-0.007,5,17.421,-55.486,24.261
1991.76746,3,-1.416,9.657,0.036,4,-0.005,-0.004,-0.007,5,16.714,-55.327,25.725
1991.82419,3,-1.447,9.663,0.044,4,-0.006,-0.003,-0.008,5,16.508,-55.162,26.695
1991.88025,3,-1.468,9.672,0.049,4,-0.006,-0.003,-0.007,,,,
1991.93637,3,-1.485,9.681,0.052,4,-0.005,-0.002,-0.006,5,17.186,-54.985,25.5
1991.99338,3,-1.497,9.691,0.058,4,-0.005,-0.001,-0.005,5,17.079,-55.467,26.768
1992.04932,3,-1.499,9.7,0.061,4,-0.005,0,-0.004,5,17.648,-55.298,25.934
1992.1066,3,-1.487,9.708,0.065,4,-0.004,0.001,-0.003,,,,
1992.16257,3,-1.483,9.712,0.06,4,-0.002,0.002,-0.003,5,19.579,-55.838,25.365
1992.22037,3,-1.474,9.717,0.061,4,-0.002,0.003,-0.001,5,19.368,-56.329,24.58
1992.27713,3,-1.46,9.724,0.064,4,-0.001,0.004,-0.001,,,,
1992.3338,3,-1.452,9.72,0.057,4,-0.001,0.005,0,5,18.535,-55.449,23.523
1992.39048,3,-1.435,9.723,0.049,4,0,0.005,0,5,19.424,-56.062,25.128
1992.44638,3,-1.431,9.718,0.043,4,0.001,0.006,0.001,5,18.573,-55.867,24.884
1992.50174,3,-1.421,9.713,0.045,4,0.001,0.006,0.002,,,,
1992.55896,3,-1.413,9.706,0.032,4,0.002,0.006,0.002,5,17.923,-55.363,26.843
1992.61685,3,-1.413,9.697,0.026,4,0.002,0.006,0.002,5,17.242,-55.334,25.655
1992.67353,3,-1.401,9.691,0.027,4,0.002,0.006,0.003,,,,
1992.73017,3,-1.393,9.679,0.023,4,0.001,0.006,0.003,5,18.08,-55.237,25.29
1992.78687,3,-1.385,9.673,0.021,4,0.001,0.006,0.004,5,17.908,-55.96,27.206
1992.84299,3,-1.385,9.669,0.022,4,0.001,0.005,0.003,5,16.743,-55.721,25.307
1992.89813,3,-1.381,9.665,0.023,4,0,0.005,0.004,,,,
1992.95478,3,-1.381,9.658,0.023,4,-0.001,0.005,0.004,5,16.536,-56.25,26.276
1993.01184,3,-1.381,9.654,0.032,4,-0.001,0.005,0.004,5,18.274,-55.235,25.179
1993.06955,3,-1.384,9.655,0.041,4,-0.001,0.004,0.005,,,,
1993.12598,3,-1.381,9.657,0.041,4,-0.002,0.004,0.005,5,16.714,-55.377,25.682
1993.18195,3,-1.377,9.659,0.046,4,-0.001,0.004,0.005,5,17.868,-54.916,25.809
1993.2399,3,-1.376,9.66,0.049,4,-0.002,0.004,0.005,5,17.342,-55.139,25.928
1993.29587,3,-1.376,9.669,0.052,4,-0.001,0.004,0.005,,,,
1993.35114,3,-1.369,9.675,0.061,4,-0.001,0.003,0.005,5,17.049,-55.888,26.402
1993.40848,3,-1.365,9.679,0.062,4,-0.001,0.003,0.005,5,17.526,-55.33,25.826
1993.46649,3,-1.362,9.697,0.059,4,-0.001,0.002,0.005,,,,
1993.52317,3,-1.354,9.708,0.069,4,0,0.002,0.006,5,17.7,-55.37,26.883
1993.57968,3,-1.352,9.712,0.061,4,0.001,0.001,0.006,5,18.456,-55.65,25.72
1993.63632,3,-1.342,9.712,0.064,4,0.002,0.001,0.006,5,16.65,-55.496,26.563
1993.69232,3,-1.336,9.725,0.053,4,0.002,0,0.005,,,,
1993.74756,3,-1.339,9.728,0.057,4,0.002,0,0.005,5,16.493,-53.908,26.331
1993.8042,3,-1.33,9.724,0.044,4,0.002,-0.001,0.004,5,17.355,-55.176,26.326
1993.86148,3,-1.333,9.719,0.034,4,0.003,-0.001,0.005,5,18.806,-55.53,26.572
1993.91947,3,-1.328,9.718,0.034,4,0.003,-0.002,0.004,5,18.126,-54.718,25.598
1993.97602,3,-1.336,9.703,0.026,4,0.003,-0.002,0.004,5,17.647,-56.525,24.562
1994.03266,3,-1.33,9.695,0.018,4,0.003,-0.003,0.003,5,16.628,-56.01,26.567
1994.08951,3,-1.328,9.692,0.018,4,0.002,-0.003,0.003,,,,
1994.14609,3,-1.33,9.687,0.023,4,0.002,-0.003,0.002,5,16.977,-56.879,25.797
1994.20206,3,-1.331,9.678,0.024,4,0,-0.003,0.001,5,17.256,-55.801,25.09
1994.2572,3,-1.328,9.67,0.026,4,-0.001,-0.003,0.001,5,18.971,-55.621,26.654
1994.31449,3,-1.331,9.673,0.026,4,-0.001,-0.003,0,5,17.822,-55.688,26.091
1994.37244,3,-1.33,9.669,0.037,4,-0.002,-0.003,-0.001,5,18.207,-54.773,26.036
1994.42911,3,-1.338,9.665,0.037,4,-0.002,-0.004,-0.001,5,17.165,-54.713,25.314
1994.48575,3,-1.34,9.67,0.045,4,-0.003,-0.004,-0.002,,,,
1994.54236,3,-1.35,9.666,0.05,4,-0.003,-0.004,-0.002,5,17.299,-55.4,25.735
1994.5994,3,-1.354,9.674,0.057,4,-0.002,-0.004,-0.002,5,16.862,-55.676,26.605
1994.65576,3,-1.363,9.672,0.061,4,-0.003,-0.005,-0.003,5,17.456,-54.341,26.813
1994.7107,3,-1.366,9.677,0.061,4,-0.003,-0.005,-0.003,5,17.311,-56.021,26.247
1994.76844,3,-1.375,9.689,0.072,4,-0.002,-0.005,-0.003,5,18.063,-55.806,26.1
1994.82535,3,-1.385,9.693,0.072,4,-0.002,-0.005,-0.003,5,18.439,-56.09,25.824
1994.88199,3,-1.388,9.701,0.078,4,-0.001,-0.006,-0.003,,,,
1994.93878,3,-1.401,9.712,0.069,4,0,-0.006,-0.003,5,17.606,-55.182,26.514
1994.99466,3,-1.402,9.718,0.071,4,0.001,-0.006,-0.003,5,17.317,-55.882,27.26
1995.04999,3,-1.405,9.72,0.073,4,0.002,-0.006,-0.002,5,18.004,-56.274,25.853
1995.10721,3,-1.408,9.72,0.069,4,0.002,-0.006,-0.002,5,18.494,-55.11,27.589
1995.16498,3,-1.409,9.732,0.064,4,0.003,-0.006,-0.002,5,16.714,-54.73,25.717
1995.22153,3,-1.414,9.724,0.059,4,0.003,-0.007,-0.001,5,16.388,-55.815,26.965
1995.27832,3,-1.421,9.718,0.059,4,0.004,-0.006,-0.001,,,,
1995.33426,3,-1.425,9.71,0.046,4,0.005,-0.007,0,5,17.181,-56.367,27.568
1995.38977,3,-1.435,9.703,0.045,4,0.004,-0.006,0.001,5,17.85,-54.857,27.028
1995.4464,3,-1.442,9.693,0.038,4,0.005,-0.006,0.001,5,17.725,-56.163,26.836
1995.50304,3,-1.447,9.679,0.028,4,0.004,-0.006,0.001,,,,
1995.55968,3,-1.446,9.676,0.033,4,0.003,-0.005,0.001,5,17.371,-54.156,26.678
1995.61629,3,-1.438,9.662,0.022,4,0.003,-0.004,0.002,5,16.44,-55.328,26.712
1995.6729,3,-1.438,9.659,0.027,4,0.002,-0.004,0.002,,,,
1995.73012,3,-1.44,9.657,0.026,4,0.002,-0.002,0.002,5,17.506,-55.142,26.201
1995.78792,3,-1.425,9.656,0.032,4,0,-0.002,0.003,5,17.473,-54.941,26.726
1995.84395,3,-1.425,9.653,0.041,4,-0.001,-0.001,0.003,5,16.899,-56.126,25.9
1995.8994,3,-1.418,9.649,0.041,4,-0.002,0,0.003,,,,
1995.95674,3,-1.409,9.655,0.043,4,-0.001,0,0.003,5,17.4,-55.016,25.96
1996.01469,3,-1.412,9.661,0.058,4,-0.002,0.001,0.003,5,16.391,-55.373,26.932
1996.071,3,-1.414,9.661,0.056,4,-0.003,0.002,0.003,,,,
1996.12733,3,-1.406,9.671,0.069,4,-0.003,0.002,0.003,5,18.596,-56.325,25.279
1996.18456,3,-1.4,9.677,0.07,4,-0.002,0.003,0.003,5,18.164,-55.742,26.431
1996.24123,3,-1.401,9.689,0.072,4,-0.001,0.003,0.004,5,18.132,-55.435,27.046
1996.29717,3,-1.396,9.699,0.072,4,-0.001,0.003,0.004,,,,
1996.35295,3,-1.389,9.704,0.067,4,-0.001,0.003,0.004,5,17.648,-54.543,26.088
1996.41078,3,-1.384,9.705,0.068,4,0,0.004,0.004,5,18.169,-55.305,26.463
1996.46703,3,-1.385,9.709,0.059,4,0.001,0.004,0.004,,,,
1996.52296,3,-1.385,9.708,0.049,4,0.002,0.004,0.004,5,17.174,-55.148,26.503
1996.58089,3,-1.385,9.699,0.048,4,0.002,0.004,0.004,5,17.661,-54.938,26.187
1996.63756,3,-1.386,9.696,0.037,4,0.002,0.004,0.004,5,17.421,-54.953,27.103
1996.69414,3,-1.385,9.695,0.029,4,0.001,0.007,0.003,,,,
1996.75017,3,-1.386,9.684,0.019,4,0.002,0.006,0.003,5,16.635,-55.022,25.74
1996.80605,3,-1.381,9.678,0.021,4,0.001,0.007,0.002,5,16.82,-55.415,26.454
1996.86397,3,-1.376,9.68,0.018,4,-0.001,0.007,0.002,,,,
1996.9207,3,-1.373,9.676,0.014,4,-0.001,0.007,0.003,5,16.286,-56.058,26.891
1996.97737,3,-1.372,9.671,0.019,4,-0.002,0.007,0.002,5,17.27,-55.086,26.932
1997.03398,3,-1.364,9.666,0.021,4,-0.003,0.007,0.002,5,18.62,-56.215,25.246
1997.09059,3,-1.359,9.669,0.027,4,-0.004,0.006,0.002,,,,
1997.14726,3,-1.353,9.668,0.038,4,-0.005,0.007,0.002,5,17.844,-56.377,25.171
1997.2032,3,-1.346,9.667,0.04,4,-0.006,0.006,0.002,5,18.484,-56.078,25.229
1997.25914,3,-1.346,9.674,0.049,4,-0.005,0.007,0.002,5,17.685,-55.84,24.297
1997.31722,3,-1.343,9.679,0.054,4,-0.005,0.006,0.001,5,18.353,-56.831,24.474
1997.37392,3,-1.347,9.676,0.057,4,-0.005,0.006,0.001,5,17.503,-57.283,25.696
1997.43037,3,-1.342,9.675,0.07,4,-0.005,0.006,0,5,17.671,-54.306,26.399
1997.48631,3,-1.343,9.684,0.074,4,-0.005,0.006,0,,,,
1997.54161,3,-1.343,9.694,0.083,4,-0.004,0.006,-0.001,5,17.693,-54.883,25.195
1997.59825,3,-1.34,9.704,0.087,4,-0.004,0.005,-0.001,5,17.152,-55.264,26.5
1997.65486,3,-1.343,9.712,0.085,4,-0.003,0.006,-0.001,5,16.248,-54.3,24.855
1997.71217,3,-1.343,9.724,0.085,4,-0.001,0.006,-0.002,5,16.241,-56.094,25.362
1997.77016,3,-1.34,9.735,0.085,4,0,0.006,-0.003,5,17.386,-54.602,25.769
1997.82674,3,-1.338,9.743,0.078,4,0.001,0.006,-0.003,5,17.511,-55.194,26.089
1997.88341,3,-1.339,9.748,0.081,4,0.002,0.006,-0.004,,,,
1997.93962,3,-1.34,9.753,0.072,4,0.004,0.005,-0.004,5,17.123,-56.812,24.937
1997.99501,3,-1.337,9.752,0.062,4,0.004,0.005,-0.004,5,17.389,-56.158,26.837
1998.05125,3,-1.335,9.746,0.057,4,0.005,0.005,-0.005,5,18.694,-55.522,26.241
1998.10844,3,-1.337,9.743,0.045,4,0.005,0.005,-0.006,5,18.033,-56.848,26.485
1998.16631,3,-1.333,9.733,0.038,4,0.005,0.004,-0.006,5,17.328,-55.992,26.329
1998.22307,3,-1.347,9.716,0.026,4,0.005,0.004,-0.007,5,17.763,-55.058,26.52
1998.27962,3,-1.356,9.707,0.016,4,0.005,0.003,-0.007,,,,
1998.33629,3,-1.365,9.689,0.014,4,0.005,0.002,-0.007,5,17.889,-53.897,26.192
1998.39293,3,-1.369,9.677,0.014,4,0.004,0.002,-0.008,5,17.281,-54.904,26.277
1998.4489,3,-1.381,9.661,0.009,4,0.002,0.002,-0.007,5,17.604,-55.357,25.748
1998.50429,3,-1.395,9.654,0.01,4,0.002,0.001,-0.007,5,17.897,-54.639,26.291
1998.56154,3,-1.406,9.647,0.016,4,0,0.001,-0.007,5,17.339,-55.232,25.763
1998.6194,3,-1.42,9.64,0.014,4,-0.001,0.001,-0.007,5,18.268,-55.733,26.619
1998.67607,3,-1.429,9.634,0.022,4,-0.002,0.001,-0.006,,,,
1998.73207,3,-1.442,9.634,0.034,4,-0.003,0.001,-0.006,5,18.442,-55.002,26.552
1998.78804,3,-1.449,9.637,0.041,4,-0.004,0.001,-0.005,5,17.824,-55.368,25.282
1998.84599,3,-1.457,9.638,0.045,4,-0.004,0.001,-0.004,5,17.661,-54.182,25.285
1998.90196,3,-1.46,9.642,0.053,4,-0.005,0.001,-0.003,,,,
1998.95787,3,-1.46,9.65,0.073,4,-0.004,0.001,-0.002,5,17.773,-54.924,26.205
1999.01573,3,-1.46,9.662,0.069,4,-0.005,0.002,-0.001,5,17.125,-55.737,28.001
1999.07246,3,-1.46,9.667,0.077,4,-0.004,0.002,0,,,,
1999.12917,3,-1.454,9.673,0.074,4,-0.003,0.002,0.001,5,18.369,-55.066,25.775
1999.18587,3,-1.453,9.678,0.081,4,-0.002,0.002,0.002,5,17.967,-54.707,24.515
1999.24181,3,-1.448,9.689,0.075,4,-0.001,0.002,0.003,5,16.736,-54.808,24.866
1999.29707,3,-1.448,9.691,0.07,4,-0.001,0.002,0.004,,,,
1999.35368,3,-1.442,9.692,0.07,4,0,0.002,0.005,5,18.039,-55.879,25.703
1999.4106,3,-1.434,9.696,0.061,4,0.001,0.001,0.006,5,17.282,-53.877,26.178
1999.46819,3,-1.434,9.698,0.053,4,0.001,0.002,0.006,,,,
1999.52565,3,-1.418,9.708,0.045,4,0.001,0.002,0.007,5,17.458,-55.18,26.294
1999.58223,3,-1.411,9.712,0.045,4,0.002,0.002,0.008,5,17.616,-55.197,26.176
1999.63875,3,-1.397,9.708,0.037,4,0.002,0.001,0.008,5,17.291,-55.197,27.486
1999.69478,3,-1.382,9.709,0.03,4,0.001,0.001,0.008,,,,
1999.75081,3,-1.368,9.716,0.036,4,0.001,0.001,0.009,5,17.357,-55.429,25.847
1999.80815,3,-1.357,9.721,0.033,4,0.001,0.001,0.008,5,17.348,-55.322,26.801
1999.86336,3,-1.356,9.713,0.036,4,0,0.001,0.008,,,,
1999.92061,3,-1.346,9.713,0.033,4,0.001,0,0.008,5,17.007,-56.155,25.821
1999.9782,3,-1.34,9.714,0.04,4,0,0,0.008,5,17.226,-55.324,26.234
2000.03459,3,-1.332,9.711,0.045,4,0.001,0,0.007,5,15.747,-55.431,26.805
2000.09187,3,-1.338,9.705,0.047,4,0,0,0.006,,,,
2000.14781,3,-1.331,9.703,0.045,4,0,-0.001,0.006,5,17.937,-55.354,26.637
2000.20311,3,-1.336,9.698,0.041,4,0,0,0.005,5,19.502,-56.354,25.552
2000.26039,3,-1.344,9.689,0.05,4,0.001,0,0.004,5,17.781,-56.454,25.027
2000.31847,3,-1.343,9.682,0.049,4,0.001,0,0.004,5,17.586,-56.305,25.325
2000.37514,3,-1.355,9.677,0.045,4,0.001,0,0.003,5,17.082,-56.516,25.922
2000.43159,3,-1.363,9.669,0.052,4,0.001,0.001,0.002,5,17.926,-55.206,25.813
2000.48821,3,-1.369,9.666,0.042,4,0.002,0.001,0.002,,,,
2000.54482,3,-1.371,9.657,0.037,4,0.002,0.001,0.001,5,17.314,-55.684,27.031
2000.60088,3,-1.377,9.663,0.035,4,0.002,0.001,0.001,5,15.884,-55.193,26.582
2000.65675,3,-1.369,9.665,0.032,4,0.001,0.003,0.001,5,16.068,-54.723,25.52
2000.71462,3,-1.358,9.662,0.02,4,0.002,0.003,0,5,17.607,-56.644,26.964
2000.77126,3,-1.358,9.662,0.025,4,0.002,0.004,0,5,17.673,-56.393,25.659
2000.82774,3,-1.358,9.665,0.014,4,0.001,0.004,-0.001,5,16.08,-54.999,26.912
2000.88411,3,-1.353,9.667,0.015,4,0,0.004,-0.001,,,,
2000.94127,3,-1.349,9.669,0.011,4,0,0.004,-0.002,5,16.991,-55.989,25.317
2000.99724,3,-1.346,9.679,0.006,4,-0.001,0.004,-0.002,5,17.445,-56.146,25.449
2001.05252,3,-1.342,9.684,0.017,4,-0.002,0.004,-0.003,5,16.924,-55.067,25.816
2001.1094,3,-1.339,9.689,0.014,4,-0.002,0.004,-0.003,5,16.632,-56.595,25.62
2001.16687,3,-1.345,9.697,0.014,4,-0.003,0.004,-0.004,5,17.967,-55.936,24.68
2001.22369,3,-1.353,9.702,0.024,4,-0.004,0.003,-0.004,5,16.238,-53.693,26.152
2001.27969,3,-1.344,9.707,0.024,4,-0.006,0.004,-0.005,,,,
2001.33758,3,-1.348,9.715,0.026,4,-0.005,0.003,-0.005,5,17.104,-56.281,25.391
2001.39413,3,-1.358,9.716,0.037,4,-0.006,0.003,-0.005,5,16.885,-55.684,25.745
2001.45074,3,-1.354,9.72,0.042,4,-0.006,0.003,-0.005,5,17.03,-56.061,25.026
2001.50747,3,-1.354,9.725,0.05,4,-0.005,0.003,-0.006,5,17.49,-55.936,26.025
2001.56405,3,-1.356,9.728,0.06,4,-0.005,0.003,-0.006,5,17.441,-55.391,26.772
2001.62066,3,-1.366,9.723,0.06,4,-0.005,0.002,-0.006,5,17.323,-55.363,24.393
2001.67669,3,-1.369,9.729,0.073,4,-0.004,0.003,-0.006,,,,
2001.73266,3,-1.373,9.725,0.073,4,-0.003,0.002,-0.007,5,17.667,-55.19,25.322
2001.78988,3,-1.373,9.73,0.078,4,-0.002,0.002,-0.007,5,17.567,-54.558,25.685
2001.8453,3,-1.395,9.721,0.093,4,-0.001,0.002,-0.007,5,18.35,-55.803,24.535
2001.90194,3,-1.404,9.72,0.091,4,-0.001,0.002,-0.007,,,,
2001.95916,3,-1.422,9.717,0.083,4,0.001,0.002,-0.008,5,18.587,-56.497,25.174
2002.01703,3,-1.43,9.713,0.09,4,0.003,0.002,-0.007,5,17.511,-57.265,23.538
2002.0737,3,-1.444,9.703,0.094,4,0.004,0.003,-0.007,,,,
2002.12973,3,-1.436,9.705,0.077,4,0.005,0.003,-0.006,5,17.78,-55.145,26.1
2002.1857,3,-1.424,9.691,0.061,4,0.007,0.003,-0.005,5,18.132,-55.44,25.352
2002.24295,3,-1.41,9.682,0.039,4,0.007,0.003,-0.005,5,17.789,-56.502,24.435
2002.29834,3,-1.39,9.677,0.032,4,0.008,0.003,-0.005,,,,
2002.35556,3,-1.418,9.665,0.02,4,0.008,0.003,-0.004,5,18.892,-54.729,26.024
2002.41333,3,-1.43,9.652,0.017,4,0.007,0.002,-0.004,5,17.685,-55.959,25.339
2002.47,3,-1.45,9.639,0.026,4,0.007,0.002,-0.003,,,,
2002.52673,3,-1.483,9.627,-0.004,4,0.005,0.003,-0.003,5,17.168,-55.316,25.764
2002.58328,3,-1.463,9.614,-0.005,4,0.005,0.003,-0.002,5,17.25,-55.444,26.842
2002.63937,3,-1.453,9.617,-0.003,4,0.003,0.004,-0.001,5,15.88,-56.255,26.022
2002.6947,3,-1.451,9.614,-0.015,4,0.001,0.004,-0.001,,,,
2002.75137,3,-1.426,9.614,-0.002,4,0,0.005,0.001,5,17.934,-54.883,26.337
2002.80862,3,-1.451,9.616,0.004,4,-0.003,0.005,0.001,5,17.169,-56.213,26.631
2002.86651,3,-1.442,9.621,-0.001,4,-0.004,0.005,0.002,,,,
2002.92331,3,-1.436,9.623,0.018,4,-0.005,0.005,0.002,5,17.294,-54.321,25.835
2002.9801,3,-1.404,9.634,0.007,4,-0.007,0.006,0.003,5,16.734,-54.485,25.731
2003.03656,3,-1.397,9.644,0.042,4,-0.008,0.004,0.005,5,17.16,-55.157,25.89
2003.09247,3,-1.33,9.665,0.081,4,-0.009,0.006,0.004,,,,
2003.14773,3,-1.435,9.679,0.055,4,-0.011,0.012,0.007,5,17.12,-54.88,27.467
2003.20501,3,-1.357,9.699,-0.093,4,-0.009,0.013,-0.003,5,18.283,-55.521,26.855
2003.26236,3,-1.547,9.692,0.154,4,-0.012,0.003,-0.009,,,,
2003.31826,3,-1.438,9.733,0.112,4,-0.01,0.005,-0.008,5,17.136,-54.655,27.068
2003.37619,3,-1.132,9.737,0.079,4,-0.01,0.01,-0.016,5,17.662,-55.075,26.265
2003.43292,3,-0.056,9.754,0.006,4,-0.009,0.01,-0.014,5,18.823,-54.901,26.144
2003.48953,3,-0.005,9.689,-0.088,4,-0.014,0.001,-0.112,,,,
2003.54544,3,-1.004,9.557,0.139,4,-0.028,-0.005,-0.369,5,19.321,-54.865,25.963
2003.60077,3,-2.049,9.449,0.135,4,-0.049,-0.004,-0.597,5,21.152,-54.463,25.247
2003.65808,3,-2.422,9.332,0.179,4,-0.053,-0.005,-0.69,5,22.099,-53.242,25.146
2003.716,3,-3.232,9.199,0.23,4,-0.056,-0.006,-0.729,5,25.832,-53.77,24.87
2003.77252,3,-3.709,9.091,0.271,4,-0.057,-0.004,-0.755,5,28.256,-52.455,24.96
2003.82916,3,-4.062,8.96,0.263,4,-0.053,-0.004,-0.706,5,30.202,-51.865,25.081
2003.88519,3,-4.25,8.839,0.282,4,-0.048,0,-0.663,,,,
2003.94107,3,-4.616,8.685,0.366,4,-0.046,-0.003,-0.638,5,31.691,-50.508,25.838
2003.99826,3,-4.814,8.552,0.317,4,-0.045,-0.001,-0.608,5,33.701,-50.034,25.311
2004.05435,3,-4.847,8.392,0.34,4,-0.043,0,-0.593,5,36.989,-47.923,23.851
2004.11194,3,-5.206,8.211,0.387,4,-0.042,-0.003,-0.581,5,36.719,-47.9,23.384
2004.16836,3,-5.486,8.023,0.4,4,-0.044,-0.003,-0.602,5,39.14,-47.629,23.703
2004.22549,3,-5.803,7.817,0.458,4,-0.047,-0.001,-0.616,5,40.254,-46.071,23.634
2004.28216,3,-6,7.621,0.41,4,-0.046,-0.004,-0.612,,,,
2004.33877,3,-6.449,7.391,0.502,4,-0.047,-0.002,-0.63,5,43.774,-45.163,24.448
2004.39483,3,-6.981,7.183,0.561,4,-0.047,-0.003,-0.633,5,46.129,-42.987,23.241
2004.45019,3,-7.132,6.985,0.576,4,-0.047,-0.005,-0.606,5,48.228,-41.42,23.297
2004.50744,3,-7.297,6.788,0.581,4,-0.042,-0.001,-0.558,5,47.522,-41.698,23.656
2004.5653,3,-7.45,6.584,0.621,4,-0.04,-0.002,-0.525,5,48.344,-38.924,24.106
2004.62188,3,-7.726,6.414,0.617,4,-0.038,-0.004,-0.499,5,49.554,-37.506,23.495
2004.67849,3,-7.912,6.241,0.695,4,-0.035,-0.005,-0.469,,,,
2004.73513,3,-8.288,6.086,0.684,4,-0.032,0.001,-0.434,5,52.161,-36.642,23.521
2004.79178,3,-8.346,5.954,0.713,4,-0.027,0,-0.381,5,51.653,-36.304,24.01
2004.84845,3,-8.341,5.858,0.737,4,-0.021,-0.002,-0.307,5,53.435,-35.287,22.643
2004.90435,3,-8.25,5.775,0.679,4,-0.016,0,-0.238,5,53.992,-34.824,23.093
2004.96002,3,-8.011,5.679,0.697,4,-0.011,0.002,-0.197,5,53.758,-34.328,22.72
2005.01748,3,-7.998,5.587,0.679,4,-0.01,0.001,-0.183,5,54.898,-33.899,22.591
2005.07495,3,-8.162,5.484,0.693,4,-0.012,0.003,-0.209,,,,
2005.13168,3,-8.164,5.37,0.698,4,-0.014,0.001,-0.234,5,55.855,-32.774,21.64
2005.1882,3,-8.184,5.245,0.693,4,-0.016,0.002,-0.252,5,57.001,-32.539,21.12
2005.24414,3,-8.511,5.093,0.697,4,-0.017,0.001,-0.281,5,57.411,-32.185,22.475
2005.30017,3,-8.82,4.948,0.738,4,-0.019,-0.001,-0.306,,,,
2005.35797,3,-8.782,4.839,0.745,4,-0.019,-0.005,-0.285,5,56.732,-29.005,22.133
2005.41412,3,-8.632,4.727,0.732,4,-0.016,-0.003,-0.252,5,57.372,-27.85,24.083
2005.46945,3,-8.786,4.606,0.735,4,-0.016,-0.003,-0.238,,,,
2005.52725,3,-8.805,4.481,0.772,4,-0.016,-0.003,-0.25,5,57.617,-28.052,22.702
2005.58575,3,-8.995,4.354,0.783,4,-0.017,-0.006,-0.251,5,58.296,-28.333,22.411
2005.6419,3,-9.112,4.247,0.805,4,-0.017,-0.006,-0.253,5,59.686,-25.801,21.87
2005.69845,3,-9.251,4.142,0.826,4,-0.017,-0.008,-0.236,,,,
2005.75256,3,-9.405,4.059,0.853,4,-0.014,-0.004,-0.216,5,60.57,-23.672,21.387
2005.80984,3,-9.548,3.994,0.878,4,-0.011,-0.005,-0.174,5,60.725,-24.156,22.353
2005.86734,3,-9.268,3.951,0.869,4,-0.007,-0.003,-0.124,,,,
2005.92361,3,-9.299,3.922,0.839,4,-0.004,-0.007,-0.071,5,59.048,-24.698,22.855
2005.98114,3,-9.34,3.878,0.855,4,-0.001,-0.001,-0.061,5,59.734,-24.03,22.205
2006.03778,3,-9.314,3.835,0.855,4,0,-0.002,-0.041,5,58.842,-23.381,23.523
2006.09366,3,-9.325,3.805,0.85,4,0.001,-0.001,-0.022,,,,
2006.14953,3,-9.258,3.799,0.831,4,0.003,0.002,-0.005,5,59.877,-23.904,23.114
2006.20736,3,-9.173,3.797,0.823,4,0.002,0.007,0.005,5,58.705,-22.986,23.689
2006.26443,3,-9.289,3.773,0.844,4,0.001,0.003,0.004,,,,
2006.32138,3,-9.22,3.802,0.818,4,0.001,0.005,0.004,5,59.041,-23.441,24.174
2006.37716,3,-9.15,3.822,0.817,4,0,0.01,0.006,5,59.511,-23.366,22.987
2006.43344,3,-9.275,3.789,0.814,4,-0.001,0.007,0.006,5,61.299,-23.732,22.453
2006.49005,3,-9.198,3.818,0.797,4,-0.002,0.005,0.004,,,,
2006.54602,3,-9.14,3.851,0.802,4,-0.002,0.01,0.008,5,59.776,-24.3,22.942
2006.6033,3,-9.161,3.856,0.8,4,-0.005,0.008,0.008,5,59.778,-23.889,22.777
2006.65942,3,-9.156,3.864,0.798,4,-0.005,0.007,0.004,5,59.55,-23.627,23.549
2006.71731,3,-9.145,3.867,0.779,4,-0.005,0.006,0.003,5,61.058,-23.083,22.424
2006.77392,3,-9.068,3.866,0.783,4,-0.006,0.005,0.004,5,60.133,-23.419,22.855
2006.83056,3,-9.145,3.865,0.78,4,-0.007,0.003,-0.001,5,60.818,-25.304,22.562
2006.88705,3,-9.102,3.86,0.791,4,-0.008,0.005,-0.008,,,,
2006.94305,3,-9.102,3.848,0.778,4,-0.009,0.004,-0.009,5,61.824,-25.029,21.106
2006.99838,3,-9.105,3.847,0.801,4,-0.01,0.004,-0.018,5,61.568,-24.442,20.28
2007.05563,3,-9,3.833,0.821,4,-0.01,0.001,-0.024,5,61.646,-24.014,22.151
2007.1134,3,-9.423,3.813,0.817,4,-0.012,0,-0.038,5,60.815,-24.107,23.251
2007.17004,3,-9.444,3.813,0.86,4,-0.013,0.004,-0.051,5,60.12,-23.26,23.34
2007.2268,3,-9.124,3.863,0.826,4,-0.01,0.003,0.001,5,59.705,-22.916,22.011
2007.28335,3,-9.235,3.852,0.844,4,-0.008,0.002,0.011,,,,
2007.33981,3,-9.236,3.874,0.853,4,-0.007,0.001,0.01,5,60.147,-23.152,23.517
2007.39605,3,-9.175,3.917,0.857,4,-0.008,0.005,0.012,5,59.863,-23.973,21.394
2007.45141,3,-9.247,3.917,0.863,4,-0.006,0.007,0.012,5,59.082,-24.103,22.224
2007.50872,3,-9.153,3.929,0.826,4,-0.005,0.005,0.006,5,61.958,-24.513,21.906
2007.56677,3,-9.215,3.916,0.901,4,-0.005,0.005,0.006,5,60.873,-24.254,22.003
2007.62335,3,-9.192,3.918,0.844,4,-0.004,0.007,0.003,5,59.901,-22.368,22.563
2007.67984,3,-9.187,3.911,0.843,4,-0.003,0.007,0.001,,,,
2007.73578,3,-9.201,3.906,0.86,4,-0.002,0.006,-0.004,5,58.975,-23.981,23.508
2007.79117,3,-9.21,3.894,0.825,4,-0.002,0.008,-0.003,5,58.548,-24.713,22.826
2007.84781,3,-9.164,3.9,0.814,4,-0.001,0.01,-0.003,5,59.34,-24.255,23.425
2007.90506,3,-9.169,3.886,0.821,4,0,0.01,-0.005,5,59.755,-24.315,21.483
2007.96295,3,-9.189,3.868,0.809,4,0,0.009,-0.005,5,59.535,-23.019,22.696
2008.01959,3,-9.145,3.869,0.77,4,0,0.01,-0.005,5,59.378,-24.207,23.434
2008.07623,3,-9.161,3.837,0.798,4,0.001,0.01,-0.006,,,,
2008.13284,3,-9.133,3.84,0.791,4,0,0.007,-0.007,5,59.523,-24.182,22.581
2008.18942,3,-9.124,3.83,0.776,4,0,0.007,-0.009,5,59.827,-23.802,22.725
2008.24533,3,-9.184,3.811,0.784,4,0,0.004,-0.012,5,60.008,-23.189,22.697
2008.30081,3,-9.164,3.818,0.766,4,0,0.004,-0.013,,,,
2008.35763,3,-9.128,3.822,0.786,4,0,0.003,-0.015,5,60.046,-23.724,22.278
2008.4151,3,-9.161,3.801,0.81,4,-0.001,0.001,-0.013,5,60.455,-23.181,22.69
2008.47253,3,-9.172,3.787,0.796,4,-0.001,0,-0.012,,,,
2008.5292,3,-9.184,3.777,0.796,4,-0.001,0.001,-0.012,5,59.338,-23.907,22.881
2008.58578,3,-9.243,3.772,0.828,4,-0.001,-0.001,-0.012,5,58.325,-24.112,22.157
2008.64184,3,-9.137,3.794,0.803,4,-0.001,-0.001,-0.011,5,58.481,-23.105,23.576
2008.69723,3,-9.228,3.752,0.853,4,-0.001,0,-0.007,,,,
2008.75451,3,-9.236,3.748,0.847,4,-0.001,-0.002,-0.012,5,59.5,-24.373,22.78
2008.81247,3,-9.267,3.754,0.835,4,0.001,-0.004,-0.012,5,58.629,-24.275,21.971
2008.86844,3,-9.248,3.757,0.855,4,0.001,-0.003,-0.009,,,,
2008.92444,3,-9.25,3.753,0.844,4,0.001,0,-0.007,5,61.035,-22.978,21.405
2008.98257,3,-9.255,3.736,0.844,4,0.001,0.003,0.002,5,60.655,-22.269,21.716
2009.03912,3,-9.271,3.736,0.853,4,0.002,0.002,-0.004,5,60.905,-23.586,21.518
2009.09494,3,-9.241,3.734,0.849,4,0.003,-0.002,-0.007,,,,
2009.15023,3,-9.232,3.7,0.79,4,0.002,0.003,-0.001,5,59.932,-23.479,22.403
2009.20761,3,-9.311,3.663,0.826,4,0.003,0.004,0,5,59.508,-24.347,23.276
2009.26565,3,-9.19,3.696,0.77,4,0.003,0.001,-0.003,,,,
2009.32208,3,-9.322,3.681,0.816,4,0.003,0.001,-0.004,5,60.345,-23.375,22.202
2009.37869,3,-9.294,3.668,0.844,4,0.003,0.001,0.002,5,60.893,-22.67,22.511
2009.43536,3,-9.273,3.691,0.79,4,0,0.007,0.002,5,60.764,-23.447,22.406
2009.49133,3,-9.236,3.709,0.759,4,0.001,0.005,0.004,,,,
2009.54727,3,-9.238,3.712,0.801,4,0.001,0.004,0.006,5,60.472,-23.964,22.508
2009.60513,3,-9.251,3.708,0.823,4,-0.001,0.004,0.009,5,60.504,-22.197,22.725
2009.66168,3,-9.251,3.729,0.756,4,-0.002,0.003,0.01,,,,
2009.71853,3,-9.229,3.746,0.809,4,-0.002,0.003,0.011,5,60.533,-24.008,22.115
2009.77523,3,-9.222,3.768,0.832,4,-0.003,0.003,0.012,5,60.379,-22.972,22.763
2009.83175,3,-9.233,3.775,0.795,4,-0.003,0.002,0.013,5,59.834,-24.072,21.819
2009.88769,3,-9.244,3.778,0.816,4,-0.002,0.002,0.013,,,,
2009.94369,3,-9.235,3.793,0.841,4,-0.004,0.002,0.013,5,60.434,-23.555,22.217
2010.00152,3,-9.238,3.805,0.833,4,-0.005,0.003,0.014,5,61.058,-24.049,22.299
2010.05774,3,-9.232,3.829,0.809,4,-0.003,0.003,0.014,5,61.194,-24.037,19.341
2010.11444,3,-9.237,3.833,0.866,4,-0.003,0.004,0.015,5,60.641,-24.605,21.3
2010.17151,3,-9.23,3.833,0.835,4,-0.003,0.004,0.015,5,61.7,-24.373,21.246
2010.22805,3,-9.232,3.842,0.808,4,-0.003,0.005,0.015,5,61.191,-24.638,18.55
2010.28473,3,-9.208,3.84,0.846,4,-0.002,0.006,0.015,,,,
2010.34073,3,-9.192,3.861,0.815,4,-0.002,0.006,0.015,5,59.874,-24.431,22.9
2010.39602,3,-9.192,3.873,0.79,4,-0.001,0.007,0.015,5,59.798,-23.239,23.007
2010.4533,3,-9.162,3.887,0.802,4,-0.001,0.007,0.015,5,60.019,-22.887,22.704
2010.51095,3,-9.156,3.888,0.806,4,-0.001,0.007,0.014,5,60.516,-23.27,22.406
2010.56738,3,-9.149,3.891,0.764,4,-0.001,0.007,0.014,5,59.291,-23.505,22.609
2010.62457,3,-9.129,3.894,0.778,4,0.001,0.007,0.013,5,59.821,-24.377,22.556
2010.68115,3,-9.111,3.902,0.798,4,0,0.007,0.012,,,,
2010.7377,3,-9.105,3.915,0.756,4,0,0.006,0.011,5,60.007,-24.867,22.505
2010.79355,3,-9.097,3.923,0.763,4,0.001,0.006,0.01,5,59.943,-23.677,22.705
2010.84958,3,-9.085,3.93,0.789,4,0,0.005,0.008,,,,
2010.9071,3,-9.084,3.937,0.77,4,0,0.004,0.007,5,59.593,-23.544,22.409
2010.96374,3,-9.077,3.952,0.755,4,0,0.003,0.006,5,59.03,-25.346,21.613
2011.0209,3,-9.084,3.948,0.776,4,0,0.001,0.004,,,,
2011.07684,3,-9.084,3.963,0.77,4,-0.001,0,0.002,5,59.383,-23.804,22.702
2011.13281,3,-9.109,3.956,0.765,4,0,-0.001,0.001,5,59.088,-24.986,22.212
2011.19009,3,-9.103,3.974,0.794,4,0.001,-0.002,-0.001,5,58.723,-23.822,22.11
2011.24545,3,-9.124,3.976,0.807,4,0.001,-0.003,-0.003,,,,
2011.30264,3,-9.131,3.976,0.793,4,0.001,-0.004,-0.005,5,60.15,-23.523,23.006
2011.36041,3,-9.157,3.957,0.814,4,0.002,-0.004,-0.006,5,60.435,-24.219,22.798
2011.41717,3,-9.189,3.934,0.827,4,0.002,-0.004,-0.008,,,,
2011.47323,3,-9.193,3.95,0.823,4,0.003,-0.005,-0.008,5,59.837,-23.64,21.519
2011.5292,3,-9.199,3.933,0.822,4,0.003,-0.004,-0.01,5,59.235,-24.097,22.375
2011.58706,3,-9.197,3.942,0.833,4,0.003,-0.004,-0.01,5,60.123,-24.274,23.041
2011.64364,3,-9.249,3.932,0.838,4,0.004,-0.003,-0.01,,,,
2011.69964,3,-9.236,3.919,0.836,4,0.005,-0.002,-0.012,5,60.585,-24.055,22.264
2011.7557,3,-9.224,3.9,0.849,4,0.006,-0.001,-0.012,5,59.703,-23.743,20.41
2011.81359,3,-9.225,3.888,0.845,4,0.006,0,-0.013,,,,
2011.87023,3,-9.251,3.843,0.833,4,0.007,0.002,-0.013,5,60.146,-23.63,22.539
2011.92651,3,-9.245,3.8,0.837,4,0.006,0.003,-0.014,5,60.297,-24.271,21.742
2011.98291,3,-9.249,3.763,0.814,4,0.006,0.005,-0.013,5,60.872,-24.541,22.485
2012.03964,3,-9.232,3.742,0.799,4,0.005,0.006,-0.013,,,,
2012.09484,3,-9.216,3.722,0.795,4,0.005,0.006,-0.012,5,60.474,-22.882,21.973
2012.15148,3,-9.213,3.7,0.782,4,0.003,0.007,-0.011,5,60.619,-24.406,22.701
2012.2081,3,-9.202,3.698,0.764,4,0.002,0.007,-0.009,,,,
2012.26538,3,-9.193,3.691,0.769,4,0,0.007,-0.008,5,60.149,-23.616,23.584
2012.32339,3,-9.17,3.702,0.765,4,-0.002,0.007,-0.006,5,60.251,-23.331,22.549
2012.37997,3,-9.165,3.716,0.756,4,-0.003,0.006,-0.005,5,60.548,-24.321,21.954
2012.43588,3,-9.163,3.741,0.766,4,-0.005,0.006,-0.003,,,,
2012.49124,3,-9.166,3.76,0.777,4,-0.005,0.004,-0.002,5,61.087,-23.157,21.692
2012.54785,3,-9.164,3.785,0.776,4,-0.006,0.004,-0.001,5,61.122,-23.758,23.134
2012.60516,3,-9.167,3.801,0.79,4,-0.006,0.003,0,5,60.072,-22.948,23.065
2012.66308,3,-9.189,3.815,0.812,4,-0.008,0.002,0.001,5,61.064,-23.177,21.69
2012.71972,3,-9.198,3.821,0.814,4,-0.008,0.001,0.002,5,60.219,-24.199,22.679
2012.77639,3,-9.209,3.829,0.824,4,-0.007,0,0.002,5,60.558,-24.121,22.321
2012.83297,3,-9.226,3.84,0.841,4,-0.007,0,0.003,,,,
2012.889,3,-9.247,3.836,0.849,4,-0.008,0,0.003,5,60.78,-23.45,21.953
2012.94424,3,-9.254,3.842,0.854,4,-0.007,0.001,0.003,5,61.305,-23.206,22.408
2013.00085,3,-9.262,3.843,0.863,4,-0.006,0.002,0.004,5,61.098,-24.617,21.89
2013.05819,3,-9.261,3.851,0.864,4,-0.006,0.003,0.005,5,60.628,-23.042,20.787
2013.11618,3,-9.257,3.854,0.864,4,-0.006,0.004,0.005,5,60.646,-24.109,21.407
2013.17276,3,-9.24,3.86,0.854,4,-0.005,0.006,0.006,5,61.923,-23.245,21.727
2013.22934,3,-9.24,3.854,0.857,4,-0.004,0.007,0.006,,,,
2013.28598,3,-9.222,3.86,0.855,4,-0.004,0.007,0.006,5,59.502,-24.973,23.254
2013.34201,3,-9.214,3.856,0.846,4,-0.003,0.009,0.007,5,59.386,-24.371,22.101
2013.39727,3,-9.195,3.848,0.834,4,-0.002,0.009,0.007,5,59.163,-23.393,22.641
2013.45459,3,-9.176,3.852,0.824,4,-0.002,0.01,0.008,5,60.13,-24.341,23.283
2013.51257,3,-9.166,3.853,0.814,4,0,0.01,0.008,5,60.35,-23.022,22.931
2013.56912,3,-9.147,3.849,0.794,4,-0.001,0.009,0.008,5,59.511,-24.08,23.288
2013.62576,3,-9.137,3.847,0.789,4,0,0.009,0.008,,,,
2013.68249,3,-9.121,3.854,0.786,4,0.001,0.008,0.008,5,60.461,-23.485,24.164
2013.73837,3,-9.119,3.853,0.776,4,0,0.008,0.008,5,60.68,-24.255,23.201
2013.79364,3,-9.105,3.864,0.77,4,0,0.006,0.008,5,60.052,-24.37,22.264
2013.85031,3,-9.104,3.863,0.77,4,-0.001,0.005,0.008,,,,
2013.90747,3,-9.1,3.874,0.774,4,0,0.004,0.007,5,60.867,-24.741,21.268
2013.96521,3,-9.098,3.891,0.781,4,-0.001,0.002,0.007,5,60.129,-25.478,22.382
2014.02197,3,-9.11,3.89,0.786,4,-0.001,0.001,0.006,,,,
2014.0787,3,-9.109,3.913,0.786,4,-0.001,-0.001,0.006,5,59.37,-24.516,22.385
2014.13531,3,-9.137,3.916,0.799,4,-0.001,-0.001,0.005,5,59.724,-24.384,22.261
2014.19128,3,-9.144,3.934,0.815,4,-0.001,-0.002,0.004,5,59.601,-24.489,23.508
2014.24734,3,-9.148,3.952,0.819,4,-0.001,-0.003,0.004,,,,
2014.30526,3,-9.177,3.959,0.833,4,0,-0.003,0.002,5,59.584,-24.219,22.304
2014.36181,3,-9.184,3.973,0.84,4,0.001,-0.003,0.001,5,58.905,-24.481,22.321
2014.41781,3,-9.203,3.974,0.848,4,0.001,-0.003,0,,,,
2014.47381,3,-9.212,3.974,0.853,4,0.002,-0.002,-0.002,5,60.535,-24.94,22.861
2014.53192,3,-9.221,3.971,0.853,4,0.003,-0.001,-0.003,5,59.735,-24.008,22.786
2014.58813,3,-9.224,3.959,0.857,4,0.003,0,-0.005,5,59.827,-23.955,22.217
2014.64306,3,-9.225,3.946,0.845,4,0.004,0.001,-0.006,,,,
2014.69982,3,-9.223,3.931,0.849,4,0.005,0.002,-0.007,5,60.095,-24.959,22.566
2014.75668,3,-9.216,3.917,0.837,4,0.005,0.003,-0.008,5,59.891,-22.531,23.618
2014.81359,3,-9.202,3.907,0.826,4,0.006,0.004,-0.008,,,,
2014.8713,3,-9.196,3.881,0.821,4,0.007,0.004,-0.009,5,60.587,-23.653,21.623
2014.92804,3,-9.179,3.865,0.811,4,0.007,0.004,-0.01,5,59.962,-24.005,23.622
2014.98474,3,-9.165,3.853,0.802,4,0.007,0.005,-0.01,5,59.789,-23.941,23.036
2015.04138,3,-9.149,3.839,0.792,4,0.006,0.004,-0.01,,,,
2015.09735,3,-9.134,3.825,0.789,4,0.006,0.004,-0.01,5,60.014,-22.917,21.927
2015.15341,3,-9.128,3.819,0.778,4,0.006,0.003,-0.009,5,60.838,-23.808,22.095
2015.21069,3,-9.125,3.817,0.775,4,0.006,0.002,-0.01,,,,
2015.2666,3,-9.123,3.811,0.78,4,0.005,0.001,-0.009,5,61.606,-24.271,23.953
2015.32455,3,-9.127,3.809,0.775,4,0.005,0,-0.009,5,60.765,-23.383,22.517
2015.38125,3,-9.132,3.816,0.778,4,0.005,-0.001,-0.009,5,60.516,-24.287,23.236
2015.43786,3,-9.137,3.817,0.786,4,0.005,-0.002,-0.008,,,,
2015.49432,3,-9.154,3.814,0.797,4,0.004,-0.003,-0.008,5,60.008,-24.394,23.375
2015.55026,3,-9.166,3.819,0.806,4,0.004,-0.004,-0.008,5,61.287,-22.614,22.037
2015.60641,3,-9.184,3.817,0.81,4,0.004,-0.005,-0.007,5,61.157,-24.081,21.982
2015.66366,3,-9.216,3.812,0.827,4,0.004,-0.005,-0.007,5,60.196,-22.763,21.576
2015.71963,3,-9.228,3.792,0.824,4,0.004,-0.005,-0.006,5,61.072,-23.355,22.966
2015.77758,3,-9.259,3.78,0.839,4,0.004,-0.005,-0.006,5,60.857,-23.242,23.149
2015.83422,3,-9.282,3.774,0.847,4,0.003,-0.004,-0.005,,,,
2015.89022,3,-9.291,3.771,0.852,4,0.002,-0.003,-0.004,5,60.11,-24.042,23.219
2015.94607,3,-9.302,3.769,0.85,4,0.003,-0.001,-0.002,5,60.286,-23.189,21.89
2016.00384,3,-9.306,3.762,0.858,4,0.003,0,-0.001,5,59.348,-24.033,22.897
2016.06054,3,-9.305,3.757,0.849,4,0.002,0.002,0,5,60.049,-24.893,21.521
2016.11712,3,-9.31,3.752,0.853,4,0.002,0.003,0.001,5,59.702,-23.32,22.009
2016.17367,3,-9.302,3.752,0.842,4,0.001,0.005,0.002,5,59.628,-22.836,22.559
2016.23056,3,-9.29,3.756,0.827,4,0.001,0.007,0.004,,,,
2016.2864,3,-9.273,3.759,0.832,4,-0.001,0.008,0.005,5,59.558,-24.068,21.623
2016.34252,3,-9.251,3.762,0.823,4,-0.001,0.009,0.006,5,60.268,-23.448,23.827
2016.39987,3,-9.233,3.769,0.802,4,-0.001,0.01,0.007,5,61.884,-23.34,22.369
2016.45568,3,-9.206,3.779,0.803,4,-0.002,0.01,0.008,5,59.863,-24.321,21.869
2016.51348,3,-9.179,3.785,0.798,4,-0.003,0.01,0.009,5,59.953,-23.679,22.971
2016.57034,3,-9.164,3.805,0.78,4,-0.003,0.01,0.011,5,59.584,-23.81,22.51
2016.62634,3,-9.147,3.825,0.779,4,-0.003,0.009,0.011,,,,
2016.68167,3,-9.128,3.841,0.786,4,-0.004,0.008,0.011,5,61.275,-23.692,22.054
2016.73898,3,-9.125,3.851,0.784,4,-0.004,0.007,0.011,5,60.762,-23.381,22.762
2016.79693,3,-9.117,3.866,0.771,4,-0.005,0.006,0.011,5,60.515,-25.063,22.934
2016.85348,3,-9.117,3.866,0.791,4,-0.004,0.005,0.011,5,59.697,-25.114,21.91
2016.91015,3,-9.125,3.868,0.787,4,-0.006,0.004,0.01,5,61.05,-24.646,21.124
2016.96688,3,-9.124,3.879,0.791,4,-0.005,0.003,0.01,5,60.492,-23.889,21.541
2017.02349,3,-9.133,3.89,0.807,4,-0.005,0.002,0.009,,,,
2017.08001,3,-9.141,3.902,0.804,4,-0.005,0.001,0.009,5,60.512,-24.673,21.591
2017.13595,3,-9.147,3.911,0.814,4,-0.006,0.001,0.008,5,59.914,-24.968,22.444
2017.19128,3,-9.158,3.916,0.818,4,-0.005,0.001,0.007,5,59.456,-24.982,22.353
2017.24792,3,-9.163,3.925,0.822,4,-0.006,0.001,0.006,,,,
2017.3052,3,-9.169,3.926,0.824,4,-0.005,0.001,0.006,5,60.367,-23.61,21.693
2017.36312,3,-9.176,3.931,0.822,4,-0.005,0.001,0.004,5,59.984,-23.979,23.042
2017.41983,3,-9.174,3.936,0.831,4,-0.005,0.001,0.003,,,,
2017.47637,3,-9.182,3.926,0.835,4,-0.004,0.002,0.002,5,59.627,-24.084,23.346
2017.53231,3,-9.18,3.932,0.831,4,-0.004,0.003,0.001,5,60.504,-24.939,23.746
2017.58764,3,-9.176,3.934,0.827,4,-0.004,0.003,0,5,59.044,-25.247,22.865
2017.64431,3,-9.175,3.927,0.838,4,-0.003,0.004,-0.001,,,,
2017.70156,3,-9.167,3.936,0.826,4,-0.003,0.005,-0.002,5,59.723,-24.467,23.355
2017.75882,3,-9.169,3.926,0.819,4,-0.002,0.005,-0.004,5,60.031,-24.586,24.121
2017.81481,3,-9.149,3.93,0.823,4,-0.002,0.006,-0.004,,,,
2017.87271,3,-9.156,3.917,0.814,4,-0.001,0.005,-0.005,5,59.697,-23.54,21.764
2017.92938,3,-9.148,3.918,0.81,4,-0.001,0.006,-0.006,5,60.464,-24.15,22.319
2017.98565,3,-9.152,3.907,0.814,4,0.001,0.006,-0.006,5,60.518,-24.713,22.375
2018.04129,3,-9.153,3.901,0.806,4,0.001,0.005,-0.008,,,,
2018.09732,3,-9.141,3.9,0.794,4,0.001,0.005,-0.008,5,58.913,-24.544,22.746
2018.15445,3,-9.155,3.893,0.802,4,0.001,0.005,-0.009,5,60.684,-23.643,22.279
2018.21237,3,-9.155,3.888,0.802,4,0.002,0.004,-0.009,,,,
2018.26934,3,-9.165,3.872,0.797,4,0.002,0.003,-0.009,5,60.684,-24.452,19.609
2018.32577,3,-9.169,3.858,0.792,4,0.003,0.003,-0.01,5,59.933,-23.721,22.084
2018.38247,3,-9.188,3.832,0.793,4,0.003,0.002,-0.01,5,60.089,-22.972,22.258
2018.43924,3,-9.207,3.797,0.794,4,0.003,0.002,-0.01,,,,
2018.4953,3,-9.208,3.789,0.793,4,0.003,0.002,-0.009,5,59.042,-23.47,22.707
2018.5509,3,-9.223,3.766,0.796,4,0.002,0.001,-0.009,5,59.85,-24.181,23.596
2018.60879,3,-9.216,3.765,0.794,4,0.001,0.001,-0.008,,,,
2018.66564,3,-9.229,3.754,0.792,4,0.001,0.001,-0.007,5,60.364,-23.259,22.716
2018.72226,3,-9.225,3.748,0.804,4,0,0.001,-0.006,5,59.068,-24.098,22.734
2018.77883,3,-9.23,3.74,0.797,4,-0.002,0.001,-0.005,5,59.734,-24.519,21.895
2018.83474,3,-9.222,3.741,0.794,4,-0.002,0.002,-0.004,,,,
2018.89077,3,-9.223,3.747,0.804,4,-0.003,0.002,-0.003,5,60.576,-24.466,24.144
2018.94805,3,-9.216,3.758,0.806,4,-0.004,0.002,-0.001,5,59.258,-24.158,23.416
2019.00402,3,-9.212,3.773,0.804,4,-0.005,0.002,0,5,59.909,-22.792,22.934
2019.06201,3,-9.206,3.779,0.815,4,-0.006,0.002,0.001,5,59.882,-23.061,23.541
2019.11865,3,-9.204,3.795,0.814,4,-0.006,0.002,0.002,5,59.718,-23.34,23.161
2019.17529,3,-9.209,3.804,0.818,4,-0.006,0.002,0.003,5,59.749,-24.004,22.711
2019.23187,3,-9.208,3.825,0.826,4,-0.006,0.002,0.004,,,,
2019.28781,3,-9.217,3.829,0.826,4,-0.005,0.002,0.004,5,61.006,-23.721,24.155
2019.34375,3,-9.211,3.85,0.822,4,-0.004,0.003,0.005,5,60.155,-23.047,23.502
2019.40158,3,-9.219,3.867,0.832,4,-0.004,0.002,0.006,5,60.855,-22.638,22.707
2019.45828,3,-9.229,3.879,0.839,4,-0.004,0.003,0.006,5,59.706,-23.538,22.481
2019.51507,3,-9.225,3.896,0.841,4,-0.003,0.003,0.007,5,59.732,-23.381,22.891
2019.57162,3,-9.229,3.907,0.843,4,-0.002,0.004,0.006,5,60.42,-23.682,22.583
2019.62829,3,-9.225,3.919,0.841,4,-0.001,0.004,0.007,,,,
2019.68435,3,-9.226,3.914,0.842,4,0.001,0.004,0.007,5,59.54,-23.605,22.856
2019.7402,3,-9.22,3.92,0.833,4,0.001,0.005,0.006,5,59.558,-23.047,22.856
2019.79806,3,-9.207,3.919,0.833,4,0.003,0.005,0.006,5,60.011,-23.033,23.412
2019.85406,3,-9.203,3.911,0.821,4,0.003,0.006,0.005,5,58.774,-24.214,22.632
2019.90969,3,-9.193,3.912,0.822,4,0.004,0.007,0.005,5,60.278,-23.933,21.501
2019.9667,3,-9.177,3.902,0.819,4,0.004,0.007,0.004,5,60.382,-24.58,22.964
2020.02471,3,-9.171,3.902,0.806,4,0.005,0.007,0.004,,,,
2020.08132,3,-9.157,3.896,0.808,4,0.005,0.007,0.003,5,59.547,-22.153,22.585
2020.13793,3,-9.146,3.894,0.796,4,0.005,0.007,0.002,5,59.009,-23.909,23.106
2020.19439,3,-9.136,3.884,0.791,4,0.005,0.006,0.002,5,59.587,-24.573,23.337
2020.25033,3,-9.135,3.872,0.793,4,0.005,0.006,0.001,5,60.017,-23.682,22.505
2020.30639,3,-9.124,3.86,0.785,4,0.005,0.005,0.001,5,61.414,-24.242,22.835
2020.36422,3,-9.129,3.847,0.776,4,0.004,0.005,0,5,59.842,-24.6,22.694
2020.42083,3,-9.112,3.839,0.772,4,0.004,0.004,-0.001,,,,
2020.47757,3,-9.117,3.824,0.771,4,0.004,0.002,0,5,59.518,-24.321,22.53
2020.53414,3,-9.127,3.817,0.76,4,0.004,0.001,0,5,60.094,-24.509,21.753
2020.59021,3,-9.116,3.823,0.766,4,0.003,0,0,5,59.724,-24.593,23.097
2020.64605,3,-9.132,3.823,0.778,4,0.003,-0.001,0,,,,
2020.70385,3,-9.134,3.832,0.782,4,0.002,-0.003,0,5,59.904,-23.907,22.943
2020.76071,3,-9.15,3.845,0.785,4,0.002,-0.003,0.001,5,59.245,-23.422,23.164
2020.81729,3,-9.164,3.857,0.802,4,0.001,-0.004,0.001,,,,
2020.87387,3,-9.176,3.878,0.814,4,0.001,-0.004,0.001,5,60.202,-24.901,23.929
2020.93057,3,-9.193,3.888,0.818,4,0.002,-0.004,0.001,5,61.014,-23.706,22.472
2020.98654,3,-9.197,3.894,0.844,4,0.002,-0.004,0.001,5,59.702,-24.141,21.736
2021.04219,3,-9.226,3.896,0.839,4,0.002,-0.004,0,,,,
2021.09911,3,-9.222,3.907,0.842,4,0.003,-0.003,0,5,59.032,-24.112,23.225
2021.15566,3,-9.236,3.899,0.845,4,0.003,-0.002,-0.001,5,58.716,-24.339,22.559
2021.21343,3,-9.231,3.899,0.843,4,0.004,-0.001,-0.001,,,,
2021.27022,3,-9.224,3.893,0.831,4,0.003,-0.003,-0.001,5,59.586,-23.729,23.511
2021.32647,3,-9.228,3.885,0.837,4,0.004,-0.002,-0.001,5,60.509,-24.59,22.301
2021.38314,3,-9.224,3.878,0.841,4,0.004,0,-0.002,5,59.776,-23.732,22.871
2021.4395,3,-9.212,3.867,0.837,4,0.004,0,-0.002,,,,
2021.49492,3,-9.208,3.846,0.808,4,0.004,0.002,-0.003,5,60.196,-23.981,22.227
2021.5522,3,-9.196,3.842,0.827,4,0.003,0.003,-0.004,5,59.314,-24.239,22.488
2021.61022,3,-9.181,3.835,0.803,4,0.002,0.004,-0.004,,,,
2021.66686,3,-9.179,3.817,0.788,4,0.002,0.004,-0.004,5,61.143,-25.804,22.638
2021.72283,3,-9.173,3.799,0.794,4,0.001,0.004,-0.005,5,61.267,-24.078,20.511
2021.77874,3,-9.175,3.795,0.779,4,0,0.004,-0.005,5,62.404,-24.165,19.829
2021.83666,3,-9.163,3.798,0.766,4,-0.001,0.004,-0.005,,,,
2021.89263,3,-9.171,3.809,0.806,4,-0.002,0.003,-0.004,5,61.615,-24.397,22.041
2021.94796,3,-9.171,3.813,0.802,4,-0.003,0.003,-0.004,5,60.732,-24.965,20.822
2022.00527,3,-9.168,3.822,0.78,4,-0.004,0.003,-0.004,5,60.469,-23.436,22.578
2022.06325,3,-9.172,3.821,0.801,4,-0.004,0.002,-0.004,5,59.839,-24.67,23.564
2022.1198,3,-9.184,3.817,0.81,4,-0.004,0.001,-0.003,5,60.063,-24.146,23.038
2022.17583,3,-9.221,3.808,0.802,4,-0.004,0,-0.003,5,59.035,-24.196,23.969
2022.23174,3,-9.213,3.824,0.818,4,-0.004,0.001,-0.003,,,,
2022.28966,3,-9.223,3.829,0.828,4,-0.004,0,-0.002,5,59.251,-24.246,22.818
2022.34563,3,-9.217,3.844,0.805,4,-0.005,0,-0.002,5,61.458,-23.526,22.565
2022.40163,3,-9.223,3.837,0.821,4,-0.004,0,-0.001,5,59.697,-22.519,22.685
2022.45958,3,-9.222,3.837,0.832,4,-0.004,0,0,5,60.039,-24.702,24.077
2022.51628,3,-9.227,3.826,0.818,4,-0.004,0,0,5,60.477,-23.894,23.019
2022.57302,3,-9.214,3.817,0.825,4,-0.003,0,0,5,59.795,-23.622,22.511
2022.62947,3,-9.21,3.815,0.811,4,-0.003,0,0.001,,,,
2022.68538,3,-9.212,3.815,0.831,4,-0.003,0.001,0.001,5,60.448,-24.225,23.117
2022.74074,3,-9.188,3.813,0.798,4,-0.004,0,0.001,5,60.391,-23.898,23.183
2022.79735,3,-9.174,3.819,0.798,4,-0.003,0,0.002,5,59.207,-23.474,22.098
2022.85448,3,-9.174,3.819,0.788,4,-0.003,0,0.002,5,60.381,-24.243,23.198
2022.91225,3,-9.167,3.813,0.803,4,-0.003,0,0.003,5,60.075,-23.27,22.279
2022.96932,3,-9.184,3.806,0.802,4,-0.004,0.001,0.003,5,59.911,-23.631,22.787
2023.02593,3,-9.173,3.821,0.794,4,-0.004,0,0.002,,,,
2023.08251,3,-9.153,3.838,0.799,4,-0.005,0,0.003,5,60.623,-24.603,21.645
2023.13842,3,-9.163,3.847,0.801,4,-0.005,0,0.003,5,59.668,-24.821,22.778
2023.19374,3,-9.182,3.852,0.797,4,-0.005,0,0.003,5,59.885,-23.843,24.223
2023.25103,3,-9.188,3.858,0.802,4,-0.005,-0.001,0.003,5,59.161,-26.086,23.109
2023.30831,3,-9.186,3.863,0.818,4,-0.005,-0.001,0.003,5,60.164,-24.153,21.73
2023.36428,3,-9.176,3.869,0.809,4,-0.005,-0.001,0.003,5,59.705,-24.2,23.094
2023.42217,3,-9.196,3.844,0.792,4,-0.004,-0.001,0.004,,,,
2023.47878,3,-9.216,3.844,0.844,4,-0.003,-0.001,0.004,5,59.979,-23.55,23.045
2023.5353,3,-9.212,3.865,0.83,4,-0.004,-0.002,0.004,5,59.752,-24.419,21.79
2023.59133,3,-9.211,3.872,0.806,4,-0.003,-0.001,0.004,5,60.275,-23.993,22.733
2023.64678,3,-9.206,3.893,0.823,4,-0.002,-0.001,0.005,,,,
2023.70403,3,-9.216,3.884,0.838,4,-0.002,-0.001,0.005,5,60.139,-24.62,23.149
2023.76195,3,-9.223,3.876,0.829,4,-0.001,-0.001,0.005,5,60.303,-22.887,21.515
2023.81856,3,-9.222,3.862,0.832,4,0,0,0.005,,,,
2023.87517,3,-9.208,3.868,0.839,4,0,0,0.005,5,60.379,-23.074,22.444
2023.93178,3,-9.203,3.857,0.83,4,0.001,0.001,0.005,5,59.686,-23.787,22.908
2023.98781,3,-9.196,3.858,0.829,4,0.001,0.001,0.005,5,60.396,-24.046,22.916
2024.04345,3,-9.187,3.871,0.83,4,0.001,0.002,0.005,,,,
2024.101,3,-9.153,3.875,0.808,4,0.001,0.002,0.005,5,59.872,-22.774,22.586
2024.15828,3,-9.157,3.881,0.801,4,0.002,0.002,0.005,5,60.085,-23.564,22.258
2024.21495,3,-9.157,3.873,0.811,4,0.003,0.002,0.004,,,,
2024.27156,3,-9.134,3.874,0.793,4,0.002,0.002,0.004,5,60.075,-24.033,23.54
2024.32814,3,-9.129,3.878,0.777,4,0.002,0.002,0.003,5,60.474,-23.151,22.81
2024.3842,3,-9.121,3.879,0.79,4,0.003,0.002,0.003,5,60.284,-23.491,22.644
2024.44008,3,-9.125,3.881,0.779,4,0.003,0.001,0.002,,,,
2024.49721,3,-9.117,3.896,0.769,4,0.002,0.001,0.001,5,58.849,-25.078,22.409
2024.55342,3,-9.117,3.914,0.776,4,0.002,0,0,5,59.604,-23.146,23.268
2024.61132,3,-9.105,3.927,0.778,4,0.002,-0.001,-0.001,,,,
2024.66793,3,-9.113,3.919,0.77,4,0.002,-0.002,-0.002,5,59.653,-24.826,22.702
2024.72466,3,-9.121,3.921,0.772,4,0.002,-0.003,-0.004,5,60.199,-24.292,22.769
2024.78133,3,-9.161,3.919,0.809,4,0.003,-0.004,-0.005,5,61.011,-24.066,23.557
2024.83721,3,-9.183,3.923,0.802,4,0.004,-0.005,-0.007,,,,
2024.89321,3,-9.17,3.93,0.81,4,0.004,-0.005,-0.008,5,59.615,-24.445,23.189
2024.95113,3,-9.196,3.934,0.836,4,0.005,-0.005,-0.009,5,59.679,-23.192,22.647
2025.0078,3,-9.216,3.927,0.843,4,0.005,-0.005,-0.01,,,,
2025.06441,3,-9.237,3.89,0.829,4,0.006,-0.005,-0.011,5,60.757,-23.552,22.702
2025.12111,3,-9.248,3.87,0.853,4,0.007,-0.004,-0.012,5,60.388,-24.005,23.531
2025.1776,3,-9.271,3.822,0.83,4,0.006,-0.004,-0.014,5,59.853,-24.258,23.183
2025.23427,3,-9.267,3.78,0.82,4,0.007,-0.003,-0.014,,,,
2025.2903,3,-9.287,3.727,0.816,4,0.007,-0.002,-0.014,5,60.568,-22.841,22.113
2025.3456,3,-9.287,3.706,0.817,4,0.006,-0.001,-0.014,5,59.518,-23.227,23.349
2025.40285,3,-9.279,3.678,0.811,4,0.005,0,-0.013,5,60.123,-23.567,22.676
2025.4601,3,-9.267,3.664,0.798,4,0.003,0.001,-0.012,5,59.85,-24.365,23.032
2025.51613,3,-9.263,3.651,0.806,4,0.001,0.002,-0.011,5,59.581,-23.694,22.4
2025.57344,3,-9.249,3.653,0.782,4,-0.001,0.003,-0.01,5,60.135,-24.071,22.318
2025.62938,3,-9.221,3.675,0.777,4,-0.003,0.004,-0.008,,,,
2025.6874,3,-9.205,3.679,0.775,4,-0.004,0.004,-0.007,5,60.432,-22.794,23.441
2025.74337,3,-9.187,3.703,0.772,4,-0.006,0.004,-0.006,5,60.469,-22.701,20.888
2025.79912,3,-9.187,3.725,0.774,4,-0.007,0.004,-0.005,5,60.069,-22.227,21.857
2025.85695,3,-9.188,3.728,0.779,4,-0.008,0.004,-0.004,5,60.811,-23.273,21.806
2025.91341,3,-9.18,3.718,0.778,4,-0.008,0.004,-0.004,5,60.648,-23.038,22.633
2025.9695,3,-9.187,3.719,0.786,4,-0.009,0.003,-0.003,5,59.299,-23.257,22.8
2026.02709,3,-9.201,3.726,0.787,4,-0.009,0.002,-0.002,,,,
2026.0837,3,-9.197,3.738,0.797,4,-0.01,0.001,-0.001,5,60.213,-23.029,21.475
2026.14031,3,-9.204,3.743,0.787,4,-0.01,0.001,0,5,60.526,-23.604,21.996
2026.19625,3,-9.224,3.746,0.802,4,-0.01,0,0.001,5,59.396,-22.911,23.456
2026.25209,3,-9.234,3.756,0.809,4,-0.01,0,0.002,5,60.788,-24.051,21.916
2026.3098,3,-9.236,3.762,0.798,4,-0.01,-0.001,0.003,5,60.942,-24.187,22.412
2026.36675,3,-9.242,3.762,0.809,4,-0.01,-0.001,0.004,5,59.122,-23.198,22.023
2026.42354,3,-9.255,3.771,0.818,4,-0.01,-0.001,0.005,,,,
2026.48027,3,-9.255,3.778,0.81,4,-0.009,-0.001,0.006,5,61.034,-22.455,21.837
2026.53673,3,-9.259,3.776,0.814,4,-0.008,-0.001,0.006,5,61.626,-23.615,21.359
2026.59273,3,-9.253,3.784,0.822,4,-0.009,-0.001,0.007,5,61.617,-23.898,20.935
2026.648,3,-9.262,3.79,0.823,4,-0.008,-0.001,0.008,5,60.229,-24.622,21.558
2026.70464,3,-9.257,3.793,0.817,4,-0.007,-0.001,0.009,5,60.793,-25.061,21.381
2026.76198,3,-9.248,3.796,0.826,4,-0.008,0,0.009,5,60.457,-25.238,22.13
2026.81993,3,-9.247,3.812,0.813,4,-0.007,0,0.01,,,,
2026.87642,3,-9.243,3.812,0.815,4,-0.006,0,0.01,5,60.88,-24.657,21.182
2026.93306,3,-9.226,3.826,0.825,4,-0.006,0.001,0.01,5,60.921,-23.294,22.235
2026.98967,3,-9.216,3.83,0.818,4,-0.005,0.002,0.01,5,60.185,-23.021,21.744
2027.04567,3,-9.207,3.833,0.81,4,-0.005,0.002,0.01,,,,
2027.10167,3,-9.188,3.84,0.818,4,-0.004,0.002,0.01,5,59.642,-24.037,23.482
2027.1595,3,-9.169,3.848,0.805,4,-0.003,0.003,0.01,5,59.981,-24.644,21.678
2027.21608,3,-9.16,3.844,0.792,4,-0.002,0.003,0.009,,,,
2027.27275,3,-9.157,3.844,0.798,4,-0.001,0.003,0.009,5,57.986,-23.805,22.198
2027.3293,3,-9.144,3.851,0.794,4,0,0.002,0.009,5,59.665,-24.382,22.319
2027.38536,3,-9.147,3.844,0.778,4,0.001,0.002,0.008,5,60.306,-24.727,23.34
2027.44078,3,-9.145,3.847,0.79,4,0.001,0.001,0.008,,,,
2027.49739,3,-9.146,3.86,0.792,4,0.001,0.001,0.007,5,60.385,-23.973,22.562
2027.55474,3,-9.155,3.867,0.781,4,0.002,0,0.007,5,60.303,-23.196,22.382
2027.61275,3,-9.169,3.875,0.797,4,0.002,-0.001,0.006,,,,
2027.66924,3,-9.169,3.891,0.811,4,0.002,-0.001,0.005,5,60.155,-23.445,22.279
2027.72573,3,-9.181,3.898,0.798,4,0.002,-0.001,0.004,5,60.368,-23.7,22.372
2027.78173,3,-9.194,3.896,0.802,4,0.003,-0.002,0.002,5,59.221,-23.721,23.557
2027.83718,3,-9.194,3.905,0.821,4,0.004,-0.002,0.002,,,,
2027.89382,3,-9.209,3.906,0.814,4,0.003,-0.002,0,5,60.855,-24.434,21.066
2027.95043,3,-9.216,3.904,0.812,4,0.004,-0.002,-0.001,5,59.186,-23.932,22.705
2028.00771,3,-9.216,3.896,0.822,4,0.004,-0.002,-0.002,,,,
2028.06563,3,-9.213,3.896,0.818,4,0.004,-0.002,-0.003,5,59.474,-24.359,22.105
2028.12227,3,-9.223,3.875,0.824,4,0.005,-0.002,-0.004,5,58.589,-24.716,23.076
2028.17888,3,-9.214,3.868,0.825,4,0.005,-0.002,-0.005,5,59.393,-24.146,22.07
2028.23491,3,-9.212,3.862,0.816,4,0.006,-0.002,-0.006,,,,
2028.29018,3,-9.21,3.845,0.822,4,0.007,-0.002,-0.007,5,60.464,-23.969,23.102
2028.34682,3,-9.199,3.835,0.82,4,0.007,-0.001,-0.007,5,60.127,-24.277,23.294
2028.40413,3,-9.185,3.826,0.814,4,0.008,-0.001,-0.007,5,59.828,-23.305,22.527
2028.46215,3,-9.174,3.813,0.807,4,0.008,-0.001,-0.008,5,59.897,-22.653,22.791
2028.51873,3,-9.172,3.806,0.808,4,0.009,-0.001,-0.008,5,59.859,-23.318,22.043
2028.57531,3,-9.155,3.806,0.808,4,0.009,-0.001,-0.008,5,59.816,-23.787,21.788
2028.63201,3,-9.154,3.801,0.794,4,0.008,-0.002,-0.008,,,,
2028.68795,3,-9.156,3.793,0.8,4,0.008,-0.002,-0.009,5,61.594,-23.73,21.214
2028.74321,3,-9.153,3.803,0.803,4,0.009,-0.003,-0.008,5,60.744,-23.978,22.328
2028.80053,3,-9.157,3.801,0.789,4,0.009,-0.003,-0.008,5,61.191,-23.444,22.702
2028.85784,3,-9.172,3.788,0.797,4,0.009,-0.004,-0.008,5,60.088,-23.055,23.822
2028.91378,3,-9.179,3.786,0.804,4,0.009,-0.005,-0.008,5,60.249,-22.804,22.708
2028.97173,3,-9.188,3.791,0.801,4,0.009,-0.005,-0.008,5,60.806,-22.169,21.837
2029.02831,3,-9.208,3.781,0.809,4,0.009,-0.006,-0.008,,,,
2029.08489,3,-9.221,3.774,0.82,4,0.009,-0.006,-0.008,5,61.992,-22.9,22.725
2029.14089,3,-9.228,3.776,0.815,4,0.009,-0.006,-0.008,5,60.826,-23.756,22.627
2029.19622,3,-9.248,3.762,0.816,4,0.009,-0.006,-0.008,5,61.746,-22.928,23.151
2029.25316,3,-9.259,3.75,0.818,4,0.008,-0.006,-0.008,5,59.944,-23.756,21.666
2029.31084,3,-9.267,3.737,0.822,4,0.008,-0.006,-0.007,5,60.941,-22.789,21.82
2029.36812,3,-9.286,3.706,0.812,4,0.007,-0.006,-0.006,5,60.274,-21.857,22.459
2029.42473,3,-9.295,3.674,0.813,4,0.007,-0.005,-0.005,,,,
2029.48137,3,-9.303,3.661,0.812,4,0.007,-0.005,-0.004,5,61.168,-21.811,23.161
2029.53795,3,-9.301,3.664,0.82,4,0.005,-0.004,-0.002,5,60.487,-22.577,22.632
2029.59392,3,-9.295,3.67,0.818,4,0.004,-0.003,-0.001,5,60.568,-23.19,22.853
2029.64992,3,-9.289,3.676,0.811,4,0.002,-0.003,0,5,62.158,-22.876,21.161
2029.70775,3,-9.275,3.691,0.823,4,0.001,-0.002,0.002,5,60.397,-23.451,22.688
2029.76421,3,-9.264,3.701,0.818,4,0,-0.002,0.003,5,61.043,-23.865,21.996
2029.82097,3,-9.255,3.724,0.822,4,0,-0.001,0.005,,,,
2029.87758,3,-9.239,3.737,0.817,4,-0.001,-0.001,0.006,5,60.945,-24.817,21.687
2029.93431,3,-9.235,3.747,0.822,4,0,-0.001,0.007,5,61.455,-23.79,20.749
2029.99041,3,-9.22,3.766,0.824,4,0,-0.001,0.007,5,59.972,-23.491,22.116
2030.04561,3,-9.21,3.77,0.818,4,0,0,0.008,,,,
2030.10247,3,-9.21,3.772,0.822,4,-0.001,-0.001,0.008,5,60.292,-23.483,23
2030.15996,3,-9.195,3.775,0.818,4,0,-0.001,0.009,5,60.75,-23.427,22.351
2030.21727,3,-9.2,3.772,0.822,4,0.001,0,0.009,,,,
2030.27397,3,-9.195,3.786,0.818,4,0.001,0,0.009,5,59.648,-23.967,23.021
2030.33071,3,-9.195,3.791,0.822,4,0.001,0,0.009,5,60.78,-22.716,22.366
2030.38732,3,-9.199,3.792,0.821,4,0.001,0,0.009,5,60.138,-21.98,23.473
2030.44329,3,-9.2,3.8,0.818,4,0.001,0,0.009,,,,
2030.49929,3,-9.216,3.798,0.823,4,0.001,0,0.009,5,60.156,-23.645,23.907
2030.55693,3,-9.218,3.81,0.822,4,0.001,0,0.009,5,61.136,-23.204,21.309
2030.61333,3,-9.218,3.813,0.824,4,0.001,0.001,0.009,,,,
2030.67037,3,-9.224,3.823,0.821,4,0,0.001,0.008,5,59.798,-24.632,22.652
2030.72692,3,-9.23,3.823,0.819,4,0.001,0.002,0.008,5,60.762,-23.755,22.176
2030.78356,3,-9.227,3.829,0.815,4,0,0.002,0.008,5,60.196,-22.383,21.964
2030.8402,3,-9.223,3.836,0.817,4,0,0.002,0.007,,,,
2030.89666,3,-9.221,3.837,0.81,4,0,0.002,0.006,5,60.823,-24.036,22.241
2030.9525,3,-9.212,3.836,0.806,4,0,0.002,0.006,5,60.379,-23.466,23.695
2031.00942,3,-9.199,3.836,0.802,4,0,0.002,0.005,,,,
2031.06806,3,-9.198,3.836,0.806,4,-0.001,0.002,0.005,5,60.338,-24.631,23.668
2031.12415,3,-9.188,3.835,0.802,4,-0.001,0.002,0.004,5,61.281,-23.1,21.216
2031.1789,3,-9.175,3.836,0.798,4,-0.001,0.002,0.004,5,61.766,-23.976,23.247
2031.23694,3,-9.166,3.833,0.795,4,-0.001,0.001,0.003,,,,
2031.2927,3,-9.16,3.828,0.801,4,-0.001,0.001,0.002,5,59.784,-23.579,23.347
2031.34864,3,-9.155,3.823,0.793,4,-0.002,0,0.002,5,60.269,-21.887,22.35
2031.40653,3,-9.145,3.825,0.798,4,-0.002,0,0.001,,,,
2031.46323,3,-9.141,3.825,0.795,4,-0.002,0,0,5,59.843,-23.167,22.94
2031.51926,3,-9.138,3.83,0.793,4,-0.002,-0.001,-0.001,5,58.528,-24.388,23.535
2031.57523,3,-9.138,3.834,0.795,4,-0.002,-0.002,-0.001,5,59.894,-24.799,22.723
2031.63257,3,-9.145,3.836,0.805,4,-0.003,-0.002,-0.002,,,,
2031.68848,3,-9.157,3.836,0.804,4,-0.002,-0.003,-0.002,5,59.323,-23.083,23.187
2031.74579,3,-9.166,3.842,0.811,4,-0.002,-0.003,-0.003,5,59.267,-24.144,22.629
2031.8017,3,-9.184,3.839,0.817,4,-0.003,-0.004,-0.004,5,59.763,-23.441,21.791
2031.85965,3,-9.201,3.84,0.822,4,-0.003,-0.003,-0.005,5,59.818,-23.351,22.728
2031.91639,3,-9.212,3.84,0.827,4,-0.002,-0.003,-0.005,5,61.31,-22.729,22.978
2031.97245,3,-9.224,3.838,0.832,4,-0.002,-0.003,-0.006,5,59.448,-23.735,22.046
2032.02854,3,-9.23,3.834,0.835,4,-0.002,-0.003,-0.006,,,,
2032.08564,3,-9.241,3.827,0.841,4,-0.002,-0.002,-0.007,5,60.133,-24.107,22.554
2032.14081,3,-9.243,3.826,0.833,4,-0.001,-0.001,-0.007,5,59.496,-23.836,22.871
2032.19809,3,-9.251,3.817,0.835,4,-0.001,-0.001,-0.007,5,59.717,-23.761,22.382
2032.25534,3,-9.247,3.802,0.826,4,-0.001,0,-0.007,5,60.922,-22.383,21.477
2032.31137,3,-9.245,3.786,0.826,4,0,0.001,-0.007,5,61.035,-22.382,23.387
2032.36869,3,-9.243,3.777,0.825,4,0,0.001,-0.007,5,59.409,-22.658,22.06
2032.42459,3,-9.247,3.755,0.811,4,0,0.001,-0.007,,,,
2032.48252,3,-9.241,3.748,0.81,4,-0.001,0.002,-0.006,5,61.334,-23.648,22.316
2032.53852,3,-9.238,3.742,0.813,4,-0.001,0.002,-0.006,5,59.216,-23.752,23.907
2032.59385,3,-9.24,3.735,0.803,4,-0.002,0.002,-0.005,5,59.618,-23.434,22.24
2032.65067,3,-9.236,3.731,0.81,4,-0.002,0.002,-0.004,5,60.272,-24.574,21.962
2032.70819,3,-9.229,3.735,0.802,4,-0.002,0.003,-0.004,5,61.063,-23.949,21.042
2032.76578,3,-9.227,3.732,0.805,4,-0.003,0.003,-0.003,5,61.349,-23.601,21.022
2032.82239,3,-9.233,3.731,0.804,4,-0.003,0.002,-0.002,,,,
2032.87897,3,-9.219,3.744,0.806,4,-0.004,0.002,-0.001,5,61.902,-23.871,21.869
2032.93558,3,-9.225,3.742,0.809,4,-0.004,0.002,0,5,61.111,-24.567,22.223
2032.99164,3,-9.227,3.741,0.81,4,-0.005,0.001,0,5,60.632,-25.537,22.443
2033.04737,3,-9.223,3.744,0.814,4,-0.005,0.001,0.001,5,61.703,-24.377,23.114
2033.1052,3,-9.221,3.749,0.813,4,-0.005,0.001,0.002,5,60.617,-23.157,23.398
2033.16205,3,-9.22,3.751,0.81,4,-0.005,0.001,0.002,5,60.776,-22.496,21.388
2033.2186,3,-9.218,3.746,0.814,4,-0.005,0.001,0.003,,,,
2033.27521,3,-9.218,3.75,0.814,4,-0.006,0.001,0.004,5,61.028,-22.687,22.269
2033.33182,3,-9.217,3.75,0.813,4,-0.005,0.001,0.004,5,60.263,-23.529,23.528
2033.38791,3,-9.216,3.753,0.815,4,-0.006,0.001,0.005,5,59.686,-24.38,23.207
2033.44324,3,-9.208,3.762,0.81,4,-0.006,0.001,0.006,,,,
2033.50049,3,-9.212,3.769,0.822,4,-0.006,0.001,0.006,5,59.503,-23.788,22.974
2033.55835,3,-9.215,3.767,0.819,4,-0.006,0.002,0.007,5,60.55,-22.942,22.667
2033.61493,3,-9.213,3.779,0.817,4,-0.007,0.002,0.007,,,,
2033.67157,3,-9.208,3.784,0.817,4,-0.006,0.002,0.007,5,59.706,-24.718,22.485
2033.72824,3,-9.21,3.793,0.814,4,-0.006,0.002,0.007,5,60.912,-23.155,22.067
2033.78482,3,-9.222,3.795,0.812,4,-0.006,0.002,0.008,5,60.06,-24.353,24.234
2033.84089,3,-9.212,3.811,0.814,4,-0.006,0.002,0.007,,,,
2033.89682,3,-9.216,3.825,0.813,4,-0.005,0.001,0.008,5,61.182,-23.215,22.162
2033.95472,3,-9.224,3.832,0.818,4,-0.005,0.002,0.008,5,59.549,-23.721,22.53
2034.01136,3,-9.224,3.844,0.813,4,-0.004,0.001,0.008,,,,
2034.06794,3,-9.223,3.85,0.819,4,-0.004,0.001,0.007,5,60.408,-22.905,22.705
2034.12467,3,-9.224,3.854,0.816,4,-0.004,0.001,0.007,5,59.901,-23.445,23.19
2034.18134,3,-9.228,3.858,0.822,4,-0.004,0.001,0.007,5,61.421,-23.994,22.835
2034.23798,3,-9.218,3.862,0.825,4,-0.003,0.001,0.006,,,,
2034.29392,3,-9.216,3.854,0.82,4,-0.002,0.001,0.006,5,61.609,-23.38,22.577
2034.34955,3,-9.204,3.858,0.816,4,-0.002,0.002,0.005,5,61.574,-22.76,21.931
2034.40717,3,-9.197,3.855,0.817,4,-0.002,0.001,0.004,,,,
2034.46442,3,-9.194,3.852,0.813,4,-0.001,0.001,0.003,5,59.526,-23.926,24.016
2034.52094,3,-9.192,3.844,0.804,4,-0.001,0.002,0.003,5,59.631,-23.428,22.365
2034.57761,3,-9.179,3.848,0.806,4,-0.001,0.002,0.002,5,59.732,-22.304,23.544
2034.63443,3,-9.172,3.847,0.8,4,-0.001,0.002,0.002,,,,
2034.69037,3,-9.178,3.846,0.801,4,-0.001,0.002,0.001,5,59.773,-23.187,23.283
2034.74567,3,-9.178,3.848,0.802,4,0,0.002,0.001,5,61.359,-22.27,21.764
2034.80298,3,-9.182,3.851,0.806,4,0,0.002,0,,,,
2034.86094,3,-9.179,3.848,0.794,4,-0.001,0.001,-0.001,5,60.896,-23.947,23.366
2034.91751,3,-9.176,3.848,0.8,4,0,0.001,-0.001,5,60.26,-23.383,22.478
2034.97422,3,-9.178,3.85,0.802,4,0,0.001,-0.002,5,59.961,-23.444,22.409
2035.0308,3,-9.184,3.849,0.798,4,0.001,0.001,-0.002,,,,
2035.08741,3,-9.178,3.843,0.79,4,0.001,0,-0.003,5,59.776,-24.173,23.175
2035.14392,3,-9.179,3.833,0.798,4,0.001,0,-0.003,5,61.072,-24.088,21.901
2035.19974,3,-9.18,3.825,0.79,4,0.002,-0.001,-0.004,5,60.269,-24.034,22.142
2035.25595,3,-9.183,3.807,0.782,4,0.002,-0.001,-0.004,5,60.73,-23.262,21.854
2035.31388,3,-9.187,3.786,0.783,4,0.001,-0.001,-0.004,5,59.283,-23.651,22.8
2035.37052,3,-9.199,3.761,0.776,4,0.002,-0.001,-0.004,5,61.526,-23.718,21.013
2035.42719,3,-9.208,3.74,0.77,4,0.001,-0.002,-0.004,,,,
2035.4831,3,-9.209,3.735,0.778,4,0.001,-0.002,-0.003,5,60.22,-23.454,22.922
2035.53843,3,-9.214,3.728,0.779,4,-0.001,-0.002,-0.003,5,60.995,-22.606,22.9
2035.59504,3,-9.215,3.737,0.775,4,-0.001,-0.003,-0.002,5,60.838,-23.08,22.038
2035.65171,3,-9.226,3.738,0.787,4,-0.002,-0.003,-0.001,5,59.177,-23.218,22.644
2035.70884,3,-9.228,3.738,0.794,4,-0.003,-0.003,-0.001,5,59.683,-23.05,21.758
2035.76661,3,-9.232,3.744,0.79,4,-0.004,-0.003,0,5,60.309,-24.701,21.881
2035.82392,3,-9.235,3.748,0.797,4,-0.005,-0.003,0,,,,
2035.88089,3,-9.229,3.756,0.813,4,-0.002,-0.003,-0.001,5,62.529,-23.999,20.195
2035.93616,3,-9.232,3.769,0.806,4,-0.004,-0.002,-0.001,5,60.249,-24.403,22.198
2035.9921,3,-9.235,3.773,0.81,4,-0.004,-0.002,-0.001,5,61.652,-25.017,22.493
2036.04959,3,-9.238,3.78,0.822,4,-0.004,-0.001,0,5,60.519,-24.989,22.701
2036.10587,3,-9.23,3.793,0.818,4,-0.004,-0.001,0,5,59.471,-22.949,22.623
2036.1633,3,-9.235,3.793,0.814,4,-0.004,0,0.001,5,60.797,-23.92,20.949
2036.21979,3,-9.227,3.797,0.821,4,-0.004,0.001,0.001,,,,
2036.27637,3,-9.228,3.797,0.827,4,-0.003,0.001,0.001,5,60.703,-23.914,22.188
2036.3331,3,-9.216,3.804,0.816,4,-0.003,0.002,0.001,5,60.364,-23.807,22.469
2036.38904,3,-9.22,3.797,0.815,4,-0.003,0.002,0.002,5,60.637,-24.455,23.387
2036.44458,3,-9.212,3.798,0.817,4,-0.002,0.003,0.002,,,,
2036.50196,3,-9.212,3.796,0.809,4,-0.001,0.003,0.003,5,59.898,-22.461,22.627
2036.55954,3,-9.203,3.802,0.807,4,-0.001,0.003,0.003,5,59.073,-22.949,22.626
2036.61625,3,-9.2,3.815,0.81,4,0,0.003,0.003,,,,
2036.67289,3,-9.199,3.823,0.806,4,0,0.003,0.004,5,60.037,-23.189,23.193
2036.7294,3,-9.194,3.829,0.808,4,0.001,0.002,0.004,5,59.915,-23.335,23.364
2036.7854,3,-9.196,3.836,0.81,4,0.001,0.002,0.004,5,61.04,-23.61,22.668
2036.84085,3,-9.196,3.848,0.805,4,0.002,0.001,0.004,,,,
2036.89811,3,-9.196,3.855,0.808,4,0.002,0.001,0.004,5,60.338,-23.111,22.105
2036.95597,3,-9.193,3.867,0.817,4,0.003,0,0.004,5,59.462,-24.413,22.298
2037.01258,3,-9.199,3.869,0.802,4,0.004,0,0.003,,,,
2037.06861,3,-9.195,3.871,0.805,4,0.004,-0.001,0.003,5,59.795,-23.856,22.935
2037.12461,3,-9.195,3.876,0.815,4,0.005,-0.001,0.002,5,59.52,-24.089,22.601
2037.1825,3,-9.195,3.876,0.814,4,0.005,-0.001,0.002,5,60.452,-24.059,23.257
2037.23853,3,-9.194,3.868,0.808,4,0.006,-0.001,0.001,,,,
2037.29389,3,-9.184,3.868,0.811,4,0.006,-0.002,0,5,59.074,-24.844,23.448
2037.3505,3,-9.195,3.86,0.811,4,0.007,-0.002,0,5,59.619,-24.084,23.259
2037.40775,3,-9.192,3.857,0.812,4,0.007,-0.002,-0.001,,,,
2037.46573,3,-9.185,3.848,0.816,4,0.008,-0.003,-0.002,5,60.901,-24.004,22.404
2037.52207,3,-9.194,3.845,0.818,4,0.007,-0.002,-0.002,5,60.176,-24.04,21.977
2037.57831,3,-9.18,3.84,0.815,4,0.007,-0.002,-0.003,5,60.41,-23.74,22.615
2037.63565,3,-9.188,3.829,0.816,4,0.008,-0.002,-0.003,,,,
2037.69242,3,-9.17,3.827,0.808,4,0.008,-0.002,-0.004,5,59.897,-23.181,23.189
2037.74933,3,-9.167,3.829,0.802,4,0.008,-0.002,-0.004,5,59.441,-23.56,23.267
2037.80552,3,-9.169,3.818,0.808,4,0.008,-0.002,-0.005,,,,
2037.86219,3,-9.17,3.813,0.807,4,0.008,-0.002,-0.005,5,59.497,-24.757,23.114
2037.91816,3,-9.167,3.822,0.798,4,0.007,-0.002,-0.005,5,60.965,-24.677,22.639
2037.97416,3,-9.177,3.813,0.805,4,0.007,-0.002,-0.006,5,59.932,-24.115,21.887
2038.03153,3,-9.182,3.812,0.802,4,0.007,-0.003,-0.006,,,,
2038.08664,3,-9.185,3.813,0.799,4,0.007,-0.003,-0.005,5,60.725,-23.387,22.479
2038.14325,3,-9.199,3.805,0.804,4,0.007,-0.003,-0.005,5,59.683,-24.629,22.421
2038.20053,3,-9.211,3.805,0.808,4,0.007,-0.004,-0.005,5,61.063,-22.841,22.58
2038.2584,3,-9.216,3.801,0.806,4,0.007,-0.004,-0.005,5,59.619,-23.459,22.969
2038.31507,3,-9.225,3.793,0.809,4,0.008,-0.004,-0.005,5,60.085,-24.132,23.045
2038.37186,3,-9.236,3.784,0.812,4,0.007,-0.004,-0.005,5,60.577,-24.329,24.196
2038.42844,3,-9.237,3.784,0.814,4,0.007,-0.004,-0.004,,,,
2038.48435,3,-9.247,3.778,0.81,4,0.006,-0.004,-0.005,5,59.941,-23.994,23.413
2038.53968,3,-9.238,3.773,0.811,4,0.006,-0.004,-0.004,5,59.756,-23.244,23.135
2038.59696,3,-9.244,3.769,0.812,4,0.006,-0.004,-0.004,5,60.411,-23.741,23.39
2038.65439,3,-9.241,3.765,0.807,4,0.005,-0.004,-0.003,5,60.921,-22.461,21.741
2038.71039,3,-9.238,3.759,0.804,4,0.004,-0.003,-0.003,5,61.128,-23.886,22.223
2038.7681,3,-9.233,3.762,0.811,4,0.004,-0.003,-0.003,5,59.186,-23.701,22.548
2038.82477,3,-9.228,3.76,0.808,4,0.003,-0.003,-0.002,,,,
2038.88138,3,-9.23,3.755,0.806,4,0.003,-0.002,-0.002,5,60.649,-23.476,21.822
2038.93729,3,-9.223,3.759,0.814,4,0.002,-0.002,-0.001,5,60.637,-24.535,22.174
2038.99268,3,-9.217,3.765,0.808,4,0.001,-0.001,-0.002,5,60.591,-24.08,21.809
2039.04932,3,-9.213,3.777,0.817,4,0,-0.001,-0.001,5,60.881,-24.715,21.544
2039.10657,3,-9.216,3.781,0.818,4,0,0,-0.001,5,61.539,-23.944,21.391
2039.16452,3,-9.208,3.79,0.821,4,0,0,0,5,59.958,-24.042,23.445
2039.22116,3,-9.208,3.797,0.826,4,0,0,0,,,,
2039.27774,3,-9.204,3.809,0.823,4,0,0,0,5,59.206,-23.418,24.095
2039.33374,3,-9.204,3.812,0.828,4,0,0.001,0,5,59.523,-24.077,23.796
2039.38907,3,-9.202,3.817,0.825,4,0,0.001,0,5,61.681,-22.981,22.148
2039.44629,3,-9.205,3.826,0.826,4,0,0.002,0,5,61.046,-24.019,22.856
2039.50421,3,-9.204,3.818,0.827,4,0.001,0.001,0.001,5,60.666,-24.62,22.104
2039.56086,3,-9.202,3.825,0.83,4,0.002,0.002,0.001,5,60.455,-23.538,22.704
2039.61737,3,-9.205,3.826,0.824,4,0.002,0.002,0,,,,
2039.67401,3,-9.205,3.825,0.826,4,0.003,0.002,0.001,5,58.644,-23.703,22.182
2039.73075,3,-9.204,3.822,0.816,4,0.003,0.002,0,5,60.258,-23.857,23.508
2039.78675,3,-9.204,3.818,0.813,4,0.002,0.003,0,5,59.732,-24.507,23.172
2039.84259,3,-9.196,3.819,0.817,4,0.003,0.002,0,,,,
2039.89972,3,-9.2,3.817,0.805,4,0.004,0.002,0,5,60.277,-23.643,22.453
2039.95597,3,-9.2,3.81,0.806,4,0.004,0.002,0,5,60.587,-23.975,24.734
2040.0138,3,-9.198,3.813,0.806,4,0.003,0.002,0,,,,
2040.0705,3,-9.197,3.808,0.805,4,0.003,0.001,0,5,62.274,-23.277,21.385
2040.12708,3,-9.196,3.811,0.798,4,0.003,0,0,5,60.605,-22.687,23.027
2040.18314,3,-9.198,3.8,0.804,4,0.003,0,0,5,59.021,-23.75,23.729
2040.2385,3,-9.188,3.809,0.797,4,0.003,0,0,,,,
2040.29557,3,-9.192,3.807,0.803,4,0.002,-0.001,0,5,59.525,-24.805,22.498
2040.35327,3,-9.194,3.794,0.814,4,0.003,-0.001,0,5,59.608,-24.562,21.301
2040.41025,3,-9.188,3.794,0.797,4,0.002,-0.001,0,,,,
2040.46677,3,-9.184,3.799,0.805,4,0.002,-0.002,0,5,59.694,-23.936,23.515
2040.52341,3,-9.184,3.797,0.815,4,0.002,-0.002,0.001,5,60.823,-22.713,22.668
2040.58014,3,-9.183,3.801,0.802,4,0.002,-0.003,0.001,5,61.606,-24.783,21.834
2040.63614,3,-9.184,3.805,0.802,4,0.002,-0.003,0.001,,,,
2040.69147,3,-9.187,3.807,0.816,4,0.002,-0.003,0.001,5,61.064,-23.447,23.026
2040.74875,3,-9.183,3.815,0.814,4,0.002,-0.004,0.001,5,59.776,-23.682,22.418
2040.80603,3,-9.186,3.828,0.812,4,0.002,-0.004,0.001,,,,
2040.86203,3,-9.197,3.84,0.826,4,0.002,-0.004,0.001,5,59.378,-23.505,23.515
2040.91999,3,-9.208,3.838,0.831,4,0.002,-0.004,0,5,59.286,-24.327,23.483
2040.9766,3,-9.213,3.852,0.828,4,0.003,-0.004,0,5,60.55,-22.098,22.336
2041.03322,3,-9.217,3.856,0.832,4,0.003,-0.004,0,,,,
2041.08983,3,-9.222,3.852,0.849,4,0.003,-0.003,0,5,61.592,-24.182,22.157
2041.14644,3,-9.225,3.852,0.83,4,0.003,-0.003,-0.001,5,60.576,-22.771,22.574
2041.20305,3,-9.224,3.848,0.828,4,0.005,-0.002,-0.001,,,,
2041.25914,3,-9.221,3.842,0.834,4,0.005,-0.002,-0.001,5,59.988,-24.629,22.389
2041.3144,3,-9.208,3.836,0.822,4,0.005,-0.001,-0.002,5,60.155,-23.695,22.693
2041.37166,3,-9.208,3.829,0.815,4,0.006,0,-0.002,5,61.034,-23.434,22.447
2041.42949,3,-9.198,3.813,0.816,4,0.005,0,-0.003,,,,
2041.48542,3,-9.188,3.811,0.804,4,0.006,0,-0.002,5,59.958,-23.526,21.683
2041.54091,3,-9.176,3.805,0.798,4,0.005,0,-0.003,5,58.998,-23.659,23.315
2041.59816,3,-9.18,3.796,0.798,4,0.005,0,-0.004,5,59.668,-22.514,22.047
2041.65605,3,-9.179,3.789,0.791,4,0.004,-0.001,-0.004,5,60.445,-23.917,22.702
2041.71257,3,-9.18,3.789,0.786,4,0.004,-0.001,-0.004,5,60.567,-22.71,21.605
2041.76896,3,-9.18,3.783,0.794,4,0.004,-0.001,-0.004,5,60.658,-22.707,21.063
2041.8253,3,-9.192,3.784,0.793,4,0.003,-0.002,-0.004,,,,
2041.88139,3,-9.195,3.781,0.8,4,0.003,-0.002,-0.004,5,59.9,-24.588,22.643
2041.93934,3,-9.207,3.785,0.802,4,0.003,-0.002,-0.003,5,61.533,-24.692,22.849
2041.99513,3,-9.215,3.789,0.807,4,0.002,-0.002,-0.003,5,62.135,-23.204,20.723
2042.05076,3,-9.226,3.796,0.813,4,0.003,-0.002,-0.003,5,61.063,-24.257,21.513
2042.10826,3,-9.23,3.797,0.817,4,0.003,-0.002,-0.002,5,61.128,-24.223,21.146
2042.16575,3,-9.236,3.8,0.824,4,0.002,-0.002,-0.002,5,61.255,-25.771,22.334
2042.22249,3,-9.239,3.809,0.823,4,0.003,-0.002,-0.002,,,,
2042.2791,3,-9.238,3.809,0.828,4,0.003,-0.002,-0.001,5,59.111,-24.232,22.604
2042.33503,3,-9.246,3.812,0.825,4,0.003,-0.002,-0.001,5,59.85,-25.266,22.427
2042.39088,3,-9.244,3.812,0.824,4,0.003,-0.002,-0.001,5,59.691,-23.871,22.383
2042.44804,3,-9.242,3.809,0.825,4,0.004,-0.001,-0.001,5,59.795,-23.363,22.403
2042.50419,3,-9.234,3.805,0.826,4,0.004,0,0,5,60.643,-24.127,22.684
2042.56209,3,-9.225,3.803,0.82,4,0.004,0,0,5,59.431,-23.819,22.729
2042.61866,3,-9.216,3.797,0.811,4,0.004,0,-0.001,,,,
2042.67531,3,-9.209,3.799,0.809,4,0.004,0.001,0,5,61.099,-23.833,21.619
2042.73137,3,-9.203,3.8,0.804,4,0.004,0.001,0,5,60.921,-23.862,22.072
2042.78673,3,-9.192,3.796,0.805,4,0.004,0.002,0,5,60.03,-23.489,23.122
2042.84334,3,-9.19,3.798,0.802,4,0.003,0.002,-0.001,,,,
2042.90037,3,-9.18,3.802,0.795,4,0.004,0.001,-0.001,5,61.136,-23.517,22.246
2042.95811,3,-9.182,3.806,0.797,4,0.003,0.001,-0.001,5,59.189,-23.662,22.816
2043.01515,3,-9.185,3.813,0.798,4,0.002,0.001,-0.001,,,,
2043.07173,3,-9.184,3.822,0.796,4,0.003,0.001,-0.001,5,60.382,-23.009,22.237
2043.1277,3,-9.188,3.827,0.792,4,0.002,0,-0.001,5,60.332,-23.883,22.847
2043.18309,3,-9.196,3.833,0.791,4,0.002,0,-0.001,5,61.066,-22.905,20.973
2043.2397,3,-9.198,3.84,0.797,4,0.003,-0.001,-0.001,,,,
2043.29695,3,-9.209,3.844,0.801,4,0.003,-0.001,-0.001,5,60.51,-24.261,22.931
2043.35481,3,-9.212,3.835,0.798,4,0.003,-0.001,-0.002,5,59.412,-24.24,23.724
2043.41136,3,-9.21,3.84,0.806,4,0.003,-0.002,-0.002,,,,
2043.46812,3,-9.206,3.838,0.805,4,0.004,-0.002,-0.002,5,60.323,-23.793,23.535
2043.52473,3,-9.211,3.836,0.795,4,0.004,-0.002,-0.002,5,60.857,-23.439,22.699
2043.5807,3,-9.21,3.833,0.806,4,0.004,-0.003,-0.003,5,59.457,-22.926,23.158
2043.63609,3,-9.207,3.834,0.803,4,0.004,-0.003,-0.002,,,,
2043.69273,3,-9.202,3.834,0.798,4,0.004,-0.003,-0.002,5,59.064,-23.341,22.809
2043.74955,3,-9.196,3.831,0.806,4,0.005,-0.003,-0.002,5,61.331,-23.169,23.12
2043.80708,3,-9.198,3.831,0.806,4,0.005,-0.003,-0.002,,,,
2043.86454,3,-9.196,3.825,0.803,4,0.005,-0.003,-0.002,5,60.316,-23.563,21.962
2043.92122,3,-9.194,3.815,0.806,4,0.006,-0.003,-0.003,5,60.103,-23.303,22.151
2043.97789,3,-9.189,3.813,0.813,4,0.006,-0.003,-0.003,5,60.106,-24.907,23.267
2044.03373,3,-9.188,3.809,0.802,4,0.006,-0.004,-0.003,,,,
2044.08912,3,-9.189,3.797,0.808,4,0.006,-0.003,-0.003,5,61.435,-23.897,22.749
2044.14619,3,-9.186,3.791,0.802,4,0.006,-0.004,-0.003,5,60.124,-24.063,21.864
2044.20393,3,-9.191,3.779,0.806,4,0.006,-0.004,-0.003,,,,
2044.26106,3,-9.2,3.766,0.795,4,0.006,-0.003,-0.003,5,60.283,-23.439,22.443
2044.31767,3,-9.204,3.755,0.8,4,0.006,-0.003,-0.003,5,58.949,-23.833,22.569
2044.37416,3,-9.212,3.75,0.799,4,0.005,-0.003,-0.002,5,61.182,-22.723,20.813
2044.43083,3,-9.208,3.754,0.799,4,0.005,-0.003,-0.002,,,,
2044.48753,3,-9.21,3.76,0.801,4,0.004,-0.003,-0.002,5,60.924,-22.144,21.039
2044.54347,3,-9.21,3.77,0.806,4,0.003,-0.002,-0.002,5,58.908,-23.019,22.348
2044.59941,3,-9.214,3.77,0.802,4,0.003,-0.002,-0.001,5,60.826,-24.025,22.845
2044.6573,3,-9.216,3.789,0.813,4,0.003,-0.001,-0.001,5,59.761,-22.359,22.478
2044.7133,3,-9.216,3.797,0.817,4,0.002,-0.001,-0.001,5,60.272,-23.096,22.346
2044.7693,3,-9.216,3.809,0.817,4,0.003,-0.001,-0.001,5,60.767,-22.881,21.974
2044.82728,3,-9.216,3.817,0.818,4,0.003,-0.001,0,,,,
2044.88325,3,-9.221,3.821,0.823,4,0.003,0,0,5,60.172,-22.575,22.78
2044.9394,3,-9.221,3.83,0.813,4,0.003,0,0,5,60.98,-22.475,22.154
2044.99754,3,-9.223,3.828,0.816,4,0.004,0,0,5,60.396,-26.068,19.923
2045.05369,3,-9.22,3.833,0.821,4,0.004,0,0,5,61.394,-24.42,21.919
2045.11042,3,-9.221,3.821,0.809,4,0.005,0,0,5,61.061,-24.637,22.202
2045.167,3,-9.221,3.822,0.811,4,0.005,0,0,5,61.197,-24.632,22.235
2045.22368,3,-9.218,3.824,0.811,4,0.005,0,0,,,,
2045.28022,3,-9.218,3.817,0.807,4,0.005,0,0,5,60.329,-24.744,22.374
2045.33696,3,-9.214,3.813,0.802,4,0.006,0,0,5,60.32,-24.191,22.919
2045.39293,3,-9.216,3.808,0.806,4,0.005,0,0,5,60.461,-23.486,21.973
2045.44825,3,-9.207,3.803,0.806,4,0.005,0,0,5,59.134,-23.918,23.45
2045.5056,3,-9.208,3.797,0.802,4,0.005,0,-0.001,5,60.327,-23.077,22.867
2045.56337,3,-9.192,3.797,0.801,4,0.005,0,0,5,59.546,-24.074,22.852
2045.61998,3,-9.194,3.786,0.803,4,0.004,0,0,,,,
2045.67671,3,-9.183,3.788,0.796,4,0.004,0,0,5,61.259,-23.637,22.601
2045.73268,3,-9.178,3.785,0.79,4,0.004,0,0,5,60.773,-23.364,23.384
2045.78859,3,-9.177,3.783,0.794,4,0.004,-0.001,0,5,60.147,-23.618,24.333
2045.84587,3,-9.172,3.783,0.792,4,0.004,-0.001,0,5,61.258,-23.634,21.471
2045.90168,3,-9.172,3.789,0.791,4,0.004,-0.002,0,5,60.663,-24.055,20.872
2045.95942,3,-9.174,3.793,0.791,4,0.004,-0.002,0,5,59.697,-23.492,23.717
2046.01631,3,-9.183,3.802,0.8,4,0.003,-0.003,0.001,,,,
2046.07292,3,-9.184,3.815,0.798,4,0.002,-0.003,0.001,5,60.147,-23.476,23.247
2046.12953,3,-9.193,3.83,0.811,4,0.003,-0.004,0,5,60.782,-22.675,22.861
2046.1855,3,-9.206,3.84,0.817,4,0.003,-0.004,0,5,62.297,-22.667,21.523
2046.24095,3,-9.214,3.846,0.818,4,0.003,-0.004,0,,,,
2046.29817,3,-9.223,3.852,0.826,4,0.003,-0.004,0,5,59.673,-23.103,23.488
2046.356,3,-9.23,3.848,0.826,4,0.004,-0.004,0,5,59.966,-24.213,24.188
2046.41267,3,-9.243,3.844,0.83,4,0.003,-0.004,0,,,,
2046.46937,3,-9.24,3.84,0.832,4,0.004,-0.004,-0.001,5,59.999,-23.48,23.045
2046.52601,3,-9.239,3.833,0.833,4,0.004,-0.003,-0.001,5,60.03,-22.597,22.369
2046.58192,3,-9.237,3.829,0.826,4,0.004,-0.003,-0.001,5,60.144,-23.618,23.293
2046.63786,3,-9.235,3.819,0.834,4,0.004,-0.002,-0.002,,,,
2046.69569,3,-9.228,3.811,0.825,4,0.005,-0.002,-0.002,5,60.587,-22.527,22.414
2046.75248,3,-9.214,3.805,0.822,4,0.004,-0.001,-0.002,5,58.784,-23.66,23.296
2046.80906,3,-9.2,3.797,0.82,4,0.005,0,-0.002,,,,
2046.86564,3,-9.189,3.797,0.82,4,0.004,0,-0.002,5,60.907,-23.706,22.255
2046.92235,3,-9.183,3.792,0.81,4,0.004,0,-0.002,5,60.822,-23.108,23.346
2046.97838,3,-9.175,3.786,0.811,4,0.003,0.001,-0.002,5,60.606,-23.611,21.812
2047.03373,3,-9.161,3.784,0.81,4,0.003,0.001,-0.002,,,,
2047.09034,3,-9.161,3.789,0.798,4,0.002,0.001,-0.003,5,59.573,-24.237,22.556
2047.14772,3,-9.165,3.788,0.802,4,0.002,0.001,-0.003,5,59.698,-23.441,22.459
2047.20579,3,-9.167,3.799,0.802,4,0.002,0,-0.003,5,59.998,-23.48,23.448
2047.26228,3,-9.165,3.809,0.8,4,0.002,0,-0.003,5,60.11,-23.181,22.508
2047.31825,3,-9.172,3.821,0.8,4,0.002,0,-0.003,5,59.985,-23.979,22.108
2047.37413,3,-9.184,3.828,0.807,4,0.002,-0.001,-0.003,,,,
2047.43138,3,-9.198,3.84,0.81,4,0.002,-0.001,-0.003,5,60.411,-24.8,22.701
2047.48674,3,-9.207,3.845,0.81,4,0.003,-0.001,-0.004,5,59.714,-22.993,22.758
2047.54402,3,-9.222,3.856,0.818,4,0.003,-0.001,-0.004,5,59.914,-22.989,22.754
2047.60154,3,-9.236,3.853,0.827,4,0.003,-0.002,-0.004,5,59.126,-22.327,22.266
2047.65773,3,-9.238,3.859,0.822,4,0.004,-0.002,-0.004,5,59.871,-22.939,22.607
2047.71531,3,-9.243,3.856,0.83,4,0.005,-0.002,-0.004,5,60.736,-24.214,22.905
2047.77162,3,-9.243,3.86,0.831,4,0.005,-0.002,-0.005,,,,
2047.82728,3,-9.24,3.853,0.82,4,0.005,-0.002,-0.005,5,58.647,-23.52,21.672
2047.88313,3,-9.231,3.837,0.821,4,0.006,-0.002,-0.005,5,60.835,-22.717,22.772
2047.93977,3,-9.233,3.821,0.829,4,0.006,-0.002,-0.005,5,59.972,-24.033,22.935
2047.99705,3,-9.224,3.817,0.813,4,0.006,-0.001,-0.006,5,59.717,-22.894,23.161
2048.055,3,-9.211,3.797,0.802,4,0.007,-0.001,-0.005,5,60.64,-22.969,22.816
2048.11097,3,-9.205,3.772,0.803,4,0.007,-0.001,-0.005,5,59.23,-24.214,21.587
2048.16691,3,-9.194,3.754,0.803,4,0.006,-0.001,-0.006,,,,
2048.22499,3,-9.193,3.737,0.796,4,0.006,-0.001,-0.005,5,61.708,-22.244,20.341
2048.28099,3,-9.179,3.737,0.797,4,0.006,-0.001,-0.005,5,60.875,-23.032,21.864
2048.33613,3,-9.183,3.731,0.795,4,0.004,-0.001,-0.004,5,60.548,-23.801,21.255
2048.39341,3,-9.183,3.726,0.794,4,0.003,-0.002,-0.005,5,60.898,-23.616,22.269
2048.45128,3,-9.188,3.717,0.793,4,0.002,-0.002,-0.004,5,60.133,-24.248,22.995
2048.50795,3,-9.193,3.722,0.802,4,0.002,-0.002,-0.004,5,60.048,-23.283,22.807
2048.56483,3,-9.2,3.725,0.803,4,0.001,-0.002,-0.003,,,,
2048.62123,3,-9.205,3.723,0.806,4,0,-0.003,-0.002,5,58.519,-22.791,24.019
2048.6779,3,-9.213,3.742,0.816,4,0,-0.003,-0.001,5,60.066,-23.131,22.273
2048.73384,3,-9.224,3.754,0.818,4,0,-0.003,-0.001,5,61.191,-23.402,22.852
2048.78917,3,-9.234,3.764,0.823,4,0,-0.002,0,,,,
2048.84645,3,-9.242,3.761,0.842,4,0,-0.002,0.001,5,60.712,-23.302,23.254
2048.90434,3,-9.258,3.75,0.832,4,0,-0.002,0.001,5,60.503,-23.529,22.635
2048.96089,3,-9.266,3.736,0.833,4,0,-0.001,0.002,,,,
2049.0175,3,-9.264,3.759,0.846,4,0,0,0.003,5,60.945,-22.009,23.28
2049.07435,3,-9.261,3.778,0.839,4,-0.001,0,0.003,5,60.468,-23.679,22.311
2049.13035,3,-9.248,3.798,0.83,4,-0.001,0.001,0.004,5,62.201,-23.903,20.567
2049.18559,3,-9.239,3.811,0.853,4,-0.001,0.002,0.004,,,,
2049.24223,3,-9.232,3.82,0.804,4,-0.001,0.002,0.004,5,60.362,-24.141,22.145
2049.29948,3,-9.229,3.811,0.808,4,-0.001,0.002,0.004,5,60.242,-22.762,22.38
2049.35756,3,-9.228,3.8,0.832,4,-0.001,0.003,0.003,,,,
2049.41417,3,-9.22,3.801,0.802,4,-0.001,0.003,0.002,5,58.958,-23.206,22.726
2049.47072,3,-9.201,3.789,0.799,4,-0.001,0.003,0.001,5,59.996,-22.792,23.441
2049.52723,3,-9.208,3.784,0.81,4,-0.003,0.002,0.001,5,60.35,-23.183,22.742
2049.5832,3,-9.204,3.787,0.793,4,-0.003,0.003,0.001,,,,
2049.63878,3,-9.194,3.797,0.782,4,-0.003,0.002,0,5,58.829,-22.797,22.543
2049.6956,3,-9.183,3.793,0.805,4,-0.003,0.003,-0.001,5,60.326,-22.832,22.945
2049.75242,3,-9.169,3.806,0.799,4,-0.004,0.002,-0.003,,,,
2049.81025,3,-9.172,3.818,0.795,4,-0.004,0.001,-0.003,5,60.617,-22.758,22.27
2049.86696,3,-9.161,3.818,0.811,4,-0.003,0.001,-0.004,5,60.147,-23.953,22.862
2049.9236,3,-9.162,3.817,0.802,4,-0.004,0,-0.006,5,60.265,-22.964,22.539
2049.97963,3,-9.156,3.83,0.796,4,-0.004,0.001,-0.007,,,,
2050.03557,3,-9.165,3.833,0.81,4,-0.003,0,-0.009,5,61.797,-23.134,22.713
2050.09282,3,-9.154,3.835,0.811,4,-0.003,0,-0.011,5,59.604,-23.23,23.047
2050.14882,3,-9.151,3.836,0.79,4,-0.002,0,-0.012,5,60.455,-23.466,23.43
2050.20671,3,-9.169,3.817,0.806,4,-0.002,-0.001,-0.014,,,,
2050.26335,3,-9.185,3.809,0.818,4,-0.001,-0.001,-0.015,5,60.857,-23.772,21.841
2050.31999,3,-9.199,3.79,0.807,4,0,-0.002,-0.016,5,61.246,-24.594,20.692
2050.37602,3,-9.2,3.774,0.81,4,0.001,-0.002,-0.017,,,,
2050.43132,3,-9.216,3.743,0.832,4,0.002,-0.002,-0.018,5,60.173,-24.648,21.478
2050.48857,3,-9.243,3.737,0.815,4,0.003,-0.003,-0.019,5,61.305,-23.874,21.133
2050.54652,3,-9.264,3.722,0.818,4,0.003,-0.003,-0.019,5,60.884,-23.914,22.035
2050.60328,3,-9.294,3.699,0.838,4,0.003,-0.003,-0.019,5,61.047,-24.739,20.947
2050.65995,3,-9.302,3.687,0.829,4,0.003,-0.003,-0.018,5,61.305,-22.806,22.354
2050.71647,3,-9.314,3.677,0.82,4,0.003,-0.002,-0.018,5,59.904,-22.209,22.574
2050.77302,3,-9.311,3.66,0.833,4,0.004,-0.002,-0.017,,,,
2050.82908,3,-9.305,3.663,0.829,4,0.004,-0.002,-0.017,5,59.865,-22.748,23.282
2050.88435,3,-9.32,3.664,0.813,4,0.004,-0.001,-0.015,5,60.243,-22.116,22.433
2050.94105,3,-9.318,3.659,0.833,4,0.003,-0.001,-0.015,5,62.735,-21.35,21.646
2050.99843,3,-9.318,3.637,0.833,4,0.003,-0.001,-0.013,5,60.8,-21.541,23.123
2051.05615,3,-9.303,3.643,0.82,4,0.003,-0.001,-0.013,5,60.416,-22.237,22.226
2051.11282,3,-9.318,3.644,0.824,4,0.004,-0.001,-0.012,5,60.651,-23.148,22.185
2051.1694,3,-9.313,3.64,0.858,4,0.004,0,-0.011,,,,
2051.22608,3,-9.322,3.626,0.819,4,0.004,0,-0.009,5,61.772,-23.122,23.097
2051.28262,3,-9.329,3.629,0.814,4,0.004,0.001,-0.008,5,60.4,-22.803,22.423
2051.33862,3,-9.298,3.625,0.837,4,0.005,0,-0.007,5,61.23,-22.192,22.922
2051.39468,3,-9.283,3.634,0.835,4,0.004,0.001,-0.005,5,60.797,-21.532,23.129
2051.45267,3,-9.288,3.63,0.821,4,0.005,0.001,-0.004,5,60.655,-21.957,22.223
2051.50858,3,-9.286,3.621,0.818,4,0.006,0.001,-0.003,5,61.102,-21.675,22.821
2051.56448,3,-9.267,3.63,0.832,4,0.005,0.001,-0.002,,,,
2051.62247,3,-9.256,3.624,0.809,4,0.005,0.001,-0.001,5,61.317,-22.432,22.746
2051.67847,3,-9.25,3.621,0.814,4,0.006,0.001,0.001,5,60.382,-22.838,22.911
2051.73444,3,-9.255,3.604,0.826,4,0.007,0.001,0.002,5,61.278,-21.835,21.725
2051.79178,3,-9.261,3.592,0.79,4,0.006,0.001,0.003,,,,
2051.8475,3,-9.252,3.582,0.79,4,0.007,0,0.005,5,60.535,-22.818,22.467
2051.9053,3,-9.259,3.576,0.796,4,0.006,0,0.006,5,61.394,-22.379,23.297
2051.9621,3,-9.259,3.573,0.787,4,0.005,-0.001,0.008,,,,
2052.01849,3,-9.259,3.581,0.783,4,0.005,-0.001,0.009,5,61.792,-21.909,20.699
2052.07544,3,-9.251,3.605,0.805,4,0.004,-0.001,0.01,5,60.078,-23.529,22.035
2052.13217,3,-9.249,3.63,0.796,4,0.002,-0.002,0.012,5,60.608,-22.234,21.242
2052.18872,3,-9.246,3.642,0.789,4,0.002,-0.002,0.013,,,,
2052.24524,3,-9.239,3.666,0.806,4,0.002,-0.003,0.014,5,61.459,-22.977,21.931
2052.30191,3,-9.237,3.678,0.802,4,0,-0.003,0.014,5,61.186,-23.129,21.558
2052.35849,3,-9.235,3.69,0.796,4,0.001,-0.004,0.014,,,,
2052.41507,3,-9.233,3.701,0.806,4,0.001,-0.004,0.014,5,61.911,-22.266,21.132
2052.47171,3,-9.232,3.708,0.815,4,0,-0.004,0.014,5,60.359,-22.705,22.694
2052.52774,3,-9.232,3.717,0.812,4,0,-0.004,0.014,5,60.292,-23.07,23.257
2052.58377,3,-9.232,3.725,0.818,4,-0.001,-0.005,0.013,,,,
2052.64105,3,-9.226,3.738,0.827,4,-0.001,-0.005,0.013,5,60.58,-22.769,21.608
2052.69684,3,-9.231,3.746,0.821,4,-0.001,-0.005,0.012,5,59.689,-22.96,22.391
2052.75452,3,-9.23,3.756,0.83,4,-0.001,-0.004,0.012,,,,
2052.81146,3,-9.235,3.777,0.841,4,-0.001,-0.004,0.011,5,60.213,-23.976,23.26
2052.8682,3,-9.236,3.785,0.834,4,-0.001,-0.003,0.01,5,60.934,-22.723,22.614
2052.9242,3,-9.236,3.798,0.837,4,-0.001,-0.003,0.009,5,59.473,-23.497,23.456
2052.97952,3,-9.232,3.812,0.853,4,0,-0.002,0.007,,,,
2053.03616,3,-9.239,3.812,0.85,4,0.001,-0.001,0.006,5,62.077,-23.146,21.271
2053.09345,3,-9.243,3.821,0.839,4,0,-0.001,0.004,5,60.06,-22.588,23.532
2053.15128,3,-9.24,3.83,0.855,4,0.001,0,0.003,,,,
2053.20786,3,-9.248,3.824,0.849,4,0.002,0.001,0.001,5,61.784,-23.12,22.356
2053.26456,3,-9.246,3.816,0.844,4,0.002,0.002,0,5,60.094,-23.149,22.038
2053.32117,3,-9.243,3.811,0.841,4,0.003,0.003,-0.002,5,59.663,-23.45,22.748
2053.37723,3,-9.234,3.804,0.84,4,0.003,0.004,-0.003,,,,
2053.43256,3,-9.238,3.797,0.827,4,0.004,0.004,-0.005,5,59.163,-22.331,21.252
2053.48917,3,-9.236,3.786,0.827,4,0.005,0.005,-0.006,5,60.115,-23.369,23.201
2053.54642,3,-9.235,3.779,0.826,4,0.004,0.005,-0.007,5,60.332,-22.975,23.607
2053.60446,3,-9.23,3.765,0.813,4,0.005,0.005,-0.008,5,59.587,-22.839,24.028
2053.66126,3,-9.218,3.762,0.806,4,0.004,0.005,-0.009,5,59.746,-23.94,23.219
2053.71704,3,-9.213,3.751,0.805,4,0.005,0.005,-0.01,5,59.747,-22.952,20.894
2053.77231,3,-9.209,3.746,0.79,4,0.004,0.004,-0.011,,,,
2053.82892,3,-9.195,3.743,0.784,4,0.005,0.004,-0.012,5,60.774,-22.38,23.17
2053.88553,3,-9.195,3.739,0.79,4,0.005,0.003,-0.013,5,60.733,-22.354,22.333
2053.94284,3,-9.188,3.725,0.776,4,0.004,0.002,-0.014,5,61.743,-23.244,20.404
2054.00073,3,-9.188,3.709,0.768,4,0.004,0,-0.014,5,61.249,-24.323,21.251
2054.0574,3,-9.199,3.686,0.778,4,0.004,-0.001,-0.015,5,60.24,-22.699,21.46
2054.11423,3,-9.218,3.668,0.781,4,0.003,-0.002,-0.014,5,61.113,-22.986,21.356
2054.17093,3,-9.23,3.653,0.784,4,0.003,-0.002,-0.014,,,,
2054.22681,3,-9.24,3.635,0.803,4,0.002,-0.003,-0.014,5,60.889,-23.294,22.726
2054.28195,3,-9.252,3.63,0.813,4,0,-0.004,-0.014,5,60.353,-22.997,21.574
2054.33856,3,-9.268,3.608,0.806,4,0,-0.004,-0.013,5,60.495,-23.157,23.647
2054.39575,3,-9.274,3.609,0.826,4,-0.001,-0.004,-0.012,5,60.052,-22.795,23.073
2054.45358,3,-9.29,3.603,0.832,4,-0.002,-0.004,-0.011,5,60.747,-22.064,22.44
2054.5105,3,-9.307,3.601,0.821,4,-0.003,-0.004,-0.01,5,60.101,-22.121,23.37
2054.56717,3,-9.302,3.616,0.851,4,-0.004,-0.003,-0.009,,,,
2054.62375,3,-9.318,3.617,0.856,4,-0.004,-0.003,-0.008,5,61.287,-22.253,22.453
2054.6803,3,-9.325,3.597,0.719,4,-0.005,-0.002,-0.006,5,61.29,-22.137,21.248
2054.73624,3,-9.275,3.683,1.031,4,-0.004,-0.002,-0.005,5,60.32,-21.986,22.505
2054.79215,3,-9.48,3.508,0.974,4,-0.007,-0.002,-0.004,5,59.95,-23.216,23.961
2054.8493,3,-9.299,3.628,0.682,4,-0.005,0.002,-0.003,5,60.817,-22.629,22.437
2054.90485,3,-9.2,3.679,0.703,4,-0.005,0.001,-0.003,5,61.636,-21.875,21.921
2054.96219,3,-9.315,3.592,0.917,4,-0.003,0.003,0.003,,,,
2055.02033,3,-9.419,3.557,0.897,4,-0.005,0.003,0.005,5,59.891,-20.763,21.188
2055.07691,3,-9.351,3.592,0.822,4,-0.006,0.003,0.003,5,60.448,-22.543,22.516
2055.13333,3,-9.24,3.636,0.79,4,-0.006,0.004,0.004,5,60.73,-23.798,22.705
2055.18939,3,-9.222,3.639,0.77,4,-0.006,0.004,0.008,,,,
2055.2446,3,-9.255,3.617,0.816,4,-0.005,0.005,0.01,5,60.437,-23.401,23.018
2055.30185,3,-9.265,3.63,0.836,4,-0.005,0.004,0.011,5,61.07,-23.294,22.292
2055.3598,3,-9.218,3.665,0.814,4,-0.008,0.003,0.011,,,,
2055.4165,3,-9.192,3.698,0.769,4,-0.008,0.002,0.011,5,60.93,-22.984,22.279
2055.47327,3,-9.245,3.699,0.783,4,-0.006,0.002,0.013,5,61.505,-22.511,22.25
2055.52988,3,-9.22,3.722,0.863,4,-0.007,0.002,0.012,5,61.026,-23.808,22.363
2055.58579,3,-9.223,3.734,0.794,4,-0.008,0.001,0.014,,,,
2055.64166,3,-9.21,3.764,0.808,4,-0.007,0,0.013,5,60.924,-24.013,21.915
2055.69891,3,-9.224,3.776,0.844,4,-0.007,-0.001,0.013,5,60.649,-23.427,21.994
2055.75485,3,-9.226,3.783,0.818,4,-0.006,0,0.013,,,,
2055.81278,3,-9.241,3.789,0.844,4,-0.005,-0.001,0.012,5,60.951,-23.642,21.96
2055.86942,3,-9.278,3.799,0.841,4,-0.005,0.001,0.012,5,59.842,-22.878,22.148
2055.92593,3,-9.16,3.84,0.865,4,-0.005,-0.003,0.014,5,59.753,-24.043,22.963
2055.98254,3,-9.256,3.817,0.803,4,-0.002,-0.002,0.02,,,,
2056.03903,3,-9.218,3.829,0.935,4,0,0,0.015,5,60.083,-22.937,21.664
2056.09564,3,-9.259,3.822,0.808,4,-0.002,-0.001,0.01,5,59.744,-23.158,22.336
2056.15247,3,-9.205,3.838,0.83,4,0.004,0.012,0.01,,,,
2056.2092,3,-9.255,3.829,0.832,4,0.002,0.003,0.014,5,60.876,-24.257,23.123
2056.26578,3,-9.153,3.85,0.864,4,0.003,0.006,0.007,5,59.433,-24.487,23.102
2056.32236,3,-9.275,3.815,0.832,4,0.003,0.003,0.011,5,60.463,-23.204,23.895
2056.37842,3,-9.183,3.825,0.711,4,0.004,0.005,0.009,,,,
2056.43439,3,-9.183,3.863,0.9,4,0.006,0.006,0.012,5,59.628,-23.268,23.25
2056.4917,3,-9.373,3.875,0.853,4,0.004,0.002,0.006,5,59.546,-24.461,23.604
2056.54767,3,-9.848,3.866,0.777,4,0.006,0.007,0.018,,,,
2056.60556,3,-9.944,3.95,0.904,4,0.011,0.007,0.072,5,61.122,-24.483,22.766
2056.66223,3,-9.839,4.067,0.816,4,0.019,0.005,0.191,5,59.251,-25.603,22.948
2056.71869,3,-9.465,4.214,0.782,4,0.029,0.005,0.321,5,58.934,-26.852,22.705
2056.77512,3,-9.236,4.423,0.817,4,0.038,0.003,0.427,,,,
2056.83209,3,-9.048,4.664,0.747,4,0.043,0.003,0.5,5,58.211,-27.281,22.905
2056.88812,3,-8.634,4.915,0.718,4,0.047,0.001,0.565,5,55.902,-29.561,23.573
2056.94412,3,-8.312,5.204,0.685,4,0.052,0.004,0.6,5,55.58,-31.125,23.068
2057.00205,3,-8.216,5.463,0.672,4,0.053,0.005,0.61,5,57.182,-33.238,21.881
2057.05862,3,-8.078,5.753,0.639,4,0.052,0.005,0.604,5,53.78,-35.732,22.322
2057.11466,3,-7.723,6.023,0.66,4,0.052,0,0.615,5,52.634,-37.639,22.145
2057.17056,3,-7.634,6.276,0.558,4,0.052,0.002,0.626,,,,
2057.22784,3,-7.183,6.556,0.635,4,0.054,0.003,0.625,5,51.381,-38.353,23.361
2057.28388,3,-7.241,6.79,0.549,4,0.052,0,0.623,5,48.694,-39.696,23.001
2057.34122,3,-6.82,7.036,0.532,4,0.053,0.002,0.621,5,45.728,-41.589,24.393
2057.3971,3,-6.591,7.265,0.551,4,0.053,-0.002,0.633,5,44.74,-43.427,23.303
2057.45505,3,-6.673,7.46,0.469,4,0.054,0,0.634,5,43.866,-44.398,23.427
2057.51163,3,-6.071,7.697,0.491,4,0.057,-0.002,0.658,5,41.418,-45.317,24.843
2057.56775,3,-5.646,7.92,0.434,4,0.059,-0.002,0.697,,,,
2057.62372,3,-5.497,8.111,0.388,4,0.058,-0.004,0.713,5,40.085,-48.201,23.994
2057.68085,3,-5.133,8.314,0.38,4,0.06,-0.003,0.719,5,37.65,-49.135,24.164
2057.73621,3,-4.423,8.524,0.325,4,0.063,-0.003,0.745,5,34.995,-48.845,24.648
2057.79349,3,-4.077,8.705,0.308,4,0.062,-0.004,0.744,5,31.625,-51.584,25.208
2057.8515,3,-3.766,8.863,0.209,4,0.061,-0.002,0.717,5,30.322,-52.029,26.021
2057.90811,3,-3.301,9.011,0.232,4,0.057,-0.006,0.69,5,28.232,-52.95,25.514
2057.96469,3,-3.09,9.124,0.174,4,0.054,-0.003,0.649,,,,
2058.02121,3,-2.586,9.237,0.112,4,0.052,-0.003,0.61,5,26.903,-53.659,25.693
2058.07694,3,-2.22,9.342,0.136,4,0.046,-0.005,0.563,5,24.779,-54.262,24.872
2058.13257,3,-2.416,9.432,0.09,4,0.039,-0.001,0.481,5,22.687,-55.011,26.173
2058.18918,3,-2.398,9.488,0.13,4,0.035,0,0.411,,,,
2058.24649,3,-2.054,9.535,0.094,4,0.033,0,0.414,5,20.801,-54.623,26.898
2058.30441,3,-2.063,9.574,0.073,4,0.033,0.004,0.415,5,18.89,-55.893,26.649
2058.36105,3,-1.589,9.602,0.062,4,0.035,0.006,0.431,,,,
2058.41776,3,-1.495,9.63,0.031,4,0.035,0.003,0.462,5,17.007,-54.771,26.349
2058.47434,3,-1.007,9.653,0.073,4,0.036,0.003,0.47,5,15.614,-55.618,27.295
2058.53034,3,-0.791,9.657,-0.018,4,0.038,0.005,0.497,5,14.017,-56.026,26.17
2058.5856,3,-0.556,9.655,-0.016,4,0.04,0.01,0.497,,,,
2058.64282,3,0.015,9.659,-0.056,4,0.041,0.008,0.521,5,10.413,-55.824,25.949
2058.70068,3,0.511,9.653,-0.05,4,0.041,0.008,0.526,5,8.917,-57.8,26.025
2058.75736,3,0.809,9.665,-0.101,4,0.038,0.009,0.494,,,,
2058.81412,3,0.935,9.659,-0.196,4,0.034,0.008,0.432,5,7.808,-55.687,24.843
2058.87067,3,1.247,9.661,-0.063,4,0.029,0.008,0.375,5,5.656,-55.084,26.302
2058.92722,3,1.095,9.638,-0.152,4,0.025,0.007,0.318,5,4.482,-55.322,26.802
2058.98322,3,1.012,9.63,-0.148,4,0.025,0.013,0.264,,,,
2059.03864,3,1.184,9.602,-0.119,4,0.023,0.008,0.267,5,2.861,-55.292,26.627
2059.09589,3,1.347,9.586,-0.148,4,0.022,0.008,0.282,5,2.791,-53.151,27.028
2059.15375,3,1.659,9.547,-0.118,4,0.026,0.011,0.3,,,,
2059.21039,3,1.606,9.51,-0.183,4,0.026,0.009,0.313,5,0.278,-54.1,27.478
2059.26642,3,1.799,9.416,-0.203,4,0.027,0.008,0.318,5,-0.697,-55.054,26.817
2059.32236,3,2.096,9.322,-0.223,4,0.028,0.006,0.348,5,-1.489,-54.269,27.631
2059.38025,3,2.869,9.387,-0.025,4,0.039,0.02,0.382,,,,
2059.43625,3,3.382,9.341,-0.633,4,0.024,0.01,0.362,5,-2.243,-54.109,27.911
2059.49194,3,3.903,9.387,-0.317,4,0.017,-0.003,0.267,5,-3.877,-53.004,27.87
2059.5495,3,2.951,9.44,-0.178,4,0.012,0.004,0.139,,,,
2059.60672,3,2.564,9.476,-0.321,4,0.001,0.002,0.02,5,-4.803,-53.346,26.649
2059.66333,3,2.507,9.426,0.032,4,0.005,0.004,0.011,5,-4.822,-52.301,26.788
2059.72,3,2.209,9.418,-0.349,4,-0.009,-0.014,0.052,5,-4.184,-53.053,26.346
2059.776,3,2.605,9.373,-0.036,4,0.02,0.005,0.12,,,,
2059.83237,3,2.883,9.315,-0.225,4,0.019,-0.002,0.208,5,-5.136,-52.092,28.69
2059.88998,3,2.071,9.208,-0.264,4,0.024,0.002,0.233,5,-5.141,-52.695,26.312
2059.94525,3,4.155,9.158,-0.109,4,0.023,-0.013,0.328,5,-5.927,-52.011,24.684
2060.00314,3,6.454,9.136,-0.626,4,0.043,-0.001,0.42,5,-7.974,-51.503,26.073
2060.05982,3,2.882,9.153,-0.233,4,0.022,-0.002,0.152,5,-7.408,-51.189,25.676
2060.11636,3,3.25,9.107,-0.227,4,0.007,-0.006,-0.016,5,-7.062,-50.671,25.847
2060.173,3,3.671,9.031,-0.345,4,0.007,0,-0.019,,,,
2060.22965,3,3.545,9.019,-0.302,4,0.008,-0.005,-0.009,5,-7.449,-50.352,26.184
2060.28565,3,3.305,9.02,-0.381,4,0.007,-0.003,-0.004,5,-8.574,-49.849,27.821
2060.34164,3,3.22,8.997,-0.466,4,0.01,-0.005,-0.009,5,-8.426,-50.179,26.917
2060.3989,3,3.646,8.949,-0.015,4,0.012,-0.002,-0.017,5,-9.453,-51.485,28.105
2060.45496,3,3.464,8.961,-0.51,4,0.003,-0.003,-0.01,5,-9.227,-50.731,27.888
2060.51291,3,3.336,8.975,-0.381,4,0.008,-0.002,-0.009,5,-8.749,-49.664,27.818
2060.56952,3,3.525,8.973,-0.25,4,0.003,-0.003,-0.014,,,,
2060.62607,3,3.524,8.987,-0.461,4,0.001,-0.002,-0.014,5,-8.562,-51.086,27.382
2060.68256,3,3.41,8.994,-0.3,4,0.003,-0.004,-0.015,5,-9.557,-51.224,27.289
2060.73865,3,3.445,9.021,-0.337,4,-0.003,-0.004,-0.015,5,-9.171,-50.688,26.05
2060.7941,3,3.426,9.057,-0.34,4,-0.006,0,-0.018,5,-8.35,-51.488,27.327
2060.85138,3,3.437,9.064,-0.213,4,-0.005,-0.002,-0.017,5,-8.586,-51.749,27.243
2060.90915,3,3.39,9.105,-0.388,4,-0.004,-0.005,-0.016,5,-9.552,-51.387,26.024
2060.96576,3,3.36,9.147,-0.313,4,0,-0.004,-0.018,,,,
2061.0224,3,3.314,9.169,-0.329,4,0.002,-0.005,-0.015,5,-7.631,-50.484,27.139
2061.07845,3,3.399,9.172,-0.29,4,-0.006,-0.002,-0.015,5,-8.409,-50.523,26.663
2061.13399,3,3.274,9.182,-0.335,4,-0.012,0,-0.014,5,-8.08,-51.776,27.045
2061.19136,3,3.283,9.198,-0.284,4,-0.004,-0.004,-0.016,5,-8.041,-51.366,27.936
2061.24904,3,3.345,9.184,-0.212,4,-0.011,0.002,-0.005,5,-7.767,-50.903,27.22
2061.30516,3,3.277,9.188,-0.353,4,-0.011,0.001,-0.011,5,-7.703,-51.292,27.614
2061.36095,3,3.352,9.175,-0.182,4,-0.007,0.001,-0.007,,,,
2061.41878,3,3.192,9.184,-0.437,4,-0.009,0.003,-0.012,5,-7.945,-51.395,27.354
2061.47536,3,3.314,9.184,-0.073,4,-0.005,0.003,-0.007,5,-7.988,-50.581,26.218
2061.53145,3,3.244,9.174,-0.368,4,-0.01,0.004,-0.006,5,-8.229,-51.698,26.457
2061.58684,3,3.308,9.16,-0.286,4,0.007,0.001,-0.001,,,,
2061.64369,3,3.313,9.153,-0.208,4,-0.008,0.007,0,5,-7.756,-51.18,26.556
2061.70055,3,3.277,9.152,-0.192,4,-0.002,0.005,0,5,-8.591,-50.612,27.113
2061.75685,3,3.357,9.134,-0.254,4,0.002,0.005,0.004,,,,
2061.81423,3,3.328,9.136,-0.275,4,0.005,0.004,0.004,5,-8.325,-51.146,26.704
2061.87181,3,3.351,9.133,-0.208,4,0.006,0.003,0.006,5,-7.553,-50.851,25.105
2061.92845,3,3.345,9.117,-0.219,4,0.002,0.004,0.006,5,-7.928,-50.858,24.673
2061.98445,3,3.319,9.118,-0.23,4,0.006,0.002,0.009,,,,
2062.04042,3,3.211,9.116,-0.243,4,0.008,0.002,0.016,5,-9.698,-51.5,28.761
2062.09828,3,3.284,9.109,-0.198,4,0.011,0,0.034,5,-7.878,-49.541,27.26
2062.15499,3,3.59,9.086,-0.225,4,0.009,0.001,0.066,,,,
2062.21153,3,3.553,9.076,-0.343,4,0.016,-0.003,0.078,5,-8.571,-51.21,27.722
2062.26808,3,3.244,9.066,-0.206,4,0.012,-0.001,0.063,5,-9.039,-50.713,26.35
2062.32482,3,3.285,9.03,-0.247,4,0.007,0.001,0.07,5,-8.966,-51.192,25.475
2062.38085,3,3.768,8.99,-0.267,4,0.016,-0.002,0.134,,,,
2062.43624,3,4.065,8.973,-0.29,4,0.016,-0.002,0.161,5,-8.112,-51.3,25.822
2062.49315,3,3.97,8.958,-0.298,4,0.015,-0.003,0.136,5,-9.317,-50.415,26.727
2062.55068,3,3.948,8.917,-0.334,4,0.017,-0.004,0.095,,,,
2062.60793,3,4.244,8.903,-0.31,4,0.015,-0.005,0.081,5,-10.51,-50.255,25.552
2062.66393,3,3.864,8.895,-0.341,4,0.009,-0.005,0.056,5,-10.606,-48.981,27.031
2062.72002,3,3.911,8.881,-0.28,4,0.007,-0.005,0.02,5,-11.259,-50.081,28.214
2062.77727,3,3.981,8.869,-0.3,4,0.001,-0.004,0.03,,,,
2062.83266,3,3.986,8.841,-0.372,4,0.01,-0.006,0.026,5,-12.491,-50.838,27.596
2062.88982,3,3.991,8.845,-0.273,4,0.004,-0.006,0.025,5,-10.423,-48.038,27.71
2062.94756,3,3.874,8.834,-0.308,4,0,-0.005,0.02,,,,
2063.00444,3,4.025,8.816,-0.375,4,0.005,-0.006,0.019,5,-11.537,-48.267,27.328
2063.0613,3,4.093,8.816,-0.289,4,-0.001,-0.004,0.03,5,-11.795,-49.271,27.628
2063.11775,3,3.931,8.82,-0.308,4,-0.005,-0.003,0.016,5,-12.247,-49.162,26.979
2063.17369,3,4.049,8.815,-0.361,4,0.001,-0.006,0.009,,,,
2063.22902,3,3.925,8.826,-0.283,4,-0.003,-0.004,0.01,5,-11.703,-49.481,27.461
2063.28563,3,3.937,8.83,-0.325,4,-0.003,-0.004,0.007,5,-11.487,-48.744,26.532
2063.34291,3,4.017,8.841,-0.261,4,-0.004,-0.003,0.015,5,-11.497,-48.79,26.576
2063.40074,3,4.004,8.841,-0.305,4,-0.002,-0.003,0.016,5,-10.82,-49.429,28.154
2063.45735,3,3.99,8.839,-0.344,4,-0.002,-0.003,0.009,5,-11.398,-50.166,28.569
2063.51399,3,4.078,8.851,-0.262,4,0,-0.003,0.014,5,-11.542,-48.877,27.251
2063.5706,3,4.002,8.854,-0.313,4,-0.004,-0.002,0.01,,,,
2063.62663,3,4.089,8.854,-0.264,4,-0.002,-0.001,0.005,5,-12.604,-49.51,27.348
2063.68205,3,4.006,8.87,-0.302,4,-0.003,-0.002,0.004,5,-11.52,-49.529,28.175
2063.73866,3,4.003,8.868,-0.269,4,-0.002,-0.001,0,5,-11.644,-49.457,27.327
2063.79531,3,4.045,8.873,-0.27,4,-0.001,-0.001,0.009,5,-11.583,-48.758,27.348
2063.85259,3,4.157,8.877,-0.248,4,-0.001,0,0.017,5,-11.354,-50.493,26.874
2063.91048,3,4.033,8.878,-0.316,4,0.003,-0.002,0.014,5,-10.77,-50.201,27.084
2063.96709,3,4.077,8.875,-0.251,4,0.003,-0.002,0.005,,,,
2064.02373,3,4.15,8.872,-0.267,4,0,-0.001,0.009,5,-12.68,-48.384,27.98
2064.08007,3,4.037,8.871,-0.282,4,0.006,-0.003,0.001,5,-11.168,-49.443,28.47
2064.13588,3,4.01,8.863,-0.275,4,0.006,-0.003,-0.011,5,-11.873,-49.44,27.669
2064.19231,3,4.02,8.861,-0.336,4,0.006,-0.001,-0.014,5,-12.831,-49.144,27.667
2064.25014,3,4.094,8.841,-0.331,4,0.01,-0.002,-0.009,5,-11.826,-49.176,27.139
2064.30672,3,3.897,8.855,-0.262,4,0.011,-0.002,-0.022,5,-11.986,-49.463,26.672
2064.36339,3,3.998,8.839,-0.381,4,0.003,0,-0.019,,,,
2064.41979,3,4.033,8.834,-0.194,4,0.007,0.001,-0.012,5,-11.725,-49.11,27.661
2064.47576,3,3.991,8.834,-0.357,4,0.003,0.001,-0.008,5,-11.54,-49.532,26.703
2064.53209,3,4.065,8.822,-0.321,4,0.011,0,-0.009,5,-11.598,-49.947,28.108
2064.58931,3,4.074,8.816,-0.315,4,0.009,0,-0.009,,,,
2064.64531,3,4.05,8.83,-0.38,4,0.01,-0.001,-0.009,5,-11.545,-49.419,26.3
2064.7032,3,4.051,8.836,-0.335,4,0.009,-0.001,-0.01,5,-10.941,-49.127,26.088
2064.75984,3,4.064,8.836,-0.332,4,0.007,-0.001,-0.011,,,,
2064.81642,3,4.053,8.849,-0.37,4,0.006,-0.001,-0.01,5,-11.377,-49.3,27.646
2064.87306,3,4.023,8.858,-0.352,4,0.006,-0.001,-0.011,5,-10.866,-49.8,27.747
2064.92913,3,4.037,8.865,-0.321,4,0.004,-0.001,-0.011,5,-12.085,-49.5,26.982
2064.98445,3,4.033,8.881,-0.35,4,0.003,-0.001,-0.01,,,,
2065.04164,3,4.041,8.865,-0.316,4,0.004,-0.001,-0.01,5,-10.895,-50.067,27.359
2065.0995,3,4.036,8.877,-0.333,4,0.002,-0.002,-0.009,5,-10.814,-50.464,28.224
2065.15615,3,4.016,8.869,-0.338,4,0.002,-0.002,-0.009,,,,
2065.21269,3,3.998,8.868,-0.325,4,0.002,-0.003,-0.009,5,-9.065,-49.933,26.36
2065.26943,3,3.969,8.869,-0.35,4,0.002,-0.005,-0.008,5,-11.224,-49.217,27.441
2065.32601,3,3.927,8.88,-0.347,4,0.001,-0.005,-0.007,5,-11.81,-49.362,27.647
2065.3821,3,3.88,8.909,-0.281,4,0.001,-0.005,-0.006,,,,
2065.43749,3,3.82,8.915,-0.331,4,0,-0.004,-0.004,5,-11.31,-48.781,27.625
2065.49477,3,3.782,8.923,-0.313,4,0.002,-0.004,-0.002,5,-11.064,-49.837,26.529
2065.55263,3,3.809,8.902,-0.264,4,0.002,-0.002,0.003,,,,
2065.60918,3,3.817,8.904,-0.301,4,0.002,-0.001,0.005,5,-10.649,-49.628,25.394
2065.66588,3,3.864,8.911,-0.27,4,0.006,0,0.007,5,-10.469,-49.648,25.737
2065.72255,3,3.881,8.912,-0.294,4,0.005,0.001,0.01,5,-10.446,-50.29,25.961
2065.77849,3,3.928,8.9,-0.312,4,0.008,0.002,0.013,,,,
2065.83385,3,3.938,8.883,-0.29,4,0.009,0.003,0.015,5,-10.846,-50.246,25.575
2065.8911,3,3.96,8.853,-0.351,4,0.009,0.002,0.016,5,-11.33,-48.878,27.567
2065.94866,3,4.002,8.845,-0.309,4,0.011,0.002,0.018,,,,
2066.00426,3,4.021,8.831,-0.317,4,0.01,0.003,0.019,5,-11.903,-49.901,27.559
2066.06096,3,4.033,8.816,-0.371,4,0.011,0.003,0.02,5,-11.879,-48.349,28.189
2066.11879,3,4.026,8.794,-0.339,4,0.011,0.003,0.021,5,-12.051,-48.782,28.352
2066.17546,3,4.073,8.764,-0.401,4,0.01,0.003,0.021,,,,
2066.23235,3,4.102,8.734,-0.382,4,0.011,0.002,0.023,5,-10.564,-48.576,26.813
2066.28856,3,4.055,8.737,-0.325,4,0.009,0.002,0.022,5,-11.699,-49.3,26.279
2066.34413,3,4.118,8.728,-0.401,4,0.006,0.003,0.021,5,-12.126,-49.182,28.18
2066.40199,3,4.152,8.715,-0.389,4,0.005,0.004,0.021,5,-11.694,-47.504,27.356
2066.45848,3,4.169,8.716,-0.353,4,0.005,0.003,0.021,5,-11.99,-48.984,27.829
2066.51503,3,4.191,8.724,-0.367,4,0.002,0.004,0.021,5,-10.953,-50.101,27.039
2066.57186,3,4.185,8.748,-0.385,4,0,0.003,0.02,,,,
2066.62847,3,4.191,8.731,-0.39,4,0,0.003,0.017,5,-12.234,-47.827,28.862
2066.6845,3,4.219,8.759,-0.353,4,-0.001,0.002,0.018,5,-10.898,-49.004,28.413
2066.7405,3,4.165,8.841,-0.334,4,-0.004,0.003,0.016,5,-12.367,-49.127,27.716
2066.79836,3,4.156,8.883,-0.305,4,-0.004,0.003,0.015,5,-12.518,-49.013,27.792
2066.85503,3,4.184,8.877,-0.272,4,-0.002,0.002,0.015,5,-12.239,-49.57,26.997
2066.91161,3,4.248,8.867,-0.266,4,0,0.003,0.014,5,-12.749,-48.602,27.718
2066.96816,3,4.257,8.863,-0.279,4,0,0.003,0.014,,,,
2067.02483,3,4.262,8.837,-0.287,4,0.002,0.001,0.013,5,-12.808,-48.642,28.67
2067.08092,3,4.27,8.821,-0.301,4,0.004,0.001,0.012,5,-12.535,-48.073,27.95
2067.13661,3,4.277,8.801,-0.281,4,0.005,0,0.01,5,-11.18,-48.337,27.658
2067.19423,3,4.27,8.773,-0.313,4,0.006,-0.001,0.009,5,-13.272,-47.797,28.462
2067.25148,3,4.259,8.744,-0.325,4,0.008,-0.001,0.007,5,-11.707,-47.752,27.306
2067.30797,3,4.254,8.731,-0.319,4,0.008,-0.002,0.006,5,-12.7,-48.155,27.374
2067.36455,3,4.239,8.718,-0.338,4,0.007,-0.002,0.005,,,,
2067.42122,3,4.231,8.694,-0.378,4,0.008,-0.003,0.003,5,-13.449,-49.033,26.599
2067.47728,3,4.242,8.693,-0.365,4,0.008,-0.003,0.002,5,-12.666,-49.104,27.972
2067.53267,3,4.241,8.707,-0.362,4,0.007,-0.003,0.001,5,-12.61,-49.126,27.393
2067.58992,3,4.241,8.699,-0.362,4,0.007,-0.003,0,5,-12.463,-49.782,26.949
2067.64772,3,4.238,8.697,-0.375,4,0.006,-0.003,-0.001,5,-12.375,-48.926,27.252
2067.70433,3,4.24,8.676,-0.362,4,0.006,-0.003,-0.004,5,-12.729,-48.03,27.881
2067.7611,3,4.268,8.691,-0.364,4,0.005,-0.003,-0.004,,,,
2067.81722,3,4.294,8.702,-0.397,4,0.003,-0.001,-0.006,5,-12.129,-48.398,27.629
2067.87273,3,4.278,8.689,-0.382,4,0.003,-0.003,-0.007,5,-12.636,-48.586,27.673
2067.92903,3,4.229,8.739,-0.465,4,0.002,-0.003,-0.008,5,-12.654,-47.794,27.859
2067.9857,3,4.24,8.734,-0.278,4,0.003,-0.002,-0.01,,,,
2068.04268,3,4.256,8.747,-0.396,4,-0.003,-0.002,-0.012,5,-11.903,-48.676,27.501
2068.10024,3,4.268,8.753,-0.423,4,0,-0.002,-0.013,5,-11.072,-50.548,27.64
2068.1574,3,4.242,8.76,-0.291,4,-0.001,-0.003,-0.013,,,,
2068.21343,3,4.196,8.776,-0.428,4,-0.004,-0.003,-0.013,5,-11.632,-47.812,26.857
2068.26946,3,4.188,8.773,-0.355,4,-0.001,-0.003,-0.014,5,-12.09,-49.62,27.406
2068.32668,3,4.215,8.769,-0.321,4,-0.003,-0.004,-0.015,5,-12.061,-49.617,28.281
2068.38207,3,4.206,8.785,-0.43,4,-0.004,-0.004,-0.014,,,,
2068.43932,3,4.182,8.774,-0.314,4,-0.002,-0.004,-0.014,5,-12.521,-49.033,26.947
2068.49721,3,4.179,8.774,-0.353,4,-0.004,-0.005,-0.014,5,-11.665,-49.506,26.99
2068.55385,3,4.166,8.783,-0.399,4,-0.004,-0.006,-0.014,,,,
2068.61046,3,4.161,8.791,-0.274,4,-0.002,-0.007,-0.014,5,-11.754,-48.482,28.017
2068.66707,3,4.145,8.786,-0.374,4,-0.004,-0.007,-0.014,5,-11.674,-48.953,27.264
2068.72371,3,4.132,8.791,-0.359,4,-0.002,-0.008,-0.012,5,-12.927,-50.359,26.965
2068.77968,3,4.139,8.798,-0.279,4,-0.002,-0.008,-0.012,,,,
2068.8351,3,4.146,8.8,-0.38,4,-0.003,-0.009,-0.011,5,-12.106,-48.372,27.6
2068.89189,3,4.128,8.794,-0.327,4,-0.001,-0.009,-0.011,5,-12.764,-49.849,27.6
2068.94936,3,4.116,8.792,-0.318,4,-0.002,-0.01,-0.009,,,,
2069.00688,3,4.089,8.807,-0.377,4,-0.002,-0.011,-0.009,5,-12.741,-49.196,27.513
2069.0634,3,4.061,8.81,-0.302,4,0,-0.011,-0.008,5,-12.016,-49.371,26.839
2069.12004,3,4.013,8.816,-0.359,4,-0.002,-0.011,-0.007,5,-12.569,-49.17,27.344
2069.1761,3,4.011,8.838,-0.38,4,-0.001,-0.01,-0.005,,,,
2069.23149,3,3.991,8.845,-0.309,4,0,-0.009,-0.003,5,-11.317,-49.092,28.52
2069.28874,3,3.982,8.847,-0.381,4,-0.001,-0.007,-0.001,5,-11.293,-49.429,27.281
2069.34596,3,3.964,8.854,-0.35,4,0.001,-0.006,0.001,,,,
2069.40199,3,3.979,8.852,-0.309,4,0,-0.004,0.002,5,-11.868,-49.46,27.777
2069.46034,3,4.003,8.842,-0.374,4,0,-0.003,0.005,5,-12.459,-48.775,27.579
2069.51711,3,4.018,8.83,-0.325,4,0.001,-0.001,0.006,5,-11.809,-48.389,27.821
2069.5725,3,4.058,8.829,-0.322,4,0.002,-0.001,0.008,,,,
2069.62972,3,4.073,8.83,-0.357,4,0.002,0.001,0.01,5,-12.222,-48.683,27.864
2069.68575,3,4.118,8.798,-0.309,4,0.003,0.001,0.01,5,-12.721,-48.679,27.478
2069.74114,3,4.127,8.795,-0.34,4,0.002,0.002,0.012,5,-11.139,-48.329,28.008
2069.79839,3,4.145,8.786,-0.349,4,0.003,0.002,0.013,5,-11.768,-49.85,27.592
2069.85622,3,4.152,8.785,-0.301,4,0.004,0.002,0.013,5,-12.845,-49.437,27.489
2069.91283,3,4.165,8.775,-0.349,4,0.002,0.001,0.012,5,-12.228,-48.479,26.866
2069.96947,3,4.172,8.772,-0.331,4,0.004,0.001,0.013,,,,
2070.02602,3,4.191,8.767,-0.313,4,0.004,0,0.013,5,-12.154,-48.849,28.075
2070.08205,3,4.193,8.772,-0.352,4,0.003,0,0.013,5,-12.93,-47.76,27.092
2070.1375,3,4.202,8.764,-0.321,4,0.005,-0.001,0.013,5,-12.256,-49.196,27.281
2070.19472,3,4.207,8.769,-0.314,4,0.004,-0.001,0.013,5,-11.821,-49.379,27.415
2070.25261,3,4.225,8.778,-0.349,4,0.004,-0.001,0.012,5,-12.535,-48.404,27.98
2070.30922,3,4.247,8.768,-0.311,4,0.005,-0.002,0.012,5,-12,-49.135,27.657
2070.36583,3,4.254,8.765,-0.347,4,0.004,-0.002,0.011,,,,
2070.42244,3,4.28,8.759,-0.338,4,0.006,-0.003,0.011,5,-12.44,-49.545,27.385
2070.47841,3,4.286,8.763,-0.32,4,0.005,-0.004,0.01,5,-12.151,-48.796,27.896
2070.53447,3,4.297,8.755,-0.352,4,0.005,-0.004,0.009,5,-13.477,-48.161,27.29
2070.592,3,4.293,8.747,-0.337,4,0.005,-0.005,0.007,5,-13.202,-49.095,26.807
2070.64852,3,4.298,8.743,-0.333,4,0.005,-0.005,0.006,5,-11.716,-49.246,26.662
2070.70561,3,4.282,8.742,-0.369,4,0.005,-0.006,0.004,5,-11.14,-50.343,27.332
2070.76225,3,4.267,8.731,-0.345,4,0.005,-0.006,0.003,,,,
2070.81886,3,4.249,8.731,-0.357,4,0.004,-0.006,0.001,5,-13,-48.192,27.043
2070.87563,3,4.24,8.729,-0.365,4,0.003,-0.006,-0.001,5,-12.187,-49.326,26.582
2070.93175,3,4.234,8.722,-0.346,4,0.003,-0.005,-0.002,5,-10.939,-50.34,26.9
2070.98693,3,4.209,8.717,-0.374,4,0.002,-0.005,-0.003,5,-11.279,-48.799,27.521
2071.04416,3,4.193,8.716,-0.366,4,0.003,-0.004,-0.004,5,-10.806,-49.602,26.048
2071.10202,3,4.183,8.711,-0.354,4,0.001,-0.003,-0.005,5,-11.609,-49.294,26.308
2071.15866,3,4.171,8.709,-0.378,4,0,-0.002,-0.006,,,,
2071.21527,3,4.169,8.707,-0.353,4,0,-0.001,-0.007,5,-11.636,-49.152,27.444
2071.27185,3,4.167,8.719,-0.358,4,-0.001,0,-0.008,5,-12.057,-48.364,27.176
2071.32846,3,4.171,8.717,-0.364,4,-0.001,0.001,-0.008,5,-12.759,-49.179,27.57
2071.38507,3,4.177,8.719,-0.338,4,-0.001,0.001,-0.009,,,,
2071.44156,3,4.176,8.737,-0.359,4,-0.002,0.002,-0.009,5,-11.882,-49.303,26.593
2071.49759,3,4.178,8.743,-0.344,4,-0.003,0.002,-0.01,5,-11.446,-48.232,27.19
2071.55316,3,4.182,8.749,-0.326,4,-0.002,0.002,-0.01,,,,
2071.61038,3,4.183,8.767,-0.345,4,-0.003,0.003,-0.01,5,-12.184,-49.06,28.673
2071.66827,3,4.192,8.781,-0.318,4,-0.002,0.003,-0.01,5,-12.209,-48.93,27.667
2071.72427,3,4.195,8.794,-0.321,4,-0.003,0.002,-0.011,5,-12.772,-49.414,27.734
2071.77966,3,4.205,8.802,-0.329,4,-0.002,0.002,-0.011,,,,
2071.8363,3,4.192,8.814,-0.307,4,-0.001,0.002,-0.011,5,-11.688,-49.471,28.532
2071.89352,3,4.202,8.827,-0.319,4,-0.001,0.001,-0.011,5,-11.595,-49.564,28.383
2071.95138,3,4.187,8.837,-0.323,4,-0.001,0.001,-0.011,,,,
2072.00763,3,4.178,8.838,-0.309,4,0,0,-0.011,5,-11.548,-47.818,27.466
2072.0639,3,4.161,8.838,-0.323,4,0.001,0,-0.011,5,-11.208,-48.434,27.626
2072.12131,3,4.154,8.843,-0.328,4,0.002,0,-0.01,5,-12.669,-49.086,27.04
2072.17734,3,4.143,8.837,-0.317,4,0.002,0,-0.01,,,,
2072.23327,3,4.132,8.838,-0.329,4,0.003,0,-0.009,5,-12.018,-49.219,27.634
2072.29059,3,4.125,8.831,-0.317,4,0.003,0,-0.009,5,-12.067,-49.013,26.874
2072.34668,3,4.121,8.822,-0.321,4,0.004,0,-0.008,,,,
2072.40445,3,4.119,8.82,-0.326,4,0.005,0,-0.007,5,-13.423,-49.037,26.964
2072.46106,3,4.12,8.806,-0.32,4,0.005,0,-0.007,5,-12.163,-49.133,27.472
2072.5177,3,4.117,8.798,-0.332,4,0.005,0,-0.006,5,-11.552,-50.372,28.398
2072.57361,3,4.116,8.79,-0.328,4,0.006,0,-0.005,,,,
2072.62909,3,4.112,8.772,-0.331,4,0.006,0,-0.005,5,-12.221,-49.669,27.715
2072.68576,3,4.109,8.763,-0.339,4,0.006,0,-0.004,5,-11.841,-49.484,26.587
2072.74307,3,4.103,8.765,-0.333,4,0.006,0,-0.003,5,-11.513,-49.202,28.467
2072.80075,3,4.093,8.762,-0.334,4,0.006,0,-0.003,5,-12.431,-49.483,26.653
2072.85745,3,4.097,8.764,-0.342,4,0.006,0,-0.002,5,-11.577,-49.373,27.374
2072.91427,3,4.095,8.763,-0.337,4,0.006,-0.001,-0.001,5,-11.641,-49.042,27.124
2072.97018,3,4.091,8.768,-0.344,4,0.005,-0.001,0.001,,,,
2073.02545,3,4.093,8.773,-0.342,4,0.005,-0.001,0.001,5,-13.699,-48.651,28.575
2073.08209,3,4.099,8.777,-0.339,4,0.005,-0.001,0.003,5,-11.832,-49.274,27.916
2073.13934,3,4.097,8.785,-0.347,4,0.005,-0.001,0.003,5,-12.885,-49.051,27.873
2073.1972,3,4.112,8.781,-0.343,4,0.004,-0.001,0.004,5,-12.682,-48.445,27.638
2073.2539,3,4.118,8.778,-0.347,4,0.004,-0.001,0.005,5,-12.155,-49.222,27.747
2073.31045,3,4.118,8.785,-0.344,4,0.003,0,0.006,5,-11.948,-48.798,25.592
2073.36703,3,4.135,8.785,-0.346,4,0.003,0,0.007,,,,
2073.42315,3,4.142,8.782,-0.349,4,0.003,0,0.007,5,-12.494,-47.902,27.603
2073.47848,3,4.162,8.788,-0.345,4,0.002,0.001,0.007,5,-10.547,-48.567,27.768
2073.53512,3,4.174,8.784,-0.342,4,0.002,0.001,0.007,5,-11.662,-48.299,27.356
2073.59213,3,4.184,8.786,-0.349,4,0.002,0.002,0.007,5,-12.436,-49.107,28.488
2073.64972,3,4.197,8.786,-0.349,4,0.002,0.002,0.007,5,-12.09,-49.236,28.252
2073.7062,3,4.202,8.782,-0.345,4,0.003,0.002,0.007,5,-12.102,-48.903,29.103
2073.76162,3,4.205,8.786,-0.337,4,0.002,0.002,0.006,,,,
2073.819,3,4.202,8.789,-0.337,4,0.002,0.002,0.006,5,-11.545,-49.445,28.195
2073.8764,3,4.215,8.777,-0.344,4,0.002,0.001,0.006,5,-11.934,-49.686,27.921
2073.93152,3,4.201,8.778,-0.343,4,0.002,0.001,0.005,5,-12.071,-48.743,27.234
2073.98858,3,4.204,8.777,-0.333,4,0.002,0.001,0.005,5,-12.071,-48.541,27.303
2074.04632,3,4.204,8.771,-0.329,4,0.002,0.001,0.004,5,-12.787,-48.555,28.081
2074.10354,3,4.219,8.767,-0.334,4,0.002,0,0.004,5,-12.752,-49.527,27.283
2074.16031,3,4.221,8.758,-0.333,4,0.002,0,0.003,,,,
2074.21686,3,4.223,8.756,-0.331,4,0.002,0,0.003,5,-12.308,-48.544,29.274
2074.27331,3,4.231,8.751,-0.335,4,0.002,-0.001,0.002,5,-12.346,-49.416,28.244
2074.32925,3,4.231,8.751,-0.337,4,0.003,-0.002,0.002,5,-12.045,-49.606,27.612
2074.38452,3,4.238,8.747,-0.342,4,0.002,-0.002,0.001,,,,
2074.44183,3,4.246,8.75,-0.349,4,0.002,-0.003,0.001,5,-12.389,-49.298,27.254
2074.49981,3,4.234,8.751,-0.341,4,0.002,-0.004,0,5,-11.198,-50.459,27
2074.55633,3,4.223,8.749,-0.351,4,0.002,-0.005,-0.001,,,,
2074.61288,3,4.223,8.752,-0.348,4,0.002,-0.005,-0.002,5,-12.289,-49.294,27.452
2074.66968,3,4.21,8.762,-0.335,4,0.002,-0.006,-0.003,5,-11.711,-50.392,27.284
2074.72619,3,4.197,8.763,-0.341,4,0.003,-0.006,-0.003,5,-12.346,-50.146,27.129
2074.78274,3,4.176,8.759,-0.34,4,0.003,-0.006,-0.004,,,,
2074.83877,3,4.17,8.756,-0.344,4,0.003,-0.005,-0.004,5,-13.037,-48.567,27.91
2074.89416,3,4.172,8.742,-0.363,4,0.003,-0.005,-0.004,5,-12.18,-49.08,27.328
2074.95135,3,4.164,8.741,-0.367,4,0.003,-0.004,-0.005,,,,
2075.00924,3,4.165,8.734,-0.387,4,0.003,-0.004,-0.005,5,-13.017,-48.34,27.542
2075.06601,3,4.159,8.741,-0.374,4,0.002,-0.003,-0.005,5,-11.581,-49.565,26.155
2075.12253,3,4.137,8.741,-0.376,4,0.001,-0.003,-0.006,5,-11.829,-49.091,27.441
2075.17846,3,4.138,8.737,-0.38,4,0,-0.002,-0.006,,,,
2075.23437,3,4.137,8.743,-0.35,4,0,-0.001,-0.007,5,-12.125,-49.998,28.117
2075.29199,3,4.145,8.758,-0.365,4,-0.001,0,-0.007,5,-12.039,-48.1,27.695
2075.34881,3,4.141,8.76,-0.338,4,-0.001,0.001,-0.007,,,,
2075.40573,3,4.174,8.76,-0.325,4,-0.002,0.001,-0.007,5,-12.202,-48.95,26.418
2075.46264,3,4.176,8.767,-0.327,4,-0.003,0.001,-0.007,5,-12.157,-48.904,27.034
2075.51956,3,4.167,8.777,-0.3,4,-0.002,0.001,-0.007,5,-11.989,-49.599,26.19
2075.57498,3,4.182,8.781,-0.308,4,-0.003,0.001,-0.008,,,,
2075.63098,3,4.183,8.798,-0.317,4,-0.002,0.001,-0.008,5,-11.865,-49.066,28.008
2075.68823,3,4.183,8.804,-0.309,4,-0.001,0.001,-0.008,5,-9.856,-49.741,26.682
2075.74356,3,4.168,8.81,-0.325,4,-0.001,0,-0.007,,,,
2075.80081,3,4.154,8.825,-0.331,4,0,-0.001,-0.008,5,-11.391,-49.005,26.387
2075.8587,3,4.149,8.837,-0.312,4,0,-0.001,-0.007,5,-11.078,-49.615,26.53
2075.91531,3,4.164,8.84,-0.335,4,0.001,-0.002,-0.007,5,-10.815,-49.475,26.941
2075.97125,3,4.155,8.85,-0.327,4,0.002,-0.002,-0.007,,,,
2076.0267,3,4.152,8.845,-0.323,4,0.002,-0.002,-0.006,5,-11.636,-49.522,26.239
2076.08389,3,4.127,8.857,-0.334,4,0.003,-0.003,-0.005,5,-11.975,-49.052,27.631
2076.14178,3,4.122,8.853,-0.321,4,0.004,-0.003,-0.005,5,-12.149,-48.491,28.459
2076.19836,3,4.104,8.845,-0.331,4,0.005,-0.003,-0.004,5,-12.048,-48.953,27.49
2076.25467,3,4.084,8.845,-0.336,4,0.006,-0.003,-0.004,5,-12.01,-49.171,28.047
2076.3118,3,4.077,8.833,-0.326,4,0.006,-0.003,-0.003,5,-12.874,-50.168,27.353
2076.36844,3,4.063,8.822,-0.337,4,0.007,-0.003,-0.002,,,,
2076.42438,3,4.073,8.809,-0.34,4,0.007,-0.001,-0.001,5,-12.961,-48.706,27.951
2076.4797,3,4.079,8.796,-0.341,4,0.007,-0.001,0,5,-12.251,-48.23,27.957
2076.53692,3,4.081,8.78,-0.364,4,0.007,0,0.001,5,-13.545,-49.719,27.742
2076.59479,3,4.085,8.767,-0.353,4,0.007,0,0.002,5,-11.488,-48.846,28.281
2076.65094,3,4.089,8.767,-0.356,4,0.007,0,0.003,5,-12.004,-48.877,27.75
2076.70685,3,4.1,8.761,-0.357,4,0.007,0.001,0.003,5,-11.984,-49.034,26.514
2076.76465,3,4.109,8.751,-0.357,4,0.006,0.002,0.004,,,,
2076.82116,3,4.108,8.747,-0.36,4,0.006,0.002,0.004,5,-12.489,-48.203,27.942
2076.87747,3,4.12,8.747,-0.357,4,0.005,0.003,0.005,5,-12.083,-48.727,27.309
2076.93274,3,4.132,8.751,-0.357,4,0.005,0.003,0.005,5,-11.133,-50.096,26.758
2076.99002,3,4.14,8.745,-0.355,4,0.004,0.004,0.006,5,-11.263,-48.734,27.197
2077.04803,3,4.153,8.748,-0.352,4,0.003,0.003,0.006,5,-12.653,-48.901,27.411
2077.104,3,4.163,8.751,-0.349,4,0.003,0.004,0.006,5,-12.199,-49.176,28.389
2077.15924,3,4.178,8.753,-0.347,4,0.002,0.003,0.006,,,,
2077.21649,3,4.185,8.757,-0.342,4,0.002,0.004,0.006,5,-12.337,-49.052,26.926
2077.27377,3,4.201,8.76,-0.336,4,0.002,0.004,0.005,5,-12.958,-48.232,27.71
2077.32965,3,4.21,8.766,-0.337,4,0.001,0.003,0.005,5,-11.896,-49.068,27.783
2077.38684,3,4.213,8.774,-0.328,4,-0.001,0.004,0.006,5,-11.761,-49.158,27.608
2077.44296,3,4.217,8.777,-0.321,4,-0.001,0.004,0.006,5,-11.787,-48.979,26.855
2077.50076,3,4.212,8.783,-0.323,4,0,0.003,0.005,5,-11.549,-49.745,26.715
2077.55752,3,4.207,8.79,-0.319,4,0,0.004,0.005,,,,
2077.61358,3,4.211,8.785,-0.325,4,0,0.003,0.004,5,-12.299,-49.068,26.842
2077.66949,3,4.207,8.789,-0.32,4,0.002,0.003,0.004,5,-12.631,-48.734,26.961
2077.7268,3,4.199,8.792,-0.316,4,0.002,0.002,0.003,5,-11.009,-49.278,28.566
2077.78213,3,4.195,8.786,-0.331,4,0.002,0.002,0.003,,,,
2077.83941,3,4.192,8.774,-0.325,4,0.003,0.002,0.003,5,-11.079,-48.811,27.426
2077.89743,3,4.196,8.771,-0.332,4,0.003,0.002,0.002,5,-10.902,-48.691,27.597
2077.95407,3,4.187,8.77,-0.349,4,0.003,0.002,0.002,,,,
2078.01059,3,4.199,8.759,-0.342,4,0.003,0.002,0.001,5,-11.278,-48.703,28.008
2078.0672,3,4.195,8.759,-0.35,4,0.003,0.002,0.001,5,-11.052,-48.97,27.519
2078.12384,3,4.202,8.762,-0.359,4,0.003,0.002,0.001,5,-11.948,-48.746,28.882
2078.18045,3,4.207,8.762,-0.357,4,0.003,0.002,0,,,,
2078.23642,3,4.203,8.763,-0.354,4,0.002,0.002,0,5,-12.405,-49.078,27.431
2078.29202,3,4.207,8.76,-0.36,4,0.002,0.002,-0.001,5,-14.197,-48.94,27.04
2078.34952,3,4.211,8.764,-0.354,4,0.001,0.001,-0.001,,,,
2078.40695,3,4.215,8.767,-0.353,4,0.001,0.001,-0.002,5,-12.752,-48.857,27.263
2078.46356,3,4.207,8.759,-0.349,4,0.001,0.001,-0.002,5,-12.682,-48.012,27.533
2078.51959,3,4.211,8.763,-0.351,4,0.001,0.001,-0.003,5,-13.184,-49.132,28.441
2078.57492,3,4.21,8.758,-0.345,4,-0.001,0.001,-0.003,,,,
2078.63153,3,4.205,8.758,-0.346,4,-0.002,0,-0.004,5,-11.8,-48.979,25.945
2078.68878,3,4.207,8.759,-0.341,4,-0.001,0,-0.004,5,-11.502,-49.733,26.68
2078.74661,3,4.202,8.755,-0.345,4,-0.001,0,-0.004,,,,
2078.80328,3,4.193,8.766,-0.34,4,-0.002,-0.001,-0.005,5,-12.166,-49.866,25.964
2078.85995,3,4.2,8.769,-0.341,4,-0.002,-0.001,-0.005,5,-11.571,-50.145,25.961
2078.91659,3,4.189,8.767,-0.341,4,-0.002,-0.002,-0.005,5,-11.858,-50.189,26.674
2078.97256,3,4.174,8.774,-0.333,4,-0.002,-0.002,-0.006,,,,
2079.02792,3,4.164,8.772,-0.341,4,-0.002,-0.002,-0.005,5,-11.858,-48.692,27.707
2079.08453,3,4.148,8.779,-0.339,4,-0.002,-0.003,-0.005,5,-11.58,-49.736,27.312
2079.1419,3,4.131,8.786,-0.328,4,-0.002,-0.003,-0.005,,,,
2079.20001,3,4.108,8.79,-0.345,4,-0.001,-0.003,-0.005,5,-12.309,-49.329,27.905
2079.25665,3,4.091,8.795,-0.324,4,-0.001,-0.003,-0.004,5,-12.344,-48.586,28.072
2079.31314,3,4.081,8.794,-0.337,4,0,-0.002,-0.004,5,-13.168,-48.883,28.508
2079.36966,3,4.089,8.794,-0.337,4,0,-0.002,-0.004,,,,
2079.42547,3,4.082,8.799,-0.333,4,0.001,-0.001,-0.003,5,-12.12,-48.883,28.587
2079.48095,3,4.083,8.797,-0.336,4,0.001,0,-0.003,5,-12.024,-48.396,27.657
2079.53821,3,4.089,8.792,-0.338,4,0.001,0,-0.002,5,-12.993,-49.33,27.888
2079.59619,3,4.101,8.796,-0.325,4,0.002,0.001,-0.001,5,-11.467,-47.801,28.166
2079.65295,3,4.109,8.793,-0.342,4,0.002,0.002,-0.001,5,-11.528,-48.869,26.717
2079.7095,3,4.109,8.79,-0.343,4,0.003,0.002,0,5,-11.671,-49.309,27.548
2079.76602,3,4.101,8.789,-0.335,4,0.003,0.002,0,,,,
2079.82269,3,4.117,8.785,-0.345,4,0.003,0.003,0.001,5,-13.522,-49.31,27.647
2079.87872,3,4.121,8.786,-0.332,4,0.002,0.003,0.001,5,-12.968,-48.18,27.376
2079.93396,3,4.114,8.798,-0.329,4,0.002,0.003,0.002,5,-13.637,-48.898,26.727
2079.9913,3,4.122,8.799,-0.319,4,0.002,0.003,0.002,5,-12.088,-48.923,26.962
2080.04925,3,4.116,8.802,-0.333,4,0.002,0.003,0.002,5,-12.36,-49.321,26.292
2080.1058,3,4.144,8.797,-0.341,4,0.001,0.002,0.002,5,-11.577,-49.168,27.982
2080.1625,3,4.145,8.799,-0.345,4,0.002,0.003,0.003,,,,
2080.21911,3,4.144,8.803,-0.338,4,0.001,0.002,0.004,5,-13.043,-49.149,27
2080.27508,3,4.144,8.801,-0.347,4,0.001,0.003,0.004,5,-12.267,-49.045,27.681
2080.33035,3,4.159,8.799,-0.353,4,0.001,0.002,0.004,5,-12.395,-48.309,28.603
2080.38763,3,4.184,8.791,-0.331,4,0.001,0.002,0.004,5,-11.678,-49.414,28.603
2080.44558,3,4.175,8.786,-0.341,4,0.001,0.002,0.004,5,-12.877,-49.812,27.899
2080.50146,3,4.177,8.803,-0.345,4,0.001,0.002,0.004,5,-11.723,-49.063,27.917
2080.55749,3,4.175,8.809,-0.327,4,0.001,0.002,0.003,,,,
2080.61538,3,4.183,8.804,-0.33,4,0,0.002,0.003,5,-11.162,-49.477,27.08
2080.67135,3,4.176,8.8,-0.338,4,0.001,0.002,0.004,5,-11.195,-49.506,26.75
2080.72741,3,4.171,8.794,-0.311,4,0.001,0.002,0.003,5,-12.531,-48.158,27.742
2080.78473,3,4.152,8.778,-0.361,4,0.001,0.002,0.003,,,,
2080.8406,3,4.144,8.786,-0.323,4,0.002,0.001,0.003,5,-13.266,-50.313,28.479
2080.89853,3,4.16,8.794,-0.321,4,0.001,0.002,0.002,5,-12.909,-49.222,27.789
2080.95529,3,4.187,8.783,-0.347,4,0.002,0.002,0.003,,,,
2081.0119,3,4.179,8.793,-0.319,4,0.003,0.002,0.003,5,-12.009,-49.229,27.745
2081.06855,3,4.179,8.788,-0.323,4,0.002,0.001,0.002,5,-11.676,-49.49,27.269
2081.12449,3,4.168,8.785,-0.329,4,0.003,0.001,0.001,5,-11.423,-50.908,27.6
2081.17979,3,4.16,8.789,-0.323,4,0.004,0.001,0.002,,,,
2081.23704,3,4.175,8.772,-0.352,4,0.004,0.001,0.001,5,-11.687,-48.648,27.913
2081.29493,3,4.171,8.752,-0.336,4,0.004,0.001,0.001,5,-12.579,-49.17,27.04
2081.35154,3,4.189,8.736,-0.359,4,0.004,0.001,0.001,,,,
2081.40812,3,4.191,8.738,-0.361,4,0.004,0.001,0.001,5,-12.283,-48.941,26.784
2081.46473,3,4.207,8.727,-0.367,4,0.003,0,-0.001,5,-11.771,-48.624,28.271
2081.5214,3,4.183,8.74,-0.374,4,0.003,0,-0.001,5,-12.767,-50.629,27.18
2081.57811,3,4.143,8.752,-0.353,4,0.002,-0.001,-0.001,,,,
2081.63438,3,4.118,8.757,-0.36,4,0.001,0,-0.002,5,-12.601,-49.034,27.798
2081.69011,3,4.105,8.775,-0.358,4,0,0,-0.002,5,-11.665,-48.724,28.328
2081.74635,3,4.11,8.782,-0.346,4,0,0,-0.002,,,,
2081.80391,3,4.106,8.786,-0.365,4,0,0.001,-0.002,5,-11.316,-47.972,28.218
2081.86119,3,4.1,8.795,-0.362,4,0,0.002,-0.002,5,-12.639,-48.093,27.315
2081.91771,3,4.097,8.805,-0.341,4,0,0.002,-0.001,5,-13.017,-48.312,27.892
2081.97377,3,4.116,8.806,-0.367,4,-0.001,0.003,-0.001,,,,
2082.02983,3,4.119,8.8,-0.36,4,0.001,0.004,-0.001,5,-12.405,-48.537,28.13
2082.08772,3,4.143,8.8,-0.347,4,0,0.004,-0.001,5,-11.363,-48.715,27.603
2082.1443,3,4.145,8.806,-0.36,4,0.001,0.005,0,,,,
2082.20091,3,4.147,8.81,-0.352,4,0.001,0.005,-0.001,5,-12.704,-48.145,27.737
2082.25761,3,4.133,8.811,-0.332,4,0.002,0.005,-0.001,5,-12.729,-48.555,27.766
2082.31413,3,4.129,8.819,-0.335,4,0.002,0.005,-0.001,5,-12.447,-49.321,28.331
2082.37013,3,4.122,8.824,-0.321,4,0.003,0.006,0,,,,
2082.42619,3,4.111,8.849,-0.28,4,0.003,0.006,0,5,-13.202,-48.618,28.906
2082.48344,3,4.117,8.841,-0.304,4,0.004,0.007,0,5,-11.87,-48.863,26.823
2082.54017,3,4.152,8.834,-0.299,4,0.005,0.007,0.001,5,-11.533,-49.457,26.26
2082.59877,3,4.116,8.818,-0.302,4,0.006,0.007,0.002,5,-10.963,-49.385,26.553
2082.65409,3,4.14,8.79,-0.352,4,0.007,0.007,0.003,5,-11.272,-49.109,26.759
2082.71092,3,4.12,8.782,-0.307,4,0.008,0.007,0.003,5,-10.965,-50.612,27.589
2082.76664,3,4.166,8.733,-0.38,4,0.007,0.007,0.003,,,,
2082.82191,3,4.17,8.738,-0.357,4,0.008,0.006,0.005,5,-11.107,-49.254,27.037
2082.87925,3,4.16,8.727,-0.359,4,0.005,0.006,0.005,5,-13.533,-48.82,27.663
2082.93721,3,4.181,8.716,-0.412,4,0.005,0.005,0.005,5,-11.978,-48.726,27.896
2082.99391,3,4.167,8.715,-0.371,4,0.006,0.004,0.005,5,-12.074,-49.078,27.206
2083.05082,3,4.199,8.716,-0.357,4,0.003,0.004,0.006,5,-11.966,-48.479,28.287
2083.10728,3,4.147,8.73,-0.372,4,0.001,0.003,0.006,5,-12.56,-48.448,27.02
2083.1631,3,4.199,8.709,-0.359,4,0.001,0.003,0.005,,,,
2083.21901,3,4.211,8.725,-0.397,4,-0.002,0.002,0.006,5,-12.869,-48.457,28.003
2083.27629,3,4.209,8.727,-0.368,4,0,0.001,0.006,5,-12.373,-48.738,27.501
2083.33158,3,4.179,8.741,-0.333,4,-0.002,0,0.007,5,-12.421,-48.741,26.859
2083.3889,3,4.188,8.742,-0.37,4,-0.004,0,0.006,5,-12.985,-48.958,26.712
2083.44691,3,4.231,8.751,-0.348,4,-0.004,-0.001,0.006,5,-13.098,-49.257,27.008
2083.50352,3,4.265,8.756,-0.355,4,-0.004,-0.002,0.005,,,,
2083.56013,3,4.262,8.761,-0.364,4,-0.004,-0.002,0.006,5,-13.19,-48.914,28.05
2083.61622,3,4.246,8.774,-0.329,4,-0.005,-0.004,0.005,5,-11.98,-49.124,27.206
2083.67167,3,4.257,8.782,-0.337,4,-0.004,-0.004,0.004,5,-11.148,-48.5,27.597
2083.72798,3,4.242,8.782,-0.35,4,-0.004,-0.005,0.003,,,,
2083.78526,3,4.245,8.796,-0.313,4,-0.004,-0.007,0.002,5,-11.679,-49.011,27.11
2083.84321,3,4.173,8.818,-0.342,4,-0.005,-0.007,0.002,5,-13.063,-48.167,27.103
2083.89921,3,4.164,8.823,-0.334,4,-0.004,-0.008,0.001,,,,
2083.95515,3,4.135,8.827,-0.328,4,-0.003,-0.008,0.001,5,-12.878,-48.46,28.046
2084.01313,3,4.14,8.828,-0.361,4,-0.002,-0.007,0,5,-13.768,-48.428,27.463
2084.06974,3,4.115,8.829,-0.323,4,-0.001,-0.006,0.001,5,-11.578,-49.374,28.043
2084.12565,3,4.097,8.826,-0.345,4,0,-0.005,0,,,,
2084.18098,3,4.109,8.81,-0.358,4,0.001,-0.004,0.001,5,-11.067,-48.851,27.003
2084.23832,3,4.12,8.804,-0.34,4,0.003,-0.003,0.001,5,-11.971,-48.982,26.955
2084.2964,3,4.137,8.791,-0.363,4,0.002,-0.002,0.001,,,,
2084.35295,3,4.137,8.784,-0.356,4,0.003,-0.001,0.001,5,-11.427,-50.63,26.86
2084.40953,3,4.156,8.779,-0.35,4,0.003,0,0,5,-12.582,-48.93,27.75
2084.46614,3,4.16,8.773,-0.371,4,0.004,0,0.001,5,-12.865,-48.164,27.351
2084.52217,3,4.165,8.765,-0.348,4,0.004,0.001,0.001,,,,
2084.5774,3,4.164,8.757,-0.365,4,0.002,0.001,0,5,-12.355,-46.973,28.63
2084.63462,3,4.182,8.754,-0.358,4,0.003,0.002,0,5,-11.815,-48.653,28.995
2084.69245,3,4.185,8.747,-0.348,4,0.002,0.002,0,,,,
2084.74913,3,4.211,8.743,-0.368,4,0.001,0.002,0,5,-12.726,-49.338,26.118
2084.80571,3,4.21,8.741,-0.36,4,0.001,0.002,-0.001,5,-11.557,-48.459,26.926
2084.86244,3,4.229,8.743,-0.344,4,0,0.001,-0.002,5,-12.375,-48.602,27.293
2084.91905,3,4.216,8.739,-0.365,4,0,0.001,-0.002,,,,
2084.97566,3,4.218,8.747,-0.352,4,0,0.001,-0.003,5,-12.9,-49.496,27.312
2085.03169,3,4.227,8.746,-0.345,4,-0.001,0.001,-0.004,5,-12.744,-49.24,27.899
2085.08766,3,4.215,8.751,-0.357,4,-0.001,0,-0.005,5,-12.244,-49.738,28.403
2085.14555,3,4.221,8.759,-0.345,4,-0.001,-0.001,-0.006,5,-11.977,-49.615,27.171
2085.20216,3,4.196,8.77,-0.341,4,-0.001,-0.001,-0.006,5,-10.96,-48.872,28.133
2085.25871,3,4.191,8.779,-0.34,4,-0.001,-0.001,-0.007,5,-12.483,-47.945,27.448
2085.31538,3,4.192,8.783,-0.34,4,-0.001,-0.001,-0.007,,,,
2085.37141,3,4.183,8.791,-0.34,4,-0.001,-0.002,-0.007,5,-12.599,-49.771,27.759
2085.42765,3,4.163,8.799,-0.335,4,-0.001,-0.002,-0.008,5,-11.61,-49.217,28.34
2085.48512,3,4.153,8.799,-0.34,4,-0.001,-0.002,-0.008,5,-11.971,-49.617,27.528
2085.54066,3,4.139,8.801,-0.338,4,-0.001,-0.002,-0.008,5,-13.013,-48.328,27.597
2085.59858,3,4.136,8.806,-0.334,4,-0.001,-0.002,-0.008,5,-12.555,-49.2,27.853
2085.65525,3,4.116,8.802,-0.342,4,-0.002,-0.003,-0.007,5,-12.515,-48.499,27.654
2085.71196,3,4.111,8.802,-0.343,4,-0.001,-0.003,-0.006,,,,
2085.76857,3,4.1,8.79,-0.344,4,-0.001,-0.002,-0.005,5,-12.45,-49.051,28.319
2085.82521,3,4.104,8.788,-0.348,4,-0.001,-0.002,-0.005,5,-13.043,-49.431,27.324
2085.88114,3,4.089,8.779,-0.353,4,-0.001,-0.002,-0.004,5,-12.866,-49.776,28.001
2085.93693,3,4.082,8.77,-0.352,4,-0.002,-0.002,-0.003,5,-11.781,-48.434,27.013
2085.99476,3,4.082,8.771,-0.356,4,-0.002,-0.001,-0.002,5,-11.459,-48.807,27.779
2086.05177,3,4.077,8.772,-0.347,4,-0.002,-0.001,-0.002,5,-12,-48.933,28.128
2086.10835,3,4.085,8.773,-0.342,4,-0.003,-0.001,-0.001,,,,
2086.1642,3,4.086,8.782,-0.349,4,-0.003,-0.001,0,5,-11.682,-49.316,27.872
2086.21958,3,4.089,8.787,-0.341,4,-0.003,0,0,5,-12.125,-49.568,27.441
2086.2769,3,4.098,8.801,-0.326,4,-0.003,0,0.001,5,-12.076,-49.883,27.568
2086.33418,3,4.106,8.808,-0.325,4,-0.003,0,0.002,5,-11.407,-48.711,28.624
2086.38951,3,4.119,8.814,-0.323,4,-0.003,0,0.003,5,-12.268,-49.152,27.727
2086.44688,3,4.128,8.822,-0.317,4,-0.002,0,0.003,5,-10.849,-49.889,28.387
2086.50471,3,4.127,8.829,-0.32,4,-0.002,0,0.004,,,,
2086.56135,3,4.136,8.828,-0.323,4,-0.002,-0.001,0.005,5,-11.703,-50.058,27.632
2086.61796,3,4.129,8.834,-0.316,4,-0.001,-0.001,0.005,5,-11.328,-49.867,28.087
2086.6739,3,4.129,8.83,-0.325,4,0,-0.002,0.006,5,-12.292,-49.226,27.167
2086.72978,3,4.128,8.828,-0.328,4,0.001,-0.002,0.007,,,,
2086.78761,3,4.119,8.823,-0.332,4,0.002,-0.002,0.008,5,-12.415,-48.917,27.089
2086.84443,3,4.12,8.817,-0.325,4,0.001,-0.002,0.008,5,-11.496,-49.245,27.017
2086.90107,3,4.116,8.806,-0.336,4,0.002,-0.002,0.009,,,,
2086.95762,3,4.138,8.8,-0.33,4,0.003,-0.002,0.009,5,-12.141,-49.15,28.035
2087.01423,3,4.132,8.79,-0.338,4,0.003,-0.002,0.01,5,-12.418,-48.564,27.6
2087.0702,3,4.141,8.781,-0.338,4,0.003,-0.002,0.01,5,-11.916,-49.437,27.599
2087.12559,3,4.153,8.77,-0.338,4,0.003,-0.002,0.01,,,,
2087.18223,3,4.164,8.76,-0.341,4,0.003,-0.002,0.01,5,-11.668,-49.019,27.904
2087.23899,3,4.171,8.756,-0.349,4,0.003,-0.001,0.01,5,-13.374,-49.08,27.415
2087.29579,3,4.183,8.746,-0.349,4,0.002,-0.002,0.01,,,,
2087.35209,3,4.188,8.74,-0.352,4,0.002,-0.002,0.009,5,-12.703,-48.778,27.806
2087.4094,3,4.195,8.729,-0.352,4,0.002,-0.002,0.009,5,-12.163,-49.791,25.729
2087.46736,3,4.2,8.729,-0.354,4,0.001,-0.002,0.008,5,-10.876,-50.551,25.912
2087.524,3,4.209,8.735,-0.354,4,0,-0.002,0.008,,,,
2087.57994,3,4.217,8.733,-0.349,4,0,-0.002,0.007,5,-11.789,-49.774,25.932
2087.63539,3,4.22,8.734,-0.352,4,0,-0.002,0.006,5,-11.938,-49.24,27.853
2087.69218,3,4.228,8.736,-0.353,4,-0.001,-0.002,0.005,,,,
2087.74913,3,4.234,8.743,-0.349,4,0,-0.003,0.004,5,-12.917,-48.471,27.747
2087.80668,3,4.239,8.751,-0.349,4,-0.001,-0.003,0.004,5,-12.529,-49.352,27.989
2087.8629,3,4.238,8.755,-0.348,4,-0.001,-0.003,0.003,5,-11.378,-49.815,27.904
2087.9203,3,4.239,8.761,-0.343,4,-0.002,-0.004,0.001,,,,
2087.9763,3,4.242,8.77,-0.34,4,-0.002,-0.004,0,5,-12.566,-48.448,27.75
2088.03163,3,4.241,8.772,-0.341,4,-0.002,-0.004,-0.001,5,-12.396,-48.442,27.748
2088.08888,3,4.236,8.784,-0.339,4,-0.002,-0.004,-0.002,5,-12.109,-48.433,27.96
2088.1468,3,4.219,8.787,-0.336,4,-0.003,-0.005,-0.003,5,-12.013,-50.04,26.479
2088.20338,3,4.207,8.796,-0.337,4,-0.002,-0.005,-0.004,5,-12.083,-49.414,28.157
2088.25993,3,4.184,8.803,-0.339,4,-0.002,-0.005,-0.004,5,-12.282,-48.38,28.343
2088.31654,3,4.157,8.809,-0.333,4,-0.002,-0.005,-0.005,,,,
2088.37254,3,4.128,8.811,-0.335,4,-0.001,-0.005,-0.005,5,-12.386,-48.804,28.601
2088.42799,3,4.114,8.82,-0.338,4,-0.001,-0.004,-0.005,5,-11.723,-49.979,27.242
2088.48527,3,4.101,8.816,-0.341,4,-0.001,-0.003,-0.006,5,-11.343,-49.706,25.563
2088.54313,3,4.108,8.807,-0.34,4,-0.001,-0.002,-0.005,5,-12.378,-49.617,26.855
2088.59983,3,4.109,8.797,-0.344,4,0,-0.001,-0.005,5,-11.494,-49.191,27.251
2088.6566,3,4.118,8.792,-0.343,4,0,-0.001,-0.005,5,-12.775,-49.577,27.473
2088.71312,3,4.123,8.782,-0.341,4,0.001,0,-0.005,,,,
2088.76918,3,4.134,8.771,-0.342,4,0.001,0.001,-0.005,5,-11.569,-48.907,27.09
2088.82441,3,4.13,8.763,-0.348,4,0.001,0.002,-0.005,5,-12.444,-49.948,28.392
2088.88105,3,4.14,8.758,-0.341,4,0.002,0.002,-0.005,5,-12.694,-49.702,27.219
2088.93821,3,4.141,8.751,-0.347,4,0.001,0.002,-0.005,5,-12.17,-49.176,27.303
2088.99598,3,4.137,8.747,-0.351,4,0.001,0.003,-0.006,5,-13.255,-49.553,27.818
2089.05284,3,4.136,8.749,-0.343,4,0.001,0.003,-0.006,5,-12.613,-49.443,27.681
2089.1096,3,4.129,8.751,-0.351,4,0.001,0.003,-0.006,,,,
2089.16621,3,4.129,8.764,-0.349,4,0,0.003,-0.006,5,-12.694,-49.083,28.314
2089.22209,3,4.12,8.766,-0.34,4,0,0.003,-0.006,5,-11.893,-49.361,27.519
2089.27742,3,4.11,8.775,-0.351,4,0,0.004,-0.005,5,-12.74,-48.964,27.478
2089.3347,3,4.112,8.782,-0.342,4,0,0.004,-0.006,5,-11.531,-48.877,27.342
2089.39262,3,4.107,8.787,-0.342,4,-0.001,0.004,-0.005,5,-12.115,-48.888,27.644
2089.4492,3,4.104,8.801,-0.337,4,-0.001,0.004,-0.004,5,-12.26,-49.19,27.22
2089.50587,3,4.104,8.806,-0.329,4,-0.001,0.004,-0.004,,,,
2089.56208,3,4.1,8.817,-0.331,4,-0.001,0.004,-0.003,5,-11.977,-49.344,27.551
2089.61717,3,4.102,8.83,-0.325,4,-0.001,0.004,-0.002,5,-11.835,-49.416,27.11
2089.67402,3,4.097,8.836,-0.324,4,0,0.004,-0.001,5,-11.073,-49.489,28.821
2089.73094,3,4.096,8.845,-0.321,4,0,0.004,0,,,,
2089.78764,3,4.103,8.844,-0.322,4,0,0.004,0.001,5,-12.309,-49.771,27.121
2089.84553,3,4.098,8.848,-0.316,4,0.001,0.003,0.001,5,-11.621,-49.661,26.547
2089.90239,3,4.101,8.846,-0.317,4,0.001,0.003,0.003,,,,
2089.95893,3,4.11,8.844,-0.319,4,0.002,0.003,0.003,5,-11.774,-48.868,27.347
2090.01564,3,4.12,8.831,-0.325,4,0.002,0.003,0.004,5,-11.183,-49.025,27.87
2090.07167,3,4.122,8.825,-0.324,4,0.003,0.002,0.005,5,-11.375,-49.3,27.274
2090.12751,3,4.145,8.815,-0.329,4,0.003,0.003,0.005,,,,
2090.1855,3,4.146,8.806,-0.328,4,0.004,0.002,0.006,5,-12.015,-49.11,28.653
2090.24156,3,4.164,8.793,-0.341,4,0.004,0.002,0.006,5,-11.578,-48.267,27.089
2090.29756,3,4.171,8.782,-0.336,4,0.005,0.002,0.007,,,,
2090.35536,3,4.164,8.781,-0.337,4,0.005,0.001,0.006,5,-11.957,-49.307,27.823
2090.41194,3,4.167,8.771,-0.348,4,0.004,0.001,0.006,5,-11.787,-49.934,26.529
2090.46855,3,4.164,8.766,-0.346,4,0.005,0.001,0.006,5,-12.506,-50.467,26.804
2090.52458,3,4.164,8.763,-0.348,4,0.004,0,0.006,,,,
2090.57984,3,4.164,8.76,-0.347,4,0.004,0,0.006,5,-10.948,-50.282,26.091
2090.63655,3,4.16,8.753,-0.353,4,0.004,0,0.005,5,-11.867,-49.849,26.07
2090.69328,3,4.156,8.755,-0.353,4,0.003,0,0.005,,,,
2090.75032,3,4.159,8.754,-0.352,4,0.004,0.001,0.005,5,-10.754,-50.49,26.935
2090.80821,3,4.153,8.749,-0.353,4,0.003,0.001,0.005,5,-12.325,-48.5,27.544
2090.86482,3,4.159,8.745,-0.36,4,0.003,0.001,0.005,5,-11.839,-48.369,26.222
2090.92143,3,4.156,8.747,-0.361,4,0.002,0.001,0.005,,,,
2090.97752,3,4.16,8.747,-0.353,4,0.001,0.001,0.004,5,-11.983,-49.248,27.672
2091.03343,3,4.165,8.751,-0.361,4,0.001,0.001,0.003,5,-12.363,-48.846,27.264
2091.09062,3,4.166,8.748,-0.353,4,0,0.001,0.003,,,,
2091.14677,3,4.17,8.752,-0.353,4,0,0.001,0.003,5,-13.551,-49.24,27.701
2091.20466,3,4.16,8.75,-0.359,4,-0.001,0.001,0.003,5,-11.948,-49.167,27.248
2091.26124,3,4.17,8.752,-0.355,4,-0.001,0.001,0.002,5,-11.797,-49.489,26.064
2091.31785,3,4.163,8.756,-0.353,4,-0.001,0.001,0.002,,,,
2091.37388,3,4.179,8.767,-0.353,4,-0.002,0.001,0.002,5,-13.156,-49.57,28.072
2091.42924,3,4.18,8.767,-0.348,4,-0.002,0.001,0.002,5,-12.648,-49.896,28.224
2091.48649,3,4.189,8.77,-0.35,4,-0.003,0,0.001,5,-12.553,-49.08,27.719
2091.5438,3,4.199,8.778,-0.339,4,-0.003,0,0.001,5,-11.873,-49.202,27.049
2091.59977,3,4.213,8.787,-0.338,4,-0.002,-0.001,0.001,5,-12.433,-49.088,27.42
2091.6576,3,4.219,8.795,-0.34,4,-0.003,-0.001,0,5,-12.178,-48.18,26.826
2091.7143,3,4.224,8.799,-0.336,4,-0.003,-0.002,0,,,,
2091.771,3,4.226,8.807,-0.323,4,-0.003,-0.002,-0.001,5,-12.537,-48.927,28.072
2091.82752,3,4.219,8.81,-0.324,4,-0.002,-0.003,-0.002,5,-11.488,-49.242,28.523
2091.88395,3,4.213,8.813,-0.333,4,-0.002,-0.004,-0.002,5,-12.34,-48.964,27.464
2091.94065,3,4.203,8.81,-0.326,4,-0.001,-0.004,-0.003,5,-12.029,-49.573,27.931
2091.99745,3,4.196,8.821,-0.333,4,-0.001,-0.004,-0.003,5,-12.424,-48.73,28.465
2092.05384,3,4.18,8.819,-0.33,4,0,-0.005,-0.004,5,-12.74,-47.971,28.203
2092.11067,3,4.172,8.813,-0.333,4,0,-0.005,-0.004,,,,
2092.16734,3,4.162,8.81,-0.336,4,0,-0.005,-0.004,5,-11.649,-48.247,27.6
2092.22401,3,4.151,8.805,-0.341,4,0.001,-0.005,-0.005,5,-11.78,-48.407,27.599
2092.28047,3,4.142,8.798,-0.342,4,0.001,-0.005,-0.004,5,-11.53,-49.229,28.152
2092.33708,3,4.14,8.798,-0.345,4,0.001,-0.005,-0.004,5,-12.372,-48.801,25.914
2092.39384,3,4.136,8.792,-0.353,4,0.002,-0.004,-0.004,5,-11.977,-49.899,27.313
2092.4503,3,4.12,8.786,-0.343,4,0.001,-0.004,-0.004,5,-12.35,-48.856,27.638
2092.50712,3,4.115,8.778,-0.349,4,0.001,-0.004,-0.004,,,,
2092.56373,3,4.11,8.769,-0.348,4,0.001,-0.005,-0.003,5,-11.517,-48.547,27.701
2092.62043,3,4.106,8.769,-0.355,4,0.001,-0.004,-0.003,5,-11.885,-49.814,27.214
2092.67637,3,4.112,8.761,-0.351,4,0,-0.004,-0.002,5,-12.14,-49.474,26.855
2092.73164,3,4.111,8.758,-0.353,4,0,-0.004,-0.002,5,-12.63,-49.712,26.823
2092.78874,3,4.116,8.762,-0.358,4,0,-0.004,-0.002,5,-12.878,-48.717,27.739
2092.84647,3,4.12,8.757,-0.358,4,-0.001,-0.004,-0.001,5,-12.318,-48.997,27.638
2092.90339,3,4.118,8.761,-0.357,4,-0.001,-0.004,-0.001,,,,
2092.95951,3,4.121,8.755,-0.362,4,-0.002,-0.004,0,5,-12.607,-49.707,27.93
2093.01554,3,4.112,8.76,-0.365,4,-0.002,-0.004,0,5,-12.698,-48.457,29.082
2093.07407,3,4.09,8.759,-0.363,4,-0.002,-0.004,0,5,-12.622,-47.855,27.489
2093.13032,3,4.073,8.764,-0.361,4,-0.003,-0.004,0.001,,,,
2093.18531,3,4.062,8.765,-0.361,4,-0.004,-0.003,0.002,5,-11.504,-48.718,27.319
2093.24323,3,4.051,8.776,-0.357,4,-0.004,-0.003,0.002,5,-11.197,-48.555,27.859
2093.2999,3,4.047,8.781,-0.352,4,-0.005,-0.002,0.003,,,,
2093.35661,3,4.045,8.781,-0.352,4,-0.005,-0.001,0.004,5,-11.783,-50.006,26.999
2093.41255,3,4.049,8.786,-0.345,4,-0.005,0,0.004,5,-12.213,-49.413,28.429
2093.46781,3,4.05,8.795,-0.337,4,-0.004,0.001,0.005,5,-12.372,-49.219,27.893
2093.52442,3,4.069,8.802,-0.325,4,-0.004,0.002,0.006,,,,
2093.58106,3,4.077,8.806,-0.33,4,-0.004,0.002,0.007,5,-11.194,-49.785,26.067
2093.63783,3,4.093,8.81,-0.325,4,-0.003,0.003,0.008,5,-11.751,-50.056,26.41
2093.69459,3,4.108,8.814,-0.317,4,-0.002,0.004,0.008,,,,
2093.75153,3,4.122,8.816,-0.314,4,-0.002,0.004,0.009,5,-11.726,-51.212,26.393
2093.8094,3,4.138,8.818,-0.313,4,-0.001,0.004,0.009,5,-11.351,-49.896,26.451
2093.86588,3,4.148,8.814,-0.313,4,0,0.004,0.009,5,-11.417,-49.249,26.706
2093.92161,3,4.166,8.817,-0.325,4,0.001,0.004,0.01,,,,
2093.97743,3,4.179,8.814,-0.317,4,0.001,0.004,0.009,5,-11.055,-48.085,26.526
2094.03468,3,4.194,8.807,-0.322,4,0.002,0.004,0.01,5,-12.56,-49.182,26.859
2094.0919,3,4.213,8.804,-0.332,4,0.003,0.003,0.009,,,,
2094.14796,3,4.224,8.8,-0.333,4,0.004,0.003,0.009,5,-12.471,-48.265,27.199
2094.20588,3,4.238,8.797,-0.344,4,0.005,0.002,0.009,5,-11.801,-48.865,28.168
2094.26255,3,4.242,8.79,-0.335,4,0.005,0.002,0.008,5,-11.479,-48.041,27.155
2094.3191,3,4.244,8.789,-0.334,4,0.004,0.001,0.008,,,,
2094.3751,3,4.246,8.786,-0.352,4,0.004,0,0.007,5,-10.71,-49.324,27.568
2094.43046,3,4.236,8.779,-0.343,4,0.005,0,0.006,5,-11.462,-49.298,26.915
2094.48765,3,4.234,8.78,-0.341,4,0.004,0,0.005,5,-11.722,-49.286,27.087
2094.54615,3,4.223,8.775,-0.354,4,0.004,-0.001,0.004,5,-11.931,-50.612,27.869
2094.60359,3,4.211,8.767,-0.351,4,0.004,-0.001,0.003,5,-12.433,-49.129,26.762
2094.65907,3,4.205,8.766,-0.356,4,0.004,-0.001,0.002,5,-12.077,-48.935,27.258
2094.71558,3,4.202,8.76,-0.35,4,0.004,-0.001,0.002,,,,
2094.77149,3,4.196,8.756,-0.357,4,0.003,-0.001,0.001,5,-12.408,-49.208,28.769
2094.82682,3,4.202,8.747,-0.36,4,0.003,-0.001,0,5,-12.248,-48.66,27.434
2094.88407,3,4.199,8.747,-0.357,4,0.003,-0.001,0,5,-12.407,-48.305,27.028
2094.94187,3,4.206,8.741,-0.354,4,0.003,-0.001,-0.001,5,-12.317,-48.383,27.992
2094.9986,3,4.2,8.739,-0.359,4,0.003,-0.001,-0.002,5,-11.516,-48.83,28.333
2095.05546,3,4.211,8.735,-0.352,4,0.003,-0.001,-0.003,5,-11.162,-48.749,27.977
2095.11198,3,4.205,8.739,-0.354,4,0.002,-0.001,-0.004,,,,
2095.16859,3,4.211,8.734,-0.358,4,0.001,-0.001,-0.004,5,-12.814,-48.322,28.766
2095.22511,3,4.217,8.725,-0.357,4,0.001,-0.001,-0.005,5,-11.865,-49.016,26.518
2095.28089,3,4.227,8.724,-0.36,4,0,-0.002,-0.006,5,-12.784,-49.446,27.133
2095.33695,3,4.23,8.728,-0.364,4,-0.001,-0.003,-0.007,5,-11.179,-47.94,27.071
2095.39478,3,4.22,8.733,-0.363,4,-0.001,-0.003,-0.008,5,-12.062,-49.936,27.339
2095.45182,3,4.214,8.743,-0.364,4,-0.002,-0.003,-0.008,5,-12.456,-49.313,28.246
2095.50843,3,4.195,8.758,-0.353,4,-0.002,-0.004,-0.009,,,,
2095.56507,3,4.181,8.765,-0.351,4,-0.003,-0.004,-0.01,5,-12.744,-50.085,27.899
2095.62168,3,4.168,8.776,-0.348,4,-0.003,-0.005,-0.01,5,-12.654,-49.959,26.891
2095.67844,3,4.139,8.79,-0.34,4,-0.003,-0.005,-0.01,5,-12.773,-48.997,27.904
2095.73484,3,4.145,8.789,-0.343,4,-0.003,-0.005,-0.01,5,-11.964,-48.676,27.817
2095.79072,3,4.127,8.801,-0.347,4,-0.003,-0.005,-0.009,5,-12.16,-48.485,27.487
2095.84818,3,4.114,8.8,-0.348,4,-0.003,-0.005,-0.009,5,-12.201,-49.08,28.593
2095.90489,3,4.075,8.812,-0.348,4,-0.003,-0.005,-0.007,,,,
2095.96153,3,4.046,8.82,-0.331,4,-0.003,-0.004,-0.007,5,-10.719,-48.19,27.255
2096.01807,3,4.028,8.821,-0.344,4,-0.004,-0.004,-0.006,5,-11.475,-48.683,27.58
2096.07411,3,4.027,8.827,-0.353,4,-0.004,-0.003,-0.004,5,-11.9,-49.065,28.401
2096.12925,3,4.02,8.825,-0.333,4,-0.003,-0.002,-0.002,,,,
2096.18665,3,4.026,8.838,-0.334,4,-0.003,0,0,5,-11.156,-49.994,27.01
2096.24467,3,4.044,8.823,-0.333,4,-0.002,0,0.001,5,-11.07,-49.432,27.979
2096.30109,3,4.063,8.819,-0.325,4,-0.001,0.002,0.003,,,,
2096.35719,3,4.085,8.815,-0.333,4,-0.001,0.002,0.005,5,-10.75,-49.492,27.702
2096.41309,3,4.084,8.811,-0.325,4,0,0.002,0.006,5,-10.896,-48.911,26.865
2096.47108,3,4.1,8.798,-0.327,4,0,0.002,0.008,5,-11.418,-48.889,27.718
2096.52766,3,4.116,8.8,-0.329,4,0,0.003,0.009,,,,
2096.58424,3,4.136,8.786,-0.324,4,0.001,0.003,0.01,5,-10.635,-49.567,25.922
2096.64082,3,4.144,8.789,-0.336,4,0,0.002,0.011,5,-11.44,-50.029,25.986
2096.69743,3,4.143,8.783,-0.341,4,0.001,0.003,0.012,,,,
2096.75401,3,4.152,8.783,-0.33,4,0.001,0.002,0.013,5,-11.098,-50.13,26.384
2096.81052,3,4.152,8.782,-0.333,4,0.001,0.002,0.014,5,-11.084,-49.738,26.488
2096.86665,3,4.164,8.777,-0.335,4,0.002,0.002,0.014,5,-10.129,-49.945,25.749
2096.92268,3,4.179,8.768,-0.329,4,0.002,0.002,0.015,,,,
2096.97993,3,4.196,8.763,-0.339,4,0.003,0.002,0.015,5,-11.923,-49.113,26.654
2097.03529,3,4.206,8.758,-0.333,4,0.003,0.002,0.015,5,-12.544,-48.114,27.524
2097.09257,3,4.214,8.758,-0.345,4,0.002,0.001,0.015,,,,
2097.14988,3,4.223,8.753,-0.345,4,0.003,0.001,0.015,5,-12.074,-48.027,26.469
2097.20554,3,4.231,8.75,-0.341,4,0.003,0.001,0.015,5,-12.74,-48.303,27.679
2097.26316,3,4.223,8.743,-0.347,4,0.003,0.001,0.015,5,-13.399,-49.03,28.174
2097.31971,3,4.24,8.746,-0.348,4,0.004,0.001,0.014,,,,
2097.37504,3,4.238,8.743,-0.34,4,0.003,0.001,0.013,5,-11.761,-48.718,27.599
2097.43232,3,4.247,8.751,-0.349,4,0.002,0.001,0.013,5,-12.282,-48.318,29.202
2097.48957,3,4.261,8.751,-0.341,4,0.004,0.001,0.012,,,,
2097.54557,3,4.27,8.751,-0.345,4,0.003,0,0.012,5,-13.191,-49.583,27.286
2097.60294,3,4.284,8.751,-0.349,4,0.003,0,0.011,5,-12.288,-49.728,27.361
2097.65907,3,4.284,8.751,-0.338,4,0.004,0,0.01,5,-12.032,-50.739,28.9
2097.71665,3,4.292,8.747,-0.345,4,0.003,0,0.008,,,,
2097.77268,3,4.298,8.739,-0.35,4,0.004,0,0.008,5,-13.385,-49.873,27.901
2097.82807,3,4.307,8.733,-0.345,4,0.003,0,0.007,5,-12.627,-48.369,28.177
2097.88529,3,4.312,8.731,-0.357,4,0.003,-0.001,0.005,5,-12.611,-47.975,27.31
2097.94315,3,4.319,8.722,-0.342,4,0.004,-0.001,0.004,5,-12.709,-49.339,28.603
2097.99976,3,4.313,8.714,-0.346,4,0.003,-0.001,0.002,5,-12.126,-48.289,28.069
2098.0564,3,4.321,8.707,-0.359,4,0.003,-0.001,0.001,5,-12.883,-47.954,26.564
2098.11301,3,4.315,8.702,-0.349,4,0.003,-0.002,-0.001,,,,
2098.16911,3,4.31,8.7,-0.354,4,0.001,-0.002,-0.002,5,-12.19,-49.284,28.183
2098.22447,3,4.308,8.692,-0.36,4,0.002,-0.002,-0.004,5,-12.875,-49.609,27.087
2098.28178,3,4.301,8.693,-0.354,4,0.001,-0.002,-0.005,5,-13.37,-49.658,28.438
2098.33985,3,4.296,8.688,-0.362,4,0,-0.003,-0.007,5,-11.917,-47.995,28.467
2098.39649,3,4.272,8.698,-0.358,4,0,-0.003,-0.009,5,-12.17,-49.24,27.04
2098.45289,3,4.267,8.697,-0.353,4,-0.001,-0.003,-0.01,5,-11.897,-49.347,27.031
2098.50962,3,4.26,8.708,-0.358,4,-0.001,-0.003,-0.011,,,,
2098.56559,3,4.253,8.716,-0.343,4,-0.001,-0.003,-0.012,5,-11.668,-48.463,26.666
2098.62086,3,4.227,8.725,-0.351,4,-0.002,-0.003,-0.013,5,-12.959,-49.248,27.043
2098.67747,3,4.21,8.739,-0.359,4,-0.002,-0.003,-0.014,5,-12.587,-49.184,28.23
2098.73469,3,4.188,8.753,-0.341,4,-0.002,-0.003,-0.014,5,-12.074,-47.964,26.981
2098.79264,3,4.15,8.767,-0.353,4,-0.003,-0.003,-0.015,5,-12.758,-48.608,28.221
2098.8494,3,4.131,8.782,-0.356,4,-0.002,-0.002,-0.015,5,-12.639,-48.088,28.473
2098.90595,3,4.122,8.788,-0.342,4,-0.002,-0.001,-0.014,,,,
2098.96247,3,4.113,8.801,-0.352,4,-0.002,-0.001,-0.014,5,-11.493,-50.089,27.64
2099.01859,3,4.093,8.798,-0.345,4,-0.001,0,-0.013,5,-11.36,-49.237,27.286
2099.07386,3,4.094,8.804,-0.349,4,-0.001,0.001,-0.012,5,-11.928,-49.26,28.441
2099.13117,3,4.089,8.806,-0.352,4,-0.001,0.002,-0.011,5,-11.844,-48.889,28.47
2099.18903,3,4.073,8.811,-0.34,4,0,0.003,-0.01,5,-12.354,-48.141,28.529
2099.24549,3,4.069,8.811,-0.341,4,0,0.003,-0.009,5,-11.818,-48.729,28.954
2099.30232,3,4.07,8.812,-0.343,4,0,0.005,-0.009,,,,
2099.35893,3,4.066,8.814,-0.325,4,0.001,0.005,-0.007,5,-12.454,-49.738,27.216
2099.41563,3,4.058,8.815,-0.339,4,0.001,0.006,-0.006,5,-11.595,-49.101,27.277
2099.47163,3,4.052,8.814,-0.343,4,0.002,0.007,-0.004,5,-11.208,-49.91,27.773
2099.52686,3,4.052,8.815,-0.328,4,0.003,0.008,-0.003,,,,
2099.58415,3,4.065,8.811,-0.337,4,0.003,0.008,-0.001,5,-11.842,-48.628,27.747
2099.64216,3,4.076,8.797,-0.335,4,0.004,0.009,0.001,5,-10.947,-49.261,27.019
2099.6981,3,4.09,8.79,-0.333,4,0.004,0.009,0.002,,,,
2099.75337,3,4.103,8.794,-0.345,4,0.005,0.009,0.003,5,-11.111,-50.433,26.318
2099.81065,3,4.1,8.793,-0.333,4,0.005,0.01,0.005,5,-11.7,-49.672,26.317
2099.86854,3,4.103,8.785,-0.343,4,0.005,0.01,0.006,5,-12.625,-49.599,27.222
2099.92497,3,4.105,8.784,-0.341,4,0.005,0.01,0.007,,,,
2099.98072,3,4.117,8.789,-0.341,4,0.005,0.01,0.008,5,-10.291,-49.077,27.08
2100.03718,3,4.136,8.789,-0.348,4,0.006,0.011,0.01,5,-12.259,-49.236,27.249
2100.09507,3,4.141,8.786,-0.339,4,0.005,0.011,0.01,,,,
2100.15165,3,4.152,8.778,-0.333,4,0.006,0.011,0.011,5,-12.666,-48.302,27.538
2100.20829,3,4.176,8.775,-0.386,4,0.006,0.011,0.012,5,-12.134,-49.007,27.444
2100.2649,3,4.187,8.784,-0.286,4,0.007,0.011,0.013,5,-11.221,-49.742,26.526
2100.32148,3,4.191,8.782,-0.326,4,0.006,0.011,0.013,,,,
2100.37754,3,4.231,8.783,-0.36,4,0.006,0.011,0.012,5,-12.259,-50.079,28.236
2100.43354,3,4.282,8.766,-0.333,4,0.007,0.011,0.012,5,-12.297,-47.903,27.112
2100.49137,3,4.29,8.763,-0.372,4,0.006,0.01,0.013,,,,
2100.54798,3,4.254,8.766,-0.333,4,0.008,0.009,0.012,5,-13.269,-48.131,28.294
2100.60471,3,4.27,8.765,-0.329,4,0.007,0.008,0.011,5,-11.685,-48.247,27.287
2100.66126,3,4.286,8.761,-0.365,4,0.007,0.007,0.01,5,-11.693,-49.078,27.357
2100.7172,3,4.305,8.746,-0.332,4,0.007,0.007,0.009,,,,
2100.77265,3,4.288,8.739,-0.355,4,0.007,0.005,0.009,5,-13.754,-49.034,27.67
2100.82929,3,4.283,8.735,-0.369,4,0.007,0.004,0.007,5,-12.828,-48.151,27.721
2100.88593,3,4.294,8.725,-0.341,4,0.007,0.004,0.006,,,,
2100.94318,3,4.298,8.716,-0.372,4,0.006,0.003,0.004,5,-11.244,-47.836,27.773
2101.00108,3,4.281,8.708,-0.365,4,0.006,0.003,0.003,5,-11.603,-48.853,27.824
2101.05773,3,4.28,8.711,-0.344,4,0.005,0.002,0.002,5,-12.643,-48.927,27.628
2101.11431,3,4.266,8.706,-0.376,4,0.005,0.002,0,,,,
2101.17034,3,4.27,8.695,-0.357,4,0.005,0.002,-0.001,5,-12.489,-49.042,28.278
2101.22569,3,4.266,8.7,-0.366,4,0.004,0.002,-0.002,5,-12.735,-49.188,27.156
2101.28295,3,4.248,8.704,-0.371,4,0.004,0.002,-0.003,5,-13.852,-48.271,28.271
2101.3402,3,4.24,8.704,-0.349,4,0.003,0.001,-0.004,5,-13.177,-49.084,28.419
2101.39623,3,4.229,8.715,-0.365,4,0.002,0.002,-0.005,5,-11.746,-48.941,28.716
2101.45421,3,4.238,8.724,-0.359,4,0.002,0.001,-0.006,5,-11.694,-48.102,27.409
2101.51091,3,4.234,8.726,-0.343,4,0.001,0.001,-0.007,,,,
2101.56764,3,4.241,8.731,-0.368,4,0.001,0.001,-0.008,5,-12.355,-48.241,27.257
2101.62343,3,4.248,8.735,-0.344,4,0.001,0.002,-0.008,5,-11.987,-49.319,27.747
2101.6787,3,4.241,8.743,-0.344,4,0.001,0.001,-0.009,5,-11.914,-47.932,27.257
2101.7361,3,4.243,8.744,-0.361,4,0,0.001,-0.01,5,-12.808,-48.47,28.493
2101.79402,3,4.241,8.749,-0.337,4,0,0,-0.011,5,-11.891,-48.88,27.065
2101.8503,3,4.23,8.759,-0.344,4,-0.001,-0.001,-0.011,5,-12.393,-49.432,27.303
2101.90724,3,4.222,8.764,-0.355,4,0,-0.001,-0.011,,,,
2101.96315,3,4.209,8.766,-0.333,4,-0.001,-0.001,-0.011,5,-12.357,-49.088,27.231
2102.01848,3,4.195,8.774,-0.357,4,-0.001,-0.002,-0.012,5,-11.984,-49.318,27.75
2102.07509,3,4.185,8.782,-0.346,4,-0.001,-0.002,-0.012,5,-11.957,-48.45,27.899
2102.13182,3,4.165,8.789,-0.333,4,-0.001,-0.002,-0.012,5,-12.152,-50.505,27.968
2102.18926,3,4.165,8.803,-0.341,4,-0.001,-0.003,-0.011,5,-12.035,-48.425,28.574
2102.24693,3,4.142,8.805,-0.331,4,-0.001,-0.003,-0.011,5,-12.642,-49.097,28.168
2102.30354,3,4.134,8.804,-0.334,4,-0.001,-0.003,-0.01,,,,
2102.36006,3,4.123,8.809,-0.345,4,0,-0.003,-0.009,5,-12.396,-49.553,27.307
2102.4167,3,4.115,8.801,-0.328,4,-0.001,-0.003,-0.009,5,-12.048,-48.949,27.821
2102.4735,3,4.104,8.798,-0.347,4,-0.001,-0.003,-0.008,5,-12.099,-48.856,27.351
2102.52947,3,4.096,8.798,-0.337,4,0,-0.003,-0.007,,,,
2102.58516,3,4.089,8.798,-0.337,4,0,-0.003,-0.005,5,-11.682,-49.318,26.122
2102.64287,3,4.085,8.799,-0.349,4,0,-0.002,-0.004,5,-12.083,-48.373,26.984
2102.70003,3,4.078,8.796,-0.34,4,0,-0.002,-0.003,,,,
2102.75646,3,4.089,8.794,-0.342,4,-0.001,-0.002,-0.002,5,-10.567,-49.246,27.116
2102.81227,3,4.081,8.796,-0.348,4,-0.001,-0.002,-0.001,5,-11.214,-49.016,25.653
2102.868,3,4.077,8.796,-0.329,4,-0.001,-0.001,0,5,-11.348,-48.473,26.578
2102.92449,3,4.08,8.793,-0.344,4,-0.001,-0.001,0.002,,,,
2102.98171,3,4.079,8.793,-0.343,4,-0.001,-0.001,0.003,5,-11.711,-50.354,27.383
2103.0396,3,4.091,8.792,-0.336,4,-0.001,-0.001,0.004,5,-11.885,-48.37,27.625
2103.0956,3,4.088,8.787,-0.342,4,-0.001,0,0.006,,,,
2103.15099,3,4.094,8.783,-0.34,4,-0.001,-0.001,0.007,5,-11.658,-49.005,26.125
2103.20763,3,4.095,8.778,-0.337,4,-0.001,-0.001,0.008,5,-11.365,-48.566,27.464
2103.26491,3,4.1,8.77,-0.349,4,-0.002,0,0.009,5,-11.824,-49.124,26.534
2103.32222,3,4.106,8.765,-0.333,4,-0.001,-0.001,0.01,,,,
2103.37752,3,4.109,8.766,-0.341,4,-0.002,-0.001,0.011,5,-12.759,-48.883,28.156
2103.43477,3,4.118,8.766,-0.341,4,-0.002,0,0.012,5,-12.013,-48.38,26.486
2103.49269,3,4.126,8.761,-0.332,4,-0.003,0,0.012,,,,
2103.54936,3,4.136,8.762,-0.339,4,-0.003,0,0.013,5,-12.315,-48.749,27.303
2103.60585,3,4.14,8.766,-0.324,4,-0.002,0,0.013,5,-12.627,-48.538,28.075
2103.66207,3,4.155,8.773,-0.325,4,-0.001,0,0.014,5,-12.097,-47.992,28.54
2103.71779,3,4.164,8.774,-0.332,4,-0.002,0,0.014,,,,
2103.77388,3,4.188,8.775,-0.32,4,0,0,0.014,5,-11.786,-48.166,27.6
2103.83113,3,4.207,8.787,-0.33,4,-0.001,0,0.013,5,-12.552,-48.81,26.286
2103.88902,3,4.226,8.794,-0.323,4,-0.001,-0.001,0.014,,,,
2103.94563,3,4.231,8.791,-0.314,4,0,-0.001,0.013,5,-13.522,-48.914,27.632
2104.00231,3,4.241,8.799,-0.325,4,0.001,-0.001,0.013,5,-13.017,-49.113,27.673
2104.05892,3,4.244,8.801,-0.317,4,0.002,-0.002,0.012,5,-12.146,-48.224,27.094
2104.11485,3,4.246,8.802,-0.317,4,0.003,-0.003,0.012,,,,
2104.17027,3,4.238,8.8,-0.331,4,0.003,-0.003,0.011,5,-11.812,-49.184,26.79
2104.22688,3,4.239,8.793,-0.329,4,0.004,-0.004,0.011,5,-13.008,-48.016,28.091
2104.28349,3,4.238,8.778,-0.351,4,0.004,-0.004,0.011,5,-12.505,-48.637,26.52
2104.34078,3,4.234,8.771,-0.341,4,0.004,-0.004,0.01,5,-13.077,-48.152,27.266
2104.39867,3,4.24,8.76,-0.348,4,0.004,-0.004,0.009,5,-13.368,-48.738,28.58
2104.45534,3,4.232,8.754,-0.37,4,0.004,-0.004,0.009,5,-12.663,-49.426,29.301
2104.51192,3,4.235,8.734,-0.363,4,0.005,-0.003,0.008,,,,
2104.56783,3,4.244,8.73,-0.367,4,0.004,-0.002,0.007,5,-12.703,-49.826,27.458
2104.62328,3,4.227,8.718,-0.37,4,0.003,-0.002,0.006,5,-12.03,-49.04,26.857
2104.68059,3,4.228,8.713,-0.358,4,0.003,-0.001,0.005,5,-13.258,-49.615,27.499
2104.73851,3,4.223,8.72,-0.37,4,0.003,-0.001,0.004,5,-13.261,-49.298,27.722
2104.79509,3,4.224,8.715,-0.365,4,0.002,0,0.003,5,-12.474,-49.71,27.835
2104.85167,3,4.211,8.72,-0.358,4,0.001,0.001,0.002,5,-12.627,-50.809,27.917
2104.9084,3,4.214,8.728,-0.354,4,0.002,0.002,0.001,,,,
2104.96437,3,4.201,8.736,-0.347,4,0.001,0.003,0,5,-11.79,-48.07,26.468
2105.01967,3,4.221,8.737,-0.342,4,0.001,0.003,-0.001,5,-12.437,-47.926,28.174
2105.07628,3,4.229,8.743,-0.349,4,0.002,0.005,-0.002,5,-13.029,-48.659,27.783
2105.13356,3,4.246,8.74,-0.335,4,0.002,0.005,-0.002,5,-11.905,-47.864,26.947
2105.19151,3,4.254,8.74,-0.339,4,0.003,0.006,-0.004,5,-11.923,-48.216,28.218
2105.24816,3,4.262,8.749,-0.345,4,0.003,0.007,-0.005,5,-12.3,-48.695,27.335
2105.30477,3,4.264,8.753,-0.343,4,0.003,0.007,-0.006,,,,
2105.36131,3,4.278,8.755,-0.342,4,0.003,0.007,-0.007,5,-13.04,-48.997,27.901
2105.41774,3,4.285,8.756,-0.343,4,0.004,0.007,-0.008,5,-12.817,-48.318,27.702
2105.47383,3,4.277,8.763,-0.336,4,0.004,0.006,-0.01,5,-12.52,-48.836,27.008
2105.52931,3,4.273,8.763,-0.348,4,0.004,0.006,-0.01,5,-12.688,-48.367,26.437
2105.58614,3,4.259,8.763,-0.349,4,0.005,0.006,-0.011,5,-12.271,-48.599,27.081
2105.64369,3,4.246,8.762,-0.348,4,0.005,0.005,-0.012,5,-13.731,-48.978,27.26
2105.70058,3,4.217,8.77,-0.349,4,0.005,0.005,-0.013,,,,
2105.75646,3,4.186,8.773,-0.351,4,0.004,0.004,-0.013,5,-12.593,-48.27,28.526
2105.81438,3,4.167,8.77,-0.353,4,0.004,0.005,-0.013,5,-11.676,-49.118,26.964
2105.87111,3,4.15,8.765,-0.351,4,0.004,0.006,-0.014,5,-10.475,-48.52,26.164
2105.92705,3,4.151,8.756,-0.358,4,0.004,0.006,-0.013,,,,
2105.98296,3,4.14,8.751,-0.353,4,0.003,0.007,-0.014,5,-10.144,-49.904,27.127
2106.04079,3,4.136,8.752,-0.35,4,0.003,0.008,-0.013,5,-10.898,-49.309,26.189
2106.09743,3,4.128,8.743,-0.357,4,0.002,0.008,-0.013,,,,
2106.15434,3,4.137,8.744,-0.352,4,0.002,0.008,-0.013,5,-10.826,-49.5,27.585
2106.21086,3,4.121,8.756,-0.349,4,0.001,0.01,-0.012,5,-12.164,-49.242,26.653
2106.26683,3,4.125,8.749,-0.355,4,0.001,0.01,-0.012,5,-11.823,-49.577,26.985
2106.3221,3,4.106,8.763,-0.345,4,0,0.01,-0.012,,,,
2106.37938,3,4.1,8.773,-0.345,4,-0.001,0.01,-0.012,5,-12.895,-48.541,27.618
2106.4373,3,4.098,8.777,-0.344,4,0,0.01,-0.011,5,-11.674,-48.605,28.178
2106.49321,3,4.108,8.786,-0.326,4,0,0.01,-0.01,,,,
2106.5486,3,4.105,8.794,-0.317,4,0,0.009,-0.009,5,-11.934,-48.756,27.124
2106.60594,3,4.112,8.799,-0.313,4,0.001,0.009,-0.007,5,-11.996,-49.2,27.167
2106.66393,3,4.108,8.805,-0.298,4,0.001,0.008,-0.005,5,-12,-49.339,26.259
2106.72041,3,4.108,8.804,-0.305,4,0.001,0.007,-0.004,,,,
2106.77693,3,4.125,8.787,-0.306,4,0.001,0.005,-0.001,5,-12.143,-49.123,27.316
2106.83351,3,4.121,8.782,-0.313,4,0.001,0.003,0.001,5,-12.471,-48.235,28.354
2106.89031,3,4.124,8.786,-0.323,4,0.001,0.001,0.003,,,,
2106.94692,3,4.119,8.779,-0.337,4,0,0,0.004,5,-11.414,-48.766,26.642
2107.0034,3,4.121,8.78,-0.352,4,0,-0.002,0.006,5,-11.87,-48.099,27.885
2107.06004,3,4.1,8.785,-0.349,4,0,-0.003,0.008,5,-10.855,-49.37,28.268
2107.11678,3,4.095,8.786,-0.345,4,-0.001,-0.004,0.009,,,,
2107.17272,3,4.098,8.796,-0.357,4,-0.001,-0.004,0.01,5,-12.556,-49.821,27.867
2107.22811,3,4.104,8.798,-0.351,4,-0.002,-0.004,0.011,5,-11.935,-49.223,27.023
2107.28539,3,4.116,8.804,-0.341,4,-0.002,-0.005,0.011,,,,
2107.34328,3,4.109,8.812,-0.353,4,-0.002,-0.005,0.012,5,-11.935,-48.331,28.595
2107.39922,3,4.112,8.809,-0.341,4,-0.001,-0.004,0.013,5,-12.488,-48.082,27.574
2107.45522,3,4.118,8.811,-0.345,4,-0.001,-0.004,0.013,5,-12.556,-48.151,27.702
2107.51308,3,4.146,8.808,-0.347,4,0,-0.004,0.013,,,,
2107.56908,3,4.156,8.804,-0.34,4,0.001,-0.003,0.014,5,-13.374,-49.332,27.287
2107.62505,3,4.17,8.802,-0.337,4,0,-0.003,0.013,5,-11.998,-49.17,27.338
2107.68221,3,4.188,8.793,-0.34,4,0.001,-0.003,0.013,5,-12.143,-49.44,27.666
2107.73842,3,4.194,8.794,-0.338,4,0.001,-0.002,0.013,5,-13.387,-48.175,27.573
2107.79631,3,4.195,8.788,-0.349,4,0.001,-0.003,0.012,5,-12.085,-49.257,27.336
2107.85271,3,4.212,8.777,-0.342,4,0.001,-0.003,0.012,5,-12.759,-49.213,27.205
2107.9092,3,4.216,8.778,-0.349,4,0.001,-0.003,0.011,,,,
2107.9655,3,4.225,8.772,-0.35,4,0.001,-0.003,0.01,5,-11.292,-49.759,27.139
2108.02089,3,4.238,8.76,-0.352,4,0.001,-0.003,0.01,5,-12.889,-48.392,27.733
2108.0775,3,4.226,8.759,-0.361,4,0.001,-0.003,0.009,5,-12.975,-49.121,27.936
2108.13466,3,4.234,8.753,-0.353,4,0.001,-0.003,0.008,5,-12.685,-48.57,27.704
2108.19252,3,4.223,8.758,-0.352,4,0.001,-0.004,0.007,5,-13.144,-49.255,27.966
2108.24959,3,4.23,8.755,-0.363,4,0,-0.003,0.005,5,-11.804,-48.219,28.696
2108.30605,3,4.227,8.751,-0.349,4,0,-0.003,0.004,,,,
2108.36272,3,4.223,8.755,-0.355,4,0,-0.003,0.002,5,-14.381,-47.716,28.13
2108.41869,3,4.234,8.75,-0.355,4,0,-0.002,0.001,5,-11.67,-47.81,27.025
2108.47389,3,4.228,8.747,-0.348,4,-0.001,-0.002,-0.001,5,-12.454,-46.904,27.692
2108.53121,3,4.225,8.759,-0.353,4,0,-0.001,-0.002,5,-12.576,-49.416,27.84
2108.58922,3,4.217,8.769,-0.349,4,0.001,-0.001,-0.003,5,-11.993,-49.568,28.223
2108.64577,3,4.209,8.774,-0.35,4,0.001,-0.001,-0.005,5,-11.98,-49.26,26.962
2108.70235,3,4.203,8.778,-0.346,4,0.001,0,-0.006,,,,
2108.7589,3,4.191,8.786,-0.347,4,0.002,0,-0.007,5,-13.077,-49.025,28.036
2108.81468,3,4.177,8.788,-0.343,4,0.001,0.001,-0.008,5,-12.849,-49.069,27.428
2108.87032,3,4.166,8.79,-0.352,4,0.003,0.001,-0.009,5,-12.045,-49.309,27.214
2108.92693,3,4.156,8.788,-0.341,4,0.003,0.001,-0.009,,,,
2108.98406,3,4.148,8.787,-0.347,4,0.003,0.002,-0.01,5,-12.054,-49.521,26.013
2109.04189,3,4.149,8.782,-0.355,4,0.003,0.002,-0.01,5,-12.686,-50.014,25.417
2109.09883,3,4.146,8.769,-0.355,4,0.004,0.003,-0.01,,,,
2109.15556,3,4.141,8.76,-0.357,4,0.004,0.003,-0.01,5,-10.568,-49.521,27.026
2109.21205,3,4.141,8.757,-0.358,4,0.003,0.003,-0.01,5,-12.691,-49.875,27.431
2109.26781,3,4.137,8.747,-0.353,4,0.003,0.004,-0.011,5,-12.144,-49.069,28.78
2109.32329,3,4.138,8.742,-0.372,4,0.003,0.004,-0.01,,,,
2109.38054,3,4.136,8.743,-0.359,4,0.002,0.004,-0.011,5,-12.355,-48.019,27.177
2109.43858,3,4.135,8.739,-0.361,4,0.001,0.004,-0.01,5,-12.973,-48.299,27.173
2109.49532,3,4.128,8.741,-0.367,4,0.001,0.004,-0.01,,,,
2109.55177,3,4.124,8.748,-0.357,4,0,0.004,-0.01,5,-11.407,-48.929,27.409
2109.60857,3,4.12,8.751,-0.358,4,-0.001,0.004,-0.009,5,-11.31,-48.557,27.322
2109.66441,3,4.114,8.751,-0.355,4,-0.001,0.004,-0.009,5,-11.52,-49.06,27.274
2109.71968,3,4.111,8.757,-0.352,4,-0.002,0.004,-0.008,,,,
2109.77632,3,4.109,8.764,-0.356,4,-0.002,0.004,-0.008,5,-12.228,-48.613,28.772
2109.83357,3,4.112,8.777,-0.348,4,-0.003,0.004,-0.007,5,-11.618,-49.524,26.988
2109.89086,3,4.105,8.785,-0.344,4,-0.003,0.004,-0.007,,,,
2109.94618,3,4.104,8.79,-0.348,4,-0.003,0.003,-0.006,5,-10.938,-49.176,26.474
2110.00343,3,4.104,8.798,-0.332,4,-0.003,0.003,-0.005,5,-11.909,-49.062,27.669
2110.0613,3,4.101,8.817,-0.331,4,-0.004,0.003,-0.004,5,-12.895,-48.769,27.237
2110.11788,3,4.097,8.82,-0.33,4,-0.004,0.003,-0.003,,,,
2110.17403,3,4.091,8.83,-0.324,4,-0.004,0.003,-0.003,5,-11.876,-48.201,28.204
2110.22991,3,4.098,8.841,-0.318,4,-0.003,0.002,-0.002,5,-11.938,-50.012,28.348
2110.28777,3,4.096,8.848,-0.312,4,-0.002,0.002,-0.001,,,,
2110.34447,3,4.099,8.849,-0.313,4,-0.002,0.002,0,5,-11.774,-47.818,27.267
2110.40108,3,4.1,8.854,-0.313,4,-0.002,0.001,0.001,5,-13.004,-49.345,27.072
2110.45772,3,4.101,8.854,-0.305,4,-0.001,0.001,0.003,5,-12.244,-48.984,27.007
2110.51427,3,4.099,8.851,-0.313,4,0,0,0.003,,,,
2110.57036,3,4.093,8.848,-0.317,4,0.001,0,0.005,5,-11.966,-49.422,28.011
2110.62605,3,4.095,8.838,-0.317,4,0.003,-0.001,0.007,5,-12.114,-48.117,27.676
2110.68364,3,4.1,8.829,-0.316,4,0.002,-0.002,0.008,5,-11.494,-48.909,27.295
2110.74089,3,4.104,8.825,-0.326,4,0.003,-0.003,0.009,5,-12.779,-49.159,27.826
2110.79747,3,4.112,8.802,-0.331,4,0.004,-0.003,0.01,5,-12.091,-49.46,27.069
2110.85399,3,4.117,8.79,-0.336,4,0.004,-0.003,0.011,5,-12.126,-49.77,27.277
2110.91069,3,4.121,8.785,-0.343,4,0.004,-0.004,0.012,,,,
2110.96675,3,4.125,8.772,-0.341,4,0.004,-0.004,0.013,5,-12.682,-48.413,28.345
2111.0226,3,4.139,8.767,-0.353,4,0.003,-0.004,0.013,5,-12.708,-49.356,27.736
2111.07977,3,4.156,8.761,-0.352,4,0.003,-0.005,0.013,5,-11.201,-50.697,26.752
2111.13598,3,4.168,8.756,-0.357,4,0.002,-0.005,0.013,5,-11.845,-48.351,29.454
2111.19397,3,4.179,8.751,-0.362,4,0.002,-0.005,0.013,5,-12.411,-48.599,28.343
2111.25067,3,4.186,8.75,-0.365,4,0.001,-0.006,0.013,5,-12.172,-48.834,28.072
2111.30728,3,4.182,8.751,-0.356,4,-0.001,-0.006,0.013,,,,
2111.36325,3,4.18,8.751,-0.357,4,-0.001,-0.006,0.013,5,-12.338,-48.517,28.676
2111.41851,3,4.183,8.748,-0.354,4,-0.001,-0.006,0.012,5,-12.131,-49.254,28.694
2111.47512,3,4.19,8.749,-0.353,4,-0.002,-0.005,0.011,5,-12.164,-49.487,26.469
2111.53231,3,4.204,8.75,-0.349,4,-0.002,-0.004,0.01,5,-12.166,-47.658,28.534
2111.58969,3,4.219,8.741,-0.347,4,-0.003,-0.004,0.01,5,-11.908,-49.292,29.343
2111.64596,3,4.228,8.748,-0.341,4,-0.003,-0.004,0.009,5,-12.787,-49.001,28.183
2111.703,3,4.234,8.753,-0.341,4,-0.003,-0.004,0.008,,,,
2111.75897,3,4.237,8.762,-0.337,4,-0.003,-0.004,0.006,5,-11.948,-47.949,27.744
2111.81625,3,4.236,8.763,-0.329,4,-0.003,-0.004,0.005,5,-12.422,-48.735,27.034
2111.87219,3,4.23,8.767,-0.335,4,-0.003,-0.004,0.004,5,-11.598,-49.428,26.326
2111.93017,3,4.226,8.78,-0.322,4,-0.003,-0.005,0.002,5,-13.515,-49.188,27.313
2111.98672,3,4.236,8.782,-0.331,4,-0.003,-0.005,0.001,5,-11.761,-49.992,26.952
2112.04336,3,4.231,8.774,-0.329,4,-0.002,-0.005,0,5,-12.671,-49.417,26.825
2112.10003,3,4.231,8.781,-0.327,4,-0.002,-0.005,-0.001,,,,
2112.15594,3,4.231,8.78,-0.334,4,-0.001,-0.006,-0.002,5,-12.743,-50.594,26.32
2112.21127,3,4.228,8.774,-0.333,4,-0.001,-0.007,-0.003,5,-12.251,-50.009,26.775
2112.26788,3,4.22,8.774,-0.338,4,-0.001,-0.007,-0.004,5,-12.862,-50.249,27.22
2112.3251,3,4.211,8.769,-0.341,4,-0.001,-0.007,-0.005,,,,
2112.38293,3,4.197,8.774,-0.341,4,-0.001,-0.007,-0.005,5,-12.541,-49.596,27.737
2112.43969,3,4.184,8.768,-0.35,4,-0.001,-0.008,-0.007,5,-12.587,-49.243,26.079
2112.4963,3,4.156,8.769,-0.349,4,-0.001,-0.007,-0.007,,,,
2112.55301,3,4.136,8.77,-0.348,4,-0.001,-0.007,-0.008,5,-13.025,-48.817,27.75
2112.60971,3,4.123,8.766,-0.353,4,-0.002,-0.007,-0.008,5,-12.759,-48.811,27.306
2112.66629,3,4.105,8.773,-0.362,4,-0.001,-0.006,-0.007,5,-11.89,-48.824,27.979
2112.72226,3,4.092,8.764,-0.361,4,-0.002,-0.006,-0.008,,,,
2112.77826,3,4.078,8.773,-0.353,4,-0.002,-0.004,-0.008,5,-12.413,-48.442,27.605
2112.83639,3,4.068,8.774,-0.354,4,-0.002,-0.003,-0.007,5,-11.023,-49.922,28.349
2112.89297,3,4.067,8.78,-0.35,4,-0.002,-0.002,-0.007,,,,
2112.94952,3,4.068,8.787,-0.349,4,-0.001,-0.001,-0.007,5,-11.856,-49.448,27.745
2113.00549,3,4.072,8.794,-0.344,4,-0.001,0,-0.007,5,-12.177,-49.411,27.299
2113.06124,3,4.075,8.797,-0.339,4,-0.001,0.001,-0.006,5,-10.907,-49.68,25.61
2113.1184,3,4.084,8.807,-0.331,4,-0.001,0.002,-0.006,,,,
2113.17392,3,4.099,8.81,-0.333,4,0,0.003,-0.005,5,-12.195,-50.139,27.597
2113.23086,3,4.1,8.819,-0.329,4,0,0.003,-0.005,5,-12.068,-49.464,27.293
2113.28778,3,4.106,8.82,-0.333,4,0.001,0.004,-0.005,,,,
2113.34381,3,4.107,8.826,-0.327,4,0.001,0.004,-0.004,5,-11.093,-49.493,28.352
2113.40112,3,4.108,8.831,-0.323,4,0.001,0.004,-0.004,5,-11.255,-49.86,27.687
2113.45843,3,4.112,8.831,-0.325,4,0.002,0.005,-0.003,5,-12.697,-49.367,28.308
2113.5137,3,4.11,8.822,-0.333,4,0.003,0.005,-0.003,,,,
2113.57031,3,4.113,8.826,-0.336,4,0.003,0.005,-0.002,5,-12.096,-48.204,28.79
2113.62747,3,4.126,8.821,-0.329,4,0.003,0.005,-0.001,5,-12.511,-49.759,26.692
2113.68533,3,4.122,8.814,-0.341,4,0.004,0.004,-0.001,,,,
2113.74212,3,4.132,8.806,-0.343,4,0.004,0.004,0,5,-12.486,-49.376,27.94
2113.7987,3,4.14,8.798,-0.339,4,0.003,0.004,0.001,5,-11.687,-49.915,27.863
2113.8554,3,4.136,8.794,-0.349,4,0.003,0.004,0.001,5,-11.919,-48.807,27.609
2113.91183,3,4.134,8.782,-0.345,4,0.003,0.004,0.001,,,,
2113.96765,3,4.129,8.782,-0.35,4,0.003,0.003,0.002,5,-12.253,-50.262,27.046
2114.02334,3,4.115,8.775,-0.348,4,0.002,0.003,0.002,5,-12.648,-49.925,28.067
2114.08062,3,4.114,8.777,-0.338,4,0.002,0.003,0.002,5,-10.719,-49.017,26.247
2114.13861,3,4.105,8.773,-0.349,4,0.001,0.003,0.003,5,-11.81,-49.405,26.863
2114.19522,3,4.093,8.774,-0.349,4,0.001,0.003,0.003,5,-11.729,-48.227,28.151
2114.25174,3,4.081,8.775,-0.344,4,0.001,0.003,0.003,5,-10.986,-50.484,25.911
2114.30856,3,4.087,8.777,-0.345,4,0.001,0.004,0.004,,,,
2114.36447,3,4.085,8.782,-0.341,4,0,0.004,0.004,5,-11.543,-49.115,28.772
2114.4197,3,4.094,8.786,-0.346,4,0,0.004,0.005,5,-12.524,-48.218,27.603
2114.47631,3,4.106,8.789,-0.324,4,0,0.004,0.005,5,-12.86,-48.846,27.039
2114.53353,3,4.112,8.79,-0.325,4,0.001,0.004,0.006,5,-11.655,-48.248,28.493
2114.59137,3,4.122,8.795,-0.33,4,0.001,0.005,0.006,5,-10.204,-47.963,27.573
2114.64813,3,4.139,8.803,-0.319,4,0.001,0.005,0.006,5,-12.32,-48.003,27.576
2114.70474,3,4.148,8.81,-0.325,4,0.002,0.005,0.007,,,,
2114.76144,3,4.165,8.808,-0.318,4,0.002,0.004,0.007,5,-12.332,-49.225,27.579
2114.81747,3,4.181,8.806,-0.321,4,0.002,0.004,0.007,5,-11.301,-49.207,27.245
2114.87274,3,4.185,8.808,-0.32,4,0.004,0.003,0.006,5,-12.473,-47.629,28.441
2114.93005,3,4.191,8.804,-0.325,4,0.004,0.003,0.007,5,-12.094,-48.601,27.258
2114.98791,3,4.199,8.802,-0.332,4,0.005,0.003,0.006,5,-12.613,-48.764,27.153
2115.04434,3,4.199,8.793,-0.337,4,0.005,0.002,0.006,5,-13.611,-48.93,29.167
2115.1011,3,4.206,8.789,-0.341,4,0.005,0.002,0.005,,,,
2115.15783,3,4.203,8.784,-0.348,4,0.005,0.001,0.005,5,-11.31,-48.28,28.006
2115.21395,3,4.209,8.776,-0.343,4,0.005,0.001,0.004,5,-11.407,-48.982,27.528
2115.26971,3,4.205,8.77,-0.353,4,0.005,0,0.004,5,-11.659,-50.035,27.139
2115.32696,3,4.211,8.762,-0.361,4,0.005,0,0.003,,,,
2115.38263,3,4.206,8.759,-0.357,4,0.004,0,0.002,5,-13.228,-48.257,28.229
2115.44015,3,4.194,8.757,-0.363,4,0.003,-0.001,0.002,5,-13.445,-47.502,26.973
2115.49755,3,4.199,8.754,-0.364,4,0.003,-0.001,0.001,,,,
2115.55352,3,4.193,8.746,-0.363,4,0.003,-0.001,0,5,-11.539,-49.658,27.461
2115.6094,3,4.177,8.752,-0.365,4,0.002,-0.001,0,5,-12.367,-49.408,26.891
2115.66659,3,4.17,8.756,-0.358,4,0.002,-0.001,-0.001,5,-12.761,-49.614,27.15
2115.72274,3,4.171,8.755,-0.358,4,0.001,-0.001,-0.002,,,,
2115.78045,3,4.16,8.757,-0.356,4,0,-0.001,-0.001,5,-11.85,-48.819,26.95
2115.83691,3,4.157,8.763,-0.351,4,0,-0.001,-0.001,5,-12.39,-48.744,27.58
2115.89401,3,4.153,8.768,-0.35,4,-0.001,-0.001,-0.002,,,,
2115.95004,3,4.152,8.774,-0.357,4,-0.001,-0.001,-0.002,5,-10.814,-48.212,26.498
2116.00622,3,4.156,8.769,-0.344,4,-0.001,-0.001,-0.002,5,-10.608,-49.396,26.424
2116.0639,3,4.151,8.775,-0.346,4,0,-0.001,-0.002,5,-11.322,-49.605,26.117
2116.11981,3,4.151,8.77,-0.345,4,-0.001,-0.002,-0.002,,,,
2116.17514,3,4.149,8.774,-0.349,4,0,-0.001,-0.002,5,-10.965,-49.825,26.736
2116.23227,3,4.148,8.773,-0.351,4,-0.001,-0.001,-0.002,5,-10.35,-48.969,26.193
2116.29007,3,4.145,8.771,-0.344,4,-0.001,-0.002,-0.002,,,,
2116.34701,3,4.145,8.776,-0.354,4,-0.001,-0.002,-0.002,5,-12.126,-49.86,28
2116.40368,3,4.147,8.771,-0.35,4,0,-0.003,-0.002,5,-12.267,-49.413,27.8
2116.46017,3,4.151,8.768,-0.352,4,-0.001,-0.003,-0.001,5,-11.853,-49.738,28.055
2116.51614,3,4.141,8.776,-0.356,4,-0.001,-0.003,-0.001,,,,
2116.57153,3,4.149,8.775,-0.349,4,-0.001,-0.004,-0.001,5,-12.068,-48.518,27.705
2116.62875,3,4.144,8.777,-0.354,4,-0.001,-0.004,-0.001,5,-10.963,-48.985,28.612
2116.68661,3,4.136,8.775,-0.356,4,-0.001,-0.004,-0.001,,,,
2116.74267,3,4.131,8.774,-0.348,4,-0.002,-0.005,0,5,-13.258,-48.354,27.397
2116.79861,3,4.132,8.777,-0.355,4,-0.002,-0.005,0,5,-12.726,-49.033,27.888
2116.85647,3,4.132,8.784,-0.354,4,-0.002,-0.005,0,5,-11.716,-49.309,27.179
2116.91308,3,4.129,8.793,-0.353,4,-0.003,-0.005,0,,,,
2116.96914,3,4.122,8.791,-0.354,4,-0.004,-0.005,0,5,-11.763,-48.996,26.538
2117.02453,3,4.128,8.798,-0.345,4,-0.003,-0.005,0,5,-12.459,-48.962,26.483
2117.08178,3,4.121,8.804,-0.347,4,-0.004,-0.005,0.001,5,-11.842,-48.883,27.002
2117.13967,3,4.122,8.816,-0.346,4,-0.004,-0.005,0.001,5,-11.49,-49.829,28.387
2117.19561,3,4.122,8.82,-0.337,4,-0.003,-0.004,0.001,5,-11.88,-49.498,27.629
2117.25167,3,4.122,8.821,-0.335,4,-0.004,-0.005,0.002,5,-11.668,-47.998,28.624
2117.30957,3,4.121,8.826,-0.341,4,-0.002,-0.004,0.002,,,,
2117.36557,3,4.121,8.822,-0.335,4,-0.003,-0.004,0.002,5,-12.775,-49.081,28.87
2117.42175,3,4.128,8.825,-0.342,4,-0.002,-0.004,0.003,5,-11.911,-48.701,27.281
2117.47995,3,4.128,8.815,-0.337,4,-0.002,-0.004,0.004,5,-9.946,-50.537,27.574
2117.53619,3,4.127,8.808,-0.334,4,-0.002,-0.004,0.004,5,-12.074,-49.471,27.44
2117.59277,3,4.13,8.797,-0.343,4,-0.001,-0.004,0.004,5,-12.006,-49.182,28.322
2117.64907,3,4.132,8.795,-0.341,4,-0.001,-0.004,0.005,5,-12.43,-49.326,28.348
2117.70541,3,4.131,8.791,-0.34,4,-0.001,-0.004,0.005,,,,
2117.76294,3,4.129,8.784,-0.347,4,-0.001,-0.004,0.005,5,-11.278,-49.724,26.985
2117.8186,3,4.134,8.78,-0.345,4,-0.002,-0.004,0.005,5,-12.653,-48.845,27.699
2117.87423,3,4.136,8.77,-0.343,4,-0.001,-0.005,0.005,5,-11.691,-48.718,27.896
2117.93179,3,4.132,8.771,-0.343,4,-0.002,-0.005,0.006,5,-11.629,-49.368,28.044
2117.98916,3,4.125,8.776,-0.345,4,-0.001,-0.005,0.006,5,-12.096,-48.238,27.956
2118.04583,3,4.117,8.772,-0.345,4,-0.001,-0.005,0.007,5,-11.517,-48.83,27.318
2118.10232,3,4.117,8.773,-0.342,4,-0.001,-0.005,0.007,,,,
2118.1589,3,4.116,8.769,-0.347,4,-0.001,-0.005,0.007,5,-11.987,-49.448,27.295
2118.21499,3,4.118,8.772,-0.349,4,-0.002,-0.004,0.007,5,-12.282,-49.307,27.115
2118.27032,3,4.12,8.767,-0.346,4,-0.002,-0.004,0.007,5,-12.169,-50.194,27.293
2118.3276,3,4.124,8.767,-0.348,4,-0.002,-0.004,0.007,5,-12.274,-49.281,27.411
2118.38546,3,4.127,8.767,-0.348,4,-0.001,-0.003,0.007,5,-11.621,-49.742,27.878
2118.44204,3,4.139,8.775,-0.341,4,-0.001,-0.003,0.007,5,-12.379,-48.026,26.878
2118.49878,3,4.147,8.776,-0.348,4,-0.001,-0.002,0.006,,,,
2118.55566,3,4.15,8.783,-0.343,4,-0.001,-0.002,0.006,5,-12.128,-49.005,28.017
2118.61151,3,4.157,8.794,-0.34,4,-0.001,-0.001,0.005,5,-13.232,-49.277,28.273
2118.66671,3,4.161,8.807,-0.338,4,-0.001,-0.001,0.005,5,-12.602,-49.185,27.322
2118.72332,3,4.165,8.811,-0.336,4,0,0,0.004,,,,
2118.7806,3,4.16,8.824,-0.335,4,0,0,0.004,5,-12.978,-48.521,27.597
2118.83862,3,4.16,8.824,-0.334,4,0.001,0.001,0.004,5,-13.173,-48.465,28.049
2118.89532,3,4.169,8.831,-0.326,4,0.001,0.001,0.003,,,,
2118.95193,3,4.175,8.833,-0.338,4,0.002,0.001,0.003,5,-11.389,-49.446,27.406
2119.0083,3,4.179,8.827,-0.331,4,0.002,0.002,0.003,5,-11.484,-49.751,27.003
2119.06424,3,4.181,8.829,-0.334,4,0.003,0.002,0.002,5,-10.498,-50.163,26.262
2119.11975,3,4.193,8.817,-0.335,4,0.004,0.002,0.002,,,,
2119.17703,3,4.184,8.812,-0.327,4,0.004,0.002,0.002,5,-10.588,-50.076,25.917
2119.23492,3,4.194,8.801,-0.333,4,0.005,0.002,0.001,5,-10.472,-49.721,25.958
2119.2915,3,4.195,8.789,-0.334,4,0.005,0.002,0.001,,,,
2119.34814,3,4.187,8.778,-0.337,4,0.005,0.002,0,5,-12.231,-48.875,27.303
2119.40487,3,4.175,8.767,-0.346,4,0.005,0.002,0,5,-11.438,-49.651,27.498
2119.46148,3,4.17,8.757,-0.336,4,0.006,0.001,-0.001,5,-10.513,-50.752,27.296
2119.51739,3,4.16,8.752,-0.346,4,0.005,0.001,-0.001,,,,
2119.57275,3,4.154,8.744,-0.36,4,0.005,0.001,-0.002,5,-11.971,-50.214,27.545
2119.62997,3,4.139,8.747,-0.346,4,0.005,0.001,-0.002,5,-11.502,-48.418,27.008
2119.68777,3,4.127,8.743,-0.349,4,0.004,0.001,-0.003,,,,
2119.74441,3,4.123,8.743,-0.35,4,0.004,0.002,-0.003,5,-10.959,-48.943,27.202
2119.80111,3,4.123,8.737,-0.349,4,0.004,0.002,-0.003,5,-11.984,-49.371,27.005
2119.85775,3,4.109,8.744,-0.37,4,0.003,0.003,-0.004,5,-12.59,-49.19,28.049
2119.91369,3,4.118,8.751,-0.357,4,0.003,0.003,-0.003,,,,
2119.96914,3,4.116,8.753,-0.353,4,0.002,0.004,-0.004,5,-12.746,-49.243,28.543
2120.02639,3,4.118,8.763,-0.362,4,0.002,0.005,-0.004,5,-11.826,-49.016,28.242
2120.08392,3,4.124,8.772,-0.349,4,0.001,0.005,-0.004,5,-12.756,-49.641,27.602
2120.13958,3,4.116,8.779,-0.361,4,0.001,0.006,-0.004,5,-12.189,-49.425,27.699
2120.19635,3,4.124,8.781,-0.353,4,0.001,0.006,-0.004,5,-11.488,-49.603,27.4
2120.25433,3,4.134,8.789,-0.343,4,0.001,0.006,-0.004,,,,
2120.31076,3,4.132,8.792,-0.35,4,0.001,0.006,-0.003,5,-11.665,-48.715,26.86
2120.36669,3,4.139,8.796,-0.336,4,0,0.007,-0.003,5,-12.506,-48.201,27.553
2120.42215,3,4.14,8.804,-0.335,4,0,0.006,-0.003,5,-12.408,-48.291,28.156
2120.47934,3,4.134,8.808,-0.335,4,0,0.006,-0.003,5,-11.644,-48.279,27.158
2120.53714,3,4.143,8.81,-0.327,4,0,0.006,-0.003,5,-11.641,-49.306,27.696
2120.59387,3,4.136,8.804,-0.329,4,-0.001,0.005,-0.002,5,-12.341,-49.13,28.68
2120.65063,3,4.149,8.802,-0.325,4,0,0.005,-0.002,5,-10.155,-47.81,26.761
2120.70739,3,4.144,8.801,-0.331,4,0,0.004,-0.001,,,,
2120.76318,3,4.128,8.81,-0.321,4,0.001,0.004,-0.001,5,-12.083,-48.663,28.252
2120.81915,3,4.12,8.809,-0.318,4,0,0.003,-0.001,5,-11.594,-49.553,27.444
2120.87704,3,4.106,8.811,-0.321,4,0.001,0.002,-0.001,5,-12.105,-48.43,27.313
2120.93353,3,4.095,8.809,-0.323,4,0.001,0.002,0,5,-11.406,-48.779,28.699
2120.9902,3,4.091,8.814,-0.321,4,0.002,0.002,0,5,-11.948,-49.254,28.18
2121.04703,3,4.108,8.81,-0.32,4,0.002,0.002,0.001,,,,
2121.10346,3,4.102,8.806,-0.333,4,0.002,0.002,0.002,5,-11.995,-49.606,28.317
2121.15928,3,4.109,8.809,-0.32,4,0.002,0.002,0.002,5,-11.597,-48.82,25.755
2121.21491,3,4.108,8.808,-0.336,4,0.003,0.001,0.003,5,-12.134,-48.524,28
2121.27152,3,4.105,8.799,-0.336,4,0.003,0.001,0.004,,,,
2121.32868,3,4.108,8.799,-0.345,4,0.003,0.001,0.004,5,-12.199,-48.523,27.303
2121.38654,3,4.107,8.794,-0.345,4,0.004,0.001,0.005,5,-11.099,-48.817,28.009
2121.4434,3,4.099,8.79,-0.347,4,0.003,0.001,0.005,,,,
2121.50004,3,4.108,8.792,-0.353,4,0.003,0.001,0.006,5,-12.094,-48.158,27.022
2121.55668,3,4.115,8.785,-0.353,4,0.004,0.001,0.007,5,-12.065,-49.773,28.154
2121.61268,3,4.128,8.782,-0.352,4,0.003,0.001,0.007,5,-12.033,-49.367,27.443
2121.66788,3,4.129,8.78,-0.353,4,0.003,0.001,0.008,,,,
2121.72449,3,4.148,8.783,-0.356,4,0.003,0.001,0.008,5,-11.617,-48.708,28.046
2121.78187,3,4.152,8.785,-0.351,4,0.002,0.001,0.008,5,-12.65,-48.856,27.438
2121.83982,3,4.164,8.782,-0.357,4,0.002,0.001,0.009,,,,
2121.89625,3,4.167,8.785,-0.347,4,0.002,0.001,0.009,5,-10.782,-49.458,28.447
2121.95289,3,4.178,8.778,-0.349,4,0.002,0.001,0.008,5,-10.887,-50.287,26.152
2122.00947,3,4.188,8.776,-0.351,4,0.002,0.001,0.008,5,-11.188,-49.261,25.656
2122.06608,3,4.189,8.773,-0.345,4,0.001,0.001,0.008,,,,
2122.12272,3,4.2,8.768,-0.353,4,0.001,0,0.007,5,-11.105,-50.452,26.706
2122.17896,3,4.205,8.764,-0.349,4,0,0,0.007,5,-12.979,-49.779,27.489
2122.2353,3,4.207,8.767,-0.35,4,0.001,-0.001,0.007,,,,
2122.29267,3,4.207,8.766,-0.357,4,0,-0.002,0.006,5,-12.607,-49.757,27.345
2122.34925,3,4.207,8.762,-0.352,4,0,-0.002,0.005,5,-12.791,-48.611,28.973
2122.40525,3,4.208,8.766,-0.349,4,0,-0.003,0.005,5,-13.388,-48.508,28.394
2122.46067,3,4.203,8.765,-0.351,4,-0.001,-0.003,0.004,,,,
2122.51792,3,4.199,8.767,-0.351,4,-0.001,-0.003,0.004,5,-12.889,-48.907,27.73
2122.57523,3,4.186,8.763,-0.348,4,-0.001,-0.004,0.003,5,-12.823,-49.049,27.232
2122.6312,3,4.187,8.763,-0.356,4,-0.001,-0.003,0.002,5,-11.79,-48.409,27.795
2122.68903,3,4.183,8.756,-0.345,4,-0.001,-0.003,0.002,5,-11.99,-49.622,27.151
2122.74497,3,4.168,8.759,-0.357,4,-0.002,-0.003,0.002,5,-11.655,-50.209,26.906
2122.80134,3,4.16,8.755,-0.357,4,-0.002,-0.004,0.001,5,-13.194,-48.695,27.216
2122.8595,3,4.159,8.753,-0.349,4,-0.002,-0.004,0.001,,,,
2122.91489,3,4.148,8.757,-0.358,4,-0.003,-0.003,0,5,-11.548,-49.133,27.269
2122.97092,3,4.148,8.755,-0.34,4,-0.003,-0.003,0,5,-12.032,-48.552,27.028
2123.02875,3,4.146,8.762,-0.349,4,-0.003,-0.003,0,5,-11.896,-48.917,28.021
2123.08536,3,4.142,8.77,-0.347,4,-0.004,-0.003,0,5,-11.63,-47.685,27.623
2123.14194,3,4.148,8.769,-0.337,4,-0.004,-0.003,0,5,-11.772,-48.569,28.181
2123.1984,3,4.146,8.777,-0.341,4,-0.003,-0.003,0,5,-12.511,-49.22,27.382
2123.25486,3,4.149,8.784,-0.341,4,-0.003,-0.003,0,,,,
2123.31141,3,4.147,8.798,-0.326,4,-0.003,-0.003,0,5,-11.563,-49.113,27.707
2123.36671,3,4.138,8.802,-0.333,4,-0.002,-0.002,0,5,-12.488,-48.245,26.743
2123.42341,3,4.144,8.809,-0.324,4,-0.002,-0.002,-0.001,5,-12.883,-49.408,27.095
2123.48084,3,4.152,8.809,-0.335,4,-0.002,-0.002,0,5,-13.597,-48.912,27.75
2123.53809,3,4.141,8.815,-0.323,4,-0.001,-0.002,0,5,-11.948,-48.752,27.184
2123.59379,3,4.151,8.817,-0.324,4,-0.001,-0.001,0,5,-12.614,-49.016,26.932
2123.65162,3,4.144,8.816,-0.325,4,0,-0.002,0,,,,
2123.70841,3,4.149,8.815,-0.326,4,0.001,-0.002,0,5,-12.386,-48.3,26.913
2123.76444,3,4.156,8.812,-0.323,4,0.001,-0.001,0,5,-12.097,-48.705,28.22
2123.81971,3,4.146,8.807,-0.329,4,0.001,-0.001,0,5,-11.821,-48.434,28.27
2123.87711,3,4.16,8.806,-0.333,4,0.003,-0.001,0,5,-11.101,-50.429,28.728
2123.93513,3,4.151,8.803,-0.336,4,0.003,-0.001,0,5,-11.212,-49.092,27.412
2123.99152,3,4.136,8.799,-0.336,4,0.003,-0.001,0,5,-12.308,-49.242,28.857
2124.04819,3,4.133,8.794,-0.337,4,0.003,-0.001,0,,,,
2124.10477,3,4.117,8.798,-0.341,4,0.003,-0.001,0,5,-10.643,-49.278,26.451
2124.16074,3,4.113,8.798,-0.346,4,0.003,0,0,5,-11.488,-49.194,27.71
2124.2161,3,4.104,8.794,-0.343,4,0.004,0,0,5,-12.315,-48.929,28.004
2124.27274,3,4.093,8.797,-0.345,4,0.004,0.001,0.001,,,,
2124.32972,3,4.1,8.796,-0.341,4,0.004,0.001,0,5,-11.786,-49.559,27.6
2124.38737,3,4.097,8.791,-0.352,4,0.005,0.002,0.001,5,-11.89,-49.139,27.168
2124.44459,3,4.097,8.795,-0.349,4,0.005,0.003,0.001,,,,
2124.50117,3,4.104,8.788,-0.35,4,0.004,0.004,0.002,5,-12.143,-48.466,27.762
2124.5579,3,4.106,8.786,-0.348,4,0.004,0.004,0.001,5,-12.599,-48.912,27.936
2124.61387,3,4.119,8.784,-0.344,4,0.005,0.005,0.002,5,-11.993,-48.112,28.172
2124.66914,3,4.125,8.783,-0.349,4,0.004,0.005,0.002,,,,
2124.72639,3,4.132,8.783,-0.341,4,0.004,0.006,0.002,5,-12.062,-48.769,27.806
2124.78428,3,4.14,8.781,-0.343,4,0.004,0.007,0.002,5,-9.988,-51.266,26.724
2124.84098,3,4.141,8.776,-0.344,4,0.005,0.007,0.002,,,,
2124.89768,3,4.144,8.777,-0.345,4,0.005,0.007,0.002,5,-12.083,-49.501,26.006
2124.95423,3,4.142,8.771,-0.343,4,0.004,0.007,0.002,5,-10.472,-49.791,26.909
2125.01014,3,4.141,8.765,-0.341,4,0.004,0.007,0.002,5,-11.107,-49.126,26.367
2125.0655,3,4.146,8.765,-0.351,4,0.003,0.007,0.002,,,,
2125.12211,3,4.144,8.761,-0.347,4,0.004,0.007,0.002,5,-10.683,-48.717,25.829
2125.17939,3,4.144,8.757,-0.344,4,0.003,0.007,0.002,5,-12.723,-48.538,28.561
2125.23737,3,4.14,8.757,-0.353,4,0.002,0.007,0.002,,,,
2125.29414,3,4.136,8.758,-0.35,4,0.003,0.007,0.002,5,-11.607,-48.27,26.399
2125.35056,3,4.143,8.761,-0.349,4,0.002,0.007,0.002,5,-10.716,-48.473,26.852
2125.40726,3,4.15,8.763,-0.349,4,0.002,0.006,0.002,5,-11.874,-48.978,28.259
2125.464,3,4.142,8.762,-0.353,4,0.002,0.006,0.002,,,,
2125.52097,3,4.136,8.77,-0.357,4,0.002,0.007,0.002,5,-11.877,-48.047,28.629
2125.5778,3,4.138,8.773,-0.353,4,0.002,0.006,0.002,5,-11.156,-48.618,27.405
2125.63373,3,4.148,8.77,-0.357,4,0.001,0.006,0.002,,,,
2125.69031,3,4.14,8.781,-0.349,4,0,0.006,0.002,5,-12.416,-49.046,27.203
2125.74702,3,4.162,8.782,-0.346,4,0,0.006,0.003,5,-12.425,-49.071,27.931
2125.80302,3,4.153,8.79,-0.351,4,0,0.006,0.003,5,-12.579,-49.42,28.172
2125.85841,3,4.177,8.787,-0.333,4,-0.001,0.005,0.003,,,,
2125.9155,3,4.191,8.798,-0.343,4,-0.001,0.005,0.003,5,-11.549,-50.789,27.289
2125.97285,3,4.193,8.801,-0.334,4,0,0.005,0.003,5,-11.041,-50.72,27.057
2126.029,3,4.205,8.802,-0.327,4,0,0.004,0.003,5,-12.216,-48.669,27.051
2126.08665,3,4.21,8.806,-0.325,4,0.001,0.004,0.002,5,-13.016,-48.787,27.591
2126.14329,3,4.213,8.804,-0.317,4,0.002,0.003,0.002,5,-12.602,-49.603,27.303
2126.1999,3,4.211,8.807,-0.326,4,0.002,0.003,0.002,5,-12.685,-48.711,27.521
2126.25651,3,4.212,8.802,-0.331,4,0.002,0.002,0.002,,,,
2126.31251,3,4.204,8.795,-0.319,4,0.002,0.001,0.001,5,-13.521,-49.098,26.466
2126.36793,3,4.201,8.791,-0.34,4,0.002,0,0.001,5,-12.825,-49.261,27.303
2126.42512,3,4.199,8.788,-0.325,4,0.003,-0.001,0.001,5,-12.494,-48.782,28.276
2126.48295,3,4.2,8.781,-0.331,4,0.002,-0.002,0.001,5,-12.396,-49.348,27.881
2126.53965,3,4.195,8.779,-0.345,4,0.003,-0.003,0.001,5,-11.804,-49.377,27.716
2126.5962,3,4.186,8.771,-0.333,4,0.003,-0.003,0.001,5,-12.091,-49.135,27.466
2126.65287,3,4.178,8.765,-0.353,4,0.002,-0.004,0.001,,,,
2126.7089,3,4.162,8.765,-0.356,4,0.002,-0.005,0.001,5,-12.59,-48.222,28.459
2126.76429,3,4.156,8.751,-0.345,4,0.002,-0.005,0.001,5,-13.22,-48.946,28.314
2126.82093,3,4.134,8.755,-0.356,4,0.001,-0.005,0.001,5,-12.717,-48.845,28.94
2126.87815,3,4.104,8.753,-0.361,4,0.001,-0.005,0.001,5,-10.367,-50.485,26.175
2126.93537,3,4.086,8.753,-0.355,4,0,-0.005,0.001,5,-10.562,-49.628,26.088
2126.9914,3,4.08,8.758,-0.376,4,0,-0.005,0.002,5,-11.308,-51.408,26.103
2127.04923,3,4.065,8.761,-0.358,4,0,-0.004,0.002,,,,
2127.10587,3,4.054,8.767,-0.358,4,-0.001,-0.003,0.003,5,-12.442,-48.352,28.603
2127.16187,3,4.057,8.773,-0.368,4,-0.001,-0.002,0.004,5,-12.77,-49.075,28.346
2127.21732,3,4.073,8.775,-0.35,4,0,-0.001,0.004,5,-12.697,-49.005,28.464
2127.27454,3,4.077,8.788,-0.362,4,-0.002,0,0.005,5,-12.393,-48.801,27.185
2127.33195,3,4.099,8.788,-0.351,4,-0.001,0.001,0.006,5,-12.334,-48.796,26.944
2127.38798,3,4.116,8.79,-0.345,4,-0.001,0.002,0.006,5,-12.555,-49.086,27.718
2127.44541,3,4.148,8.792,-0.341,4,-0.002,0.002,0.006,,,,
2127.50226,3,4.167,8.797,-0.339,4,-0.001,0.003,0.007,5,-12.486,-49.985,28.313
2127.55887,3,4.187,8.801,-0.327,4,-0.001,0.003,0.007,5,-12.422,-48.738,28.078
2127.61549,3,4.193,8.802,-0.34,4,-0.001,0.003,0.007,5,-12.311,-48.956,27.795
2127.67152,3,4.203,8.805,-0.324,4,-0.001,0.003,0.008,,,,
2127.72755,3,4.222,8.8,-0.337,4,0,0.002,0.007,5,-12.228,-49.095,27.46
2127.78538,3,4.224,8.794,-0.323,4,0,0.002,0.007,5,-13.159,-49.104,28.677
2127.84208,3,4.225,8.796,-0.321,4,0,0,0.007,,,,
2127.89878,3,4.22,8.79,-0.339,4,0,-0.001,0.007,5,-12.63,-48.126,27.104
2127.95542,3,4.219,8.785,-0.325,4,0.001,-0.001,0.006,5,-11.678,-49.246,26.712
2128.01215,3,4.203,8.776,-0.333,4,0.001,-0.002,0.006,5,-12.549,-48.305,27.048
2128.06788,3,4.193,8.768,-0.349,4,0.001,-0.003,0.005,,,,
2128.12397,3,4.186,8.773,-0.325,4,0.001,-0.003,0.005,5,-12.408,-49.544,27.687
2128.18192,3,4.186,8.766,-0.344,4,0.001,-0.003,0.005,5,-13.124,-48.55,27.383
2128.23862,3,4.177,8.761,-0.349,4,0.001,-0.003,0.004,,,,
2128.29514,3,4.19,8.75,-0.339,4,0.001,-0.003,0.004,5,-12.228,-49.626,27.119
2128.35233,3,4.177,8.752,-0.353,4,0.001,-0.003,0.004,5,-12.868,-48.471,28.862
2128.40937,3,4.191,8.745,-0.349,4,0.001,-0.003,0.003,5,-12.781,-49.232,28.722
2128.46436,3,4.19,8.747,-0.344,4,0.001,-0.003,0.003,,,,
2128.52024,3,4.196,8.744,-0.36,4,0.001,-0.003,0.002,5,-12.617,-48.848,28.038
2128.57798,3,4.207,8.746,-0.347,4,0.001,-0.002,0.002,5,-12.126,-48.877,27.461
2128.63471,3,4.206,8.749,-0.349,4,0,-0.002,0,,,,
2128.69138,3,4.206,8.756,-0.349,4,0.001,-0.003,0,5,-12.466,-49.641,28.354
2128.74805,3,4.205,8.758,-0.339,4,0,-0.003,-0.001,5,-12.346,-49.342,28.862
2128.80411,3,4.2,8.759,-0.349,4,0,-0.002,-0.002,5,-12.41,-48.293,28.386
2128.85944,3,4.199,8.76,-0.35,4,0,-0.002,-0.002,,,,
2128.91611,3,4.2,8.763,-0.338,4,-0.001,-0.002,-0.003,5,-13.005,-47.942,27.06
2128.97272,3,4.187,8.762,-0.356,4,-0.001,-0.002,-0.003,5,-11.815,-47.609,27.118
2129.02994,3,4.179,8.762,-0.34,4,-0.001,-0.003,-0.003,,,,
2129.08784,3,4.166,8.77,-0.342,4,-0.001,-0.003,-0.004,5,-12.578,-49.266,26.634
2129.14451,3,4.148,8.777,-0.357,4,-0.001,-0.002,-0.004,5,-12.773,-49.84,26.625
2129.20112,3,4.145,8.782,-0.345,4,0,-0.002,-0.004,5,-12.321,-50.371,27.859
2129.25754,3,4.138,8.79,-0.339,4,-0.001,-0.001,-0.005,,,,
2129.31327,3,4.132,8.8,-0.348,4,-0.001,0,-0.004,5,-13.556,-48.557,28.101
2129.36912,3,4.139,8.799,-0.337,4,-0.001,0,-0.005,5,-12.303,-49.327,28.764
2129.42637,3,4.136,8.799,-0.342,4,0,0,-0.004,5,-11.453,-49.301,27.591
2129.48432,3,4.14,8.81,-0.333,4,0,0.001,-0.004,5,-11.977,-49.02,28.215
2129.54093,3,4.14,8.809,-0.329,4,0,0.001,-0.004,5,-12.471,-48.538,26.923
2129.59754,3,4.139,8.802,-0.341,4,0.001,0.001,-0.004,5,-11.897,-48.058,27.008
2129.65412,3,4.158,8.813,-0.324,4,0.001,0.002,-0.005,,,,
2129.71006,3,4.155,8.803,-0.331,4,0.001,0.002,-0.004,5,-11.777,-49.191,28.368
2129.76551,3,4.152,8.796,-0.338,4,0.002,0.002,-0.004,5,-11.884,-48.485,27.823
2129.82212,3,4.118,8.806,-0.335,4,0.002,0.001,-0.004,5,-11.464,-49.493,26.482
2129.87934,3,4.12,8.797,-0.346,4,0.002,0.001,-0.004,5,-10.963,-50.282,27.017
2129.93726,3,4.122,8.784,-0.341,4,0.002,0.002,-0.004,5,-10.886,-49.431,26.189
2129.99396,3,4.108,8.782,-0.349,4,0.003,0.002,-0.003,5,-10.739,-49.547,26.476
2130.05057,3,4.084,8.778,-0.353,4,0.002,0.002,-0.003,,,,
2130.10712,3,4.081,8.772,-0.349,4,0.002,0.002,-0.002,5,-12.463,-49.522,27.682
2130.16315,3,4.085,8.766,-0.355,4,0.002,0.003,-0.002,5,-12.369,-48.314,28.302
2130.21851,3,4.077,8.761,-0.353,4,0.002,0.003,-0.001,5,-12.714,-49.171,28.613
2130.27518,3,4.076,8.763,-0.354,4,0.002,0.004,0,5,-11.714,-48.93,27.954
2130.33189,3,4.071,8.758,-0.36,4,0.001,0.004,0,5,-12.062,-48.964,28.11
2130.38898,3,4.081,8.755,-0.349,4,0.002,0.004,0,5,-13.138,-49.078,28.171
2130.44678,3,4.089,8.76,-0.35,4,-0.001,0.004,0.002,,,,
2130.50358,3,4.091,8.765,-0.352,4,0,0.004,0.003,5,-11.716,-49.382,27.824
2130.56031,3,4.1,8.767,-0.338,4,0,0.004,0.003,5,-11.937,-49.936,26.768
2130.61622,3,4.1,8.775,-0.348,4,-0.001,0.004,0.004,5,-12.386,-48.3,28.195
2130.67155,3,4.106,8.783,-0.341,4,-0.001,0.004,0.004,,,,
2130.72874,3,4.11,8.786,-0.34,4,-0.001,0.003,0.005,5,-12.378,-48.633,27.763
2130.78657,3,4.121,8.786,-0.343,4,0,0.003,0.007,5,-11.105,-49.069,27.673
2130.84342,3,4.132,8.794,-0.329,4,0,0.003,0.008,,,,
2130.90009,3,4.146,8.801,-0.339,4,-0.001,0.003,0.008,5,-13.403,-48.164,28.487
2130.9567,3,4.167,8.802,-0.335,4,-0.001,0.001,0.009,5,-11.36,-49.197,28.033
2131.01325,3,4.177,8.808,-0.335,4,-0.001,0.001,0.009,5,-13.257,-49.651,27.715
2131.06919,3,4.197,8.813,-0.334,4,-0.001,0,0.01,,,,
2131.12485,3,4.211,8.817,-0.327,4,0,-0.001,0.01,5,-11.908,-48.363,27.098
2131.18253,3,4.225,8.815,-0.325,4,-0.001,-0.002,0.01,5,-12.73,-49.103,27.602
2131.23981,3,4.223,8.822,-0.33,4,0.001,-0.003,0.01,,,,
2131.29639,3,4.229,8.821,-0.321,4,0,-0.004,0.009,5,-12.657,-49.156,26.273
2131.35306,3,4.239,8.816,-0.337,4,0,-0.005,0.009,5,-11.919,-49.347,26.688
2131.40958,3,4.238,8.809,-0.329,4,0.001,-0.006,0.008,5,-12.785,-49.716,27.127
2131.4661,3,4.236,8.81,-0.335,4,0.001,-0.007,0.008,,,,
2131.52204,3,4.231,8.806,-0.338,4,0.001,-0.008,0.007,5,-12.856,-48.784,27.525
2131.57822,3,4.235,8.795,-0.334,4,0.001,-0.008,0.006,5,-11.871,-48.291,27.582
2131.63621,3,4.231,8.79,-0.345,4,0.001,-0.009,0.006,,,,
2131.69282,3,4.216,8.787,-0.348,4,0.001,-0.009,0.005,5,-11.871,-48.459,27.287
2131.74943,3,4.224,8.771,-0.337,4,0.001,-0.01,0.004,5,-12.968,-48.953,27.879
2131.80601,3,4.203,8.765,-0.349,4,0.001,-0.01,0.004,5,-12.477,-49.184,28.56
2131.86204,3,4.202,8.757,-0.342,4,0.001,-0.01,0.003,,,,
2131.9173,3,4.194,8.747,-0.353,4,0,-0.01,0.002,5,-11.531,-49.95,27.251
2131.97419,3,4.19,8.735,-0.35,4,0,-0.01,0.001,5,-13.092,-47.984,28.447
2132.03181,3,4.184,8.73,-0.343,4,0,-0.01,0,,,,
2132.08924,3,4.168,8.721,-0.361,4,0,-0.01,0,5,-12.833,-49.361,27.884
2132.14588,3,4.164,8.716,-0.357,4,0,-0.01,-0.001,5,-11.061,-48.978,26.952
2132.20246,3,4.157,8.711,-0.361,4,-0.001,-0.01,-0.001,5,-12.23,-48.438,27.357
2132.25889,3,4.147,8.711,-0.361,4,-0.003,-0.009,-0.002,,,,
2132.31559,3,4.143,8.709,-0.359,4,-0.003,-0.009,-0.002,5,-11.838,-49.104,26.874
2132.37162,3,4.142,8.718,-0.359,4,-0.004,-0.009,-0.002,5,-10.91,-49.467,27.002
2132.42759,3,4.126,8.734,-0.364,4,-0.005,-0.008,-0.003,5,-12.244,-48.599,28.981
2132.48542,3,4.111,8.747,-0.355,4,-0.005,-0.008,-0.003,5,-11.775,-49.115,27.49
2132.54136,3,4.08,8.767,-0.354,4,-0.006,-0.008,-0.003,5,-11.913,-48.923,28.54
2132.59681,3,4.074,8.778,-0.354,4,-0.006,-0.006,-0.004,5,-12.547,-47.913,27.469
2132.65406,3,4.068,8.795,-0.352,4,-0.006,-0.005,-0.003,,,,
2132.71189,3,4.069,8.798,-0.358,4,-0.006,-0.004,-0.003,5,-12.225,-49.214,28.098
2132.76856,3,4.064,8.806,-0.341,4,-0.006,-0.003,-0.002,5,-12.823,-49.161,27.892
2132.8252,3,4.062,8.818,-0.35,4,-0.006,-0.001,-0.002,5,-11.44,-49.525,27.267
2132.88178,3,4.078,8.818,-0.344,4,-0.004,0,-0.002,5,-10.812,-49.521,27.693
2132.93857,3,4.081,8.826,-0.329,4,-0.005,0.001,-0.001,5,-10.803,-49.571,26.694
2132.99482,3,4.096,8.828,-0.338,4,-0.004,0.002,-0.001,5,-10.973,-50.366,25.377
2133.05082,3,4.1,8.824,-0.319,4,-0.003,0.003,0,,,,
2133.10761,3,4.11,8.822,-0.317,4,-0.003,0.003,0,5,-11.331,-49.652,27.065
2133.16306,3,4.122,8.819,-0.33,4,-0.002,0.003,0.001,5,-11.348,-49.774,26.814
2133.21973,3,4.122,8.818,-0.317,4,-0.001,0.003,0.001,5,-12.415,-48.662,28.474
2133.27695,3,4.13,8.815,-0.317,4,-0.001,0.003,0.001,5,-12.486,-49.391,28.642
2133.33478,3,4.133,8.81,-0.325,4,0,0.004,0.002,5,-12.161,-49.139,27.939
2133.39152,3,4.133,8.812,-0.318,4,0.001,0.004,0.002,5,-12.634,-49.519,27.875
2133.44816,3,4.147,8.806,-0.336,4,0.001,0.003,0.002,,,,
2133.5048,3,4.137,8.807,-0.329,4,0.002,0.003,0.002,5,-12.511,-48.409,27.843
2133.56083,3,4.135,8.802,-0.327,4,0.002,0.003,0.003,5,-12.311,-48.143,27.95
2133.61609,3,4.137,8.802,-0.339,4,0.002,0.003,0.003,5,-12.465,-49.089,27.187
2133.67335,3,4.147,8.802,-0.335,4,0.003,0.002,0.003,5,-11.174,-48.276,27.357
2133.7306,3,4.151,8.799,-0.344,4,0.003,0.002,0.003,5,-12.062,-49.13,27.681
2133.78666,3,4.148,8.797,-0.346,4,0.003,0.002,0.004,5,-11.975,-48.961,28.427
2133.84467,3,4.155,8.791,-0.341,4,0.003,0.002,0.004,,,,
2133.90134,3,4.159,8.797,-0.353,4,0.003,0.001,0.004,5,-12.68,-49.487,27.429
2133.95725,3,4.156,8.794,-0.355,4,0.003,0.001,0.004,5,-13.437,-47.586,26.955
2134.01246,3,4.157,8.794,-0.337,4,0.003,0.001,0.004,5,-11.725,-48.621,27.158
2134.06913,3,4.157,8.798,-0.359,4,0.003,0.001,0.004,,,,
2134.1261,3,4.164,8.801,-0.35,4,0.003,0,0.005,5,-12.178,-49.527,27.84
2134.18372,3,4.171,8.798,-0.343,4,0.003,0,0.005,5,-11.909,-48.721,29.024
2134.24094,3,4.167,8.795,-0.356,4,0.002,0,0.005,,,,
2134.29752,3,4.179,8.79,-0.338,4,0.003,0,0.004,5,-11.847,-49.048,28.413
2134.35407,3,4.175,8.782,-0.349,4,0.002,-0.001,0.005,5,-12.329,-48.911,28.59
2134.41019,3,4.179,8.778,-0.35,4,0.002,-0.001,0.004,5,-11.649,-49.13,28.789
2134.46552,3,4.18,8.773,-0.34,4,0.002,-0.001,0.004,,,,
2134.52268,3,4.174,8.77,-0.351,4,0.002,-0.001,0.004,5,-12.457,-49.127,27.858
2134.58051,3,4.18,8.759,-0.354,4,0.002,-0.001,0.004,5,-12.112,-48.521,27.901
2134.63743,3,4.18,8.757,-0.354,4,0.001,-0.002,0.004,,,,
2134.69407,3,4.181,8.749,-0.354,4,0.001,-0.002,0.003,5,-12.943,-48.305,27.051
2134.75062,3,4.186,8.754,-0.345,4,0.001,-0.002,0.003,5,-11.223,-48.59,27.579
2134.8072,3,4.182,8.743,-0.347,4,0.001,-0.003,0.002,5,-11.74,-48.215,27.301
2134.86375,3,4.179,8.743,-0.35,4,0,-0.003,0.002,,,,
2134.91953,3,4.18,8.745,-0.349,4,0,-0.004,0.002,5,-11.72,-49.829,27.814
2134.97578,3,4.188,8.739,-0.355,4,0,-0.004,0.001,5,-12.265,-48.622,28.552
2135.03361,3,4.183,8.739,-0.354,4,0,-0.004,0.001,,,,
2135.09019,3,4.179,8.743,-0.349,4,0,-0.004,0.001,5,-12.024,-48.979,28.265
2135.14707,3,4.177,8.74,-0.355,4,-0.001,-0.005,0,5,-11.673,-49.608,27.84
2135.20383,3,4.167,8.742,-0.351,4,-0.001,-0.005,0,5,-11.734,-49.132,27.859
2135.25962,3,4.164,8.748,-0.354,4,-0.001,-0.005,-0.001,,,,
2135.3155,3,4.153,8.752,-0.36,4,-0.002,-0.005,-0.001,5,-12.839,-47.984,29.051
2135.37333,3,4.148,8.759,-0.353,4,-0.003,-0.005,-0.002,5,-11.032,-48.004,27.989
2135.42994,3,4.135,8.766,-0.355,4,-0.003,-0.005,-0.002,,,,
2135.4867,3,4.128,8.772,-0.352,4,-0.003,-0.005,-0.002,5,-12.613,-49.278,26.495
2135.54337,3,4.126,8.788,-0.343,4,-0.003,-0.005,-0.002,5,-11.691,-49.289,28.29
2135.59998,3,4.123,8.794,-0.343,4,-0.003,-0.004,-0.001,5,-11.932,-50.244,28.712
2135.65653,3,4.12,8.798,-0.334,4,-0.004,-0.004,-0.001,,,,
2135.71256,3,4.118,8.802,-0.337,4,-0.004,-0.004,-0.001,5,-13.315,-49.487,27.774
2135.76792,3,4.12,8.803,-0.337,4,-0.004,-0.004,0,5,-11.966,-48.427,28.291
2135.82517,3,4.134,8.806,-0.333,4,-0.003,-0.004,0,5,-12.68,-48.816,27.148
2135.88306,3,4.139,8.807,-0.337,4,-0.002,-0.004,0.001,5,-10.555,-47.383,26.219
2135.93967,3,4.14,8.807,-0.331,4,-0.003,-0.004,0.001,5,-9.622,-49.055,26.167
2135.99567,3,4.14,8.808,-0.329,4,-0.003,-0.004,0.001,5,-11.037,-50.471,26.17
2136.0517,3,4.139,8.81,-0.341,4,-0.003,-0.004,0.001,,,,
2136.10959,3,4.139,8.81,-0.335,4,-0.002,-0.004,0.002,5,-11.665,-49.631,25.88
2136.1662,3,4.145,8.807,-0.331,4,-0.002,-0.004,0.002,5,-11.612,-49.684,26.045
2136.2222,3,4.15,8.809,-0.344,4,-0.002,-0.004,0.002,5,-12.32,-49.992,26.909
2136.27756,3,4.15,8.81,-0.332,4,-0.001,-0.005,0.002,5,-11.983,-49.275,27.678
2136.33481,3,4.157,8.799,-0.329,4,-0.001,-0.005,0.003,5,-11.891,-48.737,26.7
2136.39261,3,4.154,8.797,-0.336,4,-0.001,-0.005,0.003,5,-11.74,-50.238,27.487
2136.44919,3,4.148,8.797,-0.337,4,-0.001,-0.006,0.003,,,,
2136.50593,3,4.139,8.785,-0.345,4,-0.001,-0.006,0.003,5,-11.684,-48.888,27.769
2136.56196,3,4.135,8.785,-0.351,4,-0.001,-0.006,0.003,5,-11.653,-49.158,27.031
2136.61732,3,4.132,8.778,-0.349,4,-0.002,-0.006,0.003,5,-12.439,-49.333,26.723
2136.67399,3,4.121,8.767,-0.355,4,-0.002,-0.006,0.003,5,-11.394,-51.337,27.4
2136.73066,3,4.112,8.766,-0.353,4,-0.002,-0.006,0.003,5,-11.531,-49.744,27.629
2136.78788,3,4.109,8.767,-0.356,4,-0.002,-0.005,0.004,5,-12.727,-49.11,27.512
2136.84574,3,4.107,8.765,-0.353,4,-0.003,-0.005,0.004,,,,
2136.90229,3,4.11,8.769,-0.343,4,-0.004,-0.004,0.004,5,-12.436,-47.769,28.139
2136.95829,3,4.124,8.775,-0.345,4,-0.004,-0.004,0.005,5,-11.27,-48.474,27.37
2137.01432,3,4.126,8.782,-0.337,4,-0.004,-0.004,0.005,5,-12.407,-49.379,27.136
2137.07154,3,4.14,8.783,-0.331,4,-0.004,-0.004,0.005,,,,
2137.12693,3,4.147,8.79,-0.333,4,-0.004,-0.003,0.005,5,-10.754,-50.122,26.605
2137.18406,3,4.156,8.795,-0.321,4,-0.003,-0.003,0.005,5,-12.305,-49.628,26.913
2137.24177,3,4.17,8.799,-0.327,4,-0.004,-0.003,0.005,,,,
2137.29862,3,4.179,8.803,-0.318,4,-0.003,-0.003,0.005,5,-12.128,-48.451,27.6
2137.35523,3,4.175,8.803,-0.321,4,-0.002,-0.004,0.005,5,-12.816,-48.907,28.697
2137.41123,3,4.188,8.802,-0.324,4,-0.001,-0.004,0.004,5,-11.696,-48.792,27.248
2137.46668,3,4.187,8.8,-0.325,4,-0.001,-0.005,0.004,,,,
2137.52347,3,4.19,8.801,-0.319,4,0,-0.005,0.004,5,-11.382,-49.225,28.047
2137.58088,3,4.19,8.794,-0.335,4,-0.001,-0.005,0.004,5,-12.759,-48.634,26.891
2137.63849,3,4.188,8.793,-0.329,4,0,-0.006,0.004,,,,
2137.69449,3,4.184,8.786,-0.333,4,0,-0.007,0.004,5,-11.754,-49.207,26.477
2137.75049,3,4.183,8.783,-0.344,4,0,-0.007,0.003,5,-11.711,-50.281,27.596
2137.80845,3,4.179,8.778,-0.342,4,0.001,-0.007,0.003,5,-12.593,-48.524,28.467
2137.86439,3,4.16,8.779,-0.347,4,0,-0.008,0.002,,,,
2137.91978,3,4.147,8.781,-0.342,4,0,-0.008,0.003,5,-11.711,-49.384,27.748
2137.9766,3,4.129,8.776,-0.344,4,0,-0.007,0.002,5,-11.357,-49.881,27.156
2138.03382,3,4.124,8.776,-0.353,4,0,-0.007,0.002,,,,
2138.09156,3,4.116,8.775,-0.353,4,0,-0.006,0.002,5,-12.346,-48.569,27.087
2138.1482,3,4.123,8.77,-0.353,4,0,-0.006,0.002,5,-11.71,-50.204,27.225
2138.20481,3,4.113,8.767,-0.353,4,0.001,-0.005,0.002,5,-11.504,-49.355,26.607
2138.26087,3,4.125,8.76,-0.353,4,0,-0.004,0.001,,,,
2138.31611,3,4.126,8.759,-0.351,4,0,-0.003,0.001,5,-10.306,-49.915,25.986
2138.37339,3,4.126,8.76,-0.35,4,0,-0.003,0.001,5,-10.728,-49.629,27.007
2138.43131,3,4.142,8.759,-0.35,4,0,-0.002,0.001,,,,
2138.48804,3,4.14,8.767,-0.342,4,-0.001,-0.001,0.001,5,-11.545,-50.586,26.828
2138.54456,3,4.153,8.769,-0.336,4,0,-0.001,0,5,-11.496,-48.412,27.832
2138.60041,3,4.159,8.782,-0.331,4,-0.001,-0.001,0.001,5,-10.918,-49.321,26.32
2138.65589,3,4.161,8.786,-0.329,4,-0.001,-0.001,0.001,,,,
2138.7125,3,4.163,8.79,-0.324,4,0,-0.001,0,5,-10.49,-49.347,26.976
2138.76911,3,4.165,8.798,-0.33,4,0,-0.002,0.001,5,-10.545,-49.58,26.927
2138.82633,3,4.168,8.792,-0.323,4,0.001,-0.002,0,5,-11.61,-49.327,26.381
2138.88416,3,4.165,8.794,-0.329,4,0,-0.002,0,5,-11.761,-49.406,26.881
2138.9408,3,4.166,8.793,-0.337,4,0,-0.002,0,5,-11.894,-48.877,27.686
2138.99738,3,4.159,8.791,-0.338,4,0.001,-0.002,0,5,-12.344,-49.954,28.592
2139.05396,3,4.148,8.784,-0.349,4,0.001,-0.003,0,,,,
2139.10996,3,4.138,8.782,-0.342,4,0.001,-0.003,-0.001,5,-12.009,-49.443,27.275
2139.16547,3,4.132,8.786,-0.345,4,0.001,-0.003,-0.001,5,-11.359,-48.773,27.153
2139.22278,3,4.116,8.782,-0.356,4,0.001,-0.002,-0.001,5,-11.964,-47.656,27.032
2139.28068,3,4.108,8.788,-0.348,4,0.001,-0.001,-0.001,5,-11.905,-49.283,28.236
2139.33723,3,4.109,8.79,-0.359,4,0.001,-0.001,0,5,-11.308,-49.651,28.127
2139.39329,3,4.1,8.79,-0.349,4,0.001,0,0,5,-11.047,-48.47,27.861
2139.44919,3,4.098,8.798,-0.352,4,0.001,0.001,0,,,,
2139.50706,3,4.105,8.797,-0.353,4,0.001,0.001,0,5,-11.096,-47.491,28.835
2139.56312,3,4.102,8.798,-0.342,4,0.001,0.002,0,5,-12.914,-49.879,27.007
2139.61851,3,4.112,8.798,-0.349,4,0.001,0.003,0.001,5,-11.99,-49.078,27.888
2139.67521,3,4.118,8.787,-0.342,4,0.001,0.004,0.001,5,-11.885,-49.278,26.816
2139.73255,3,4.121,8.794,-0.34,4,0,0.004,0.001,5,-12.137,-49.312,27.531
2139.79029,3,4.117,8.787,-0.341,4,0,0.004,0.002,5,-11.778,-50.127,28.249
2139.84702,3,4.124,8.786,-0.34,4,0.001,0.005,0.002,,,,
2139.90385,3,4.124,8.785,-0.342,4,0,0.004,0.002,5,-11.43,-50.317,26.003
2139.95963,3,4.128,8.786,-0.345,4,0.002,0.005,0.003,5,-11.044,-49.951,26.437
2140.0149,3,4.126,8.778,-0.342,4,0.001,0.004,0.003,5,-11.575,-49.248,27.933
2140.07221,3,4.128,8.775,-0.344,4,0.001,0.004,0.003,5,-12.001,-49.387,28.018
2140.13019,3,4.128,8.772,-0.342,4,0.001,0.004,0.004,5,-10.883,-48.682,27.586
2140.18683,3,4.132,8.772,-0.338,4,0.001,0.004,0.004,5,-11.877,-48.805,28.319
2140.24338,3,4.143,8.77,-0.349,4,0.001,0.004,0.004,,,,
2140.30005,3,4.142,8.774,-0.354,4,0.001,0.004,0.004,5,-10.904,-49.37,27.763
2140.35602,3,4.152,8.772,-0.349,4,0.001,0.004,0.005,5,-11.745,-49.37,28.181
2140.4119,3,4.151,8.777,-0.357,4,0,0.004,0.005,5,-12.03,-49.408,27.135
2140.46915,3,4.159,8.77,-0.351,4,0.001,0.004,0.005,,,,
2140.52454,3,4.164,8.767,-0.357,4,0.001,0.003,0.005,5,-12.254,-49.219,27.82
2140.58179,3,4.175,8.77,-0.354,4,0.001,0.003,0.005,5,-11.649,-48.926,28.256
2140.63972,3,4.179,8.77,-0.35,4,0.001,0.004,0.004,,,,
2140.69642,3,4.191,8.765,-0.358,4,0,0.003,0.004,5,-10.626,-48.721,28.619
2140.75272,3,4.192,8.77,-0.35,4,0,0.003,0.004,5,-12.813,-49.046,27.826
2140.80839,3,4.199,8.769,-0.35,4,0,0.002,0.003,5,-11.993,-48.659,27.38
2140.86429,3,4.198,8.777,-0.35,4,0,0.002,0.003,,,,
2140.92133,3,4.197,8.784,-0.34,4,-0.001,0.001,0.003,5,-11.635,-48.927,27.632
2140.97852,3,4.203,8.79,-0.338,4,0,0.001,0.002,5,-12.44,-49.248,28.645
2141.03519,3,4.205,8.79,-0.334,4,0,0,0.002,,,,
2141.09273,3,4.207,8.792,-0.331,4,0,0,0.002,5,-12.292,-49.292,27.753
2141.14955,3,4.206,8.8,-0.341,4,0,-0.001,0.001,5,-12.175,-49.741,26.92
2141.20616,3,4.209,8.801,-0.336,4,0.002,-0.001,0.001,5,-11.546,-49.286,28.114
2141.26201,3,4.195,8.798,-0.323,4,0.002,-0.002,0,,,,
2141.31734,3,4.186,8.789,-0.338,4,0.003,-0.003,0,5,-12.781,-48.335,27.727
2141.37459,3,4.186,8.783,-0.337,4,0.003,-0.003,-0.001,5,-12.308,-48.938,28.52
2141.43251,3,4.18,8.774,-0.346,4,0.003,-0.003,-0.001,,,,
2141.48924,3,4.165,8.768,-0.353,4,0.003,-0.004,-0.001,5,-12.112,-48.521,27.898
2141.54585,3,4.154,8.764,-0.354,4,0.004,-0.004,-0.001,5,-12.361,-48.65,28.256
2141.6024,3,4.153,8.752,-0.362,4,0.003,-0.005,-0.002,5,-12.024,-48.047,27.019
2141.65895,3,4.14,8.752,-0.359,4,0.003,-0.005,-0.001,,,,
2141.7148,3,4.138,8.75,-0.361,4,0.002,-0.005,-0.001,5,-11.531,-49.365,28.073
2141.77095,3,4.132,8.75,-0.368,4,0.002,-0.005,-0.001,5,-11.491,-50.851,25.635
2141.8289,3,4.137,8.755,-0.362,4,0.001,-0.005,-0.001,,,,
2141.88548,3,4.134,8.759,-0.363,4,0,-0.005,-0.001,5,-10.939,-50.893,26.881
2141.94206,3,4.146,8.764,-0.363,4,0,-0.005,0,5,-10.791,-50.055,27.159
2141.9987,3,4.141,8.766,-0.353,4,-0.002,-0.005,0,5,-10.635,-49.3,26.009
2142.05528,3,4.141,8.77,-0.357,4,-0.002,-0.005,0,,,,
2142.11195,3,4.14,8.774,-0.344,4,-0.002,-0.005,0,5,-11.293,-49.388,27.602
2142.16792,3,4.139,8.779,-0.347,4,-0.002,-0.005,0,5,-12.619,-48.95,28.552
2142.22395,3,4.136,8.782,-0.348,4,-0.003,-0.005,0,5,-11.964,-48.468,28.085
2142.28182,3,4.142,8.789,-0.334,4,-0.002,-0.005,0,5,-11.038,-49.112,28.227
2142.33788,3,4.138,8.79,-0.346,4,-0.003,-0.005,0,5,-10.571,-48.579,28.613
2142.39385,3,4.128,8.797,-0.335,4,-0.003,-0.005,0.001,5,-10.58,-49.403,27.299
2142.45168,3,4.132,8.798,-0.332,4,-0.004,-0.005,0.001,,,,
2142.50829,3,4.13,8.803,-0.337,4,-0.003,-0.005,0.001,5,-11.792,-49.606,27.579
2142.56438,3,4.132,8.807,-0.335,4,-0.003,-0.005,0.001,5,-12.088,-49.266,28.56
2142.62026,3,4.132,8.806,-0.333,4,-0.004,-0.005,0.002,5,-11.967,-50.507,27.971
2142.67809,3,4.13,8.813,-0.342,4,-0.003,-0.005,0.002,5,-12.314,-48.409,27.626
2142.73503,3,4.128,8.81,-0.332,4,-0.003,-0.005,0.002,5,-11.688,-48.672,27.798
2142.791,3,4.125,8.816,-0.34,4,-0.003,-0.005,0.002,5,-12.907,-48.787,30.168
2142.84685,3,4.135,8.81,-0.345,4,-0.003,-0.005,0.003,,,,
2142.9048,3,4.128,8.808,-0.333,4,-0.003,-0.005,0.003,5,-12.006,-49.171,27.554
2142.96144,3,4.131,8.808,-0.341,4,-0.003,-0.005,0.003,5,-11.143,-50.197,27.112
2143.01738,3,4.139,8.806,-0.336,4,-0.002,-0.005,0.004,5,-11.038,-49.379,26.877
2143.07341,3,4.139,8.806,-0.337,4,-0.003,-0.004,0.004,5,-11.456,-48.743,28.024
2143.13142,3,4.14,8.802,-0.331,4,-0.003,-0.005,0.004,5,-11.591,-49.512,28.003
2143.18813,3,4.151,8.793,-0.331,4,-0.003,-0.005,0.004,5,-10.721,-49.631,27.859
2143.24461,3,4.154,8.789,-0.333,4,-0.002,-0.005,0.005,,,,
2143.30126,3,4.162,8.783,-0.341,4,-0.002,-0.005,0.004,5,-11.44,-49.24,27.312
2143.35716,3,4.159,8.778,-0.329,4,-0.002,-0.005,0.004,5,-11.673,-49.013,27.736
2143.41249,3,4.169,8.777,-0.338,4,-0.002,-0.006,0.004,5,-11.02,-49.515,28.777
2143.46913,3,4.164,8.772,-0.338,4,-0.002,-0.006,0.004,5,-10.936,-50.159,26.917
2143.52577,3,4.158,8.773,-0.337,4,-0.001,-0.006,0.003,5,-12.073,-49.437,28.052
2143.58302,3,4.144,8.773,-0.345,4,-0.002,-0.006,0.003,5,-11.707,-48.288,28.92
2143.64092,3,4.12,8.776,-0.334,4,-0.001,-0.006,0.003,,,,
2143.69692,3,4.1,8.78,-0.341,4,-0.001,-0.005,0.003,5,-12.619,-50.133,27.301
2143.75227,3,4.088,8.793,-0.348,4,-0.001,-0.005,0.003,5,-12.511,-49.374,27.058
2143.80888,3,4.086,8.786,-0.341,4,0,-0.003,0.003,5,-11.609,-48.486,27.646
2143.86549,3,4.081,8.796,-0.335,4,0.001,-0.003,0.002,,,,
2143.92214,3,4.082,8.798,-0.339,4,0,-0.001,0.003,5,-10.971,-49.069,28.177
2143.97942,3,4.086,8.798,-0.335,4,0.001,0,0.003,5,-11.226,-48.819,27.913
2144.0374,3,4.082,8.794,-0.341,4,0.001,0.001,0.003,,,,
2144.09407,3,4.097,8.794,-0.342,4,0.001,0.002,0.003,5,-12.427,-48.869,27.6
2144.15086,3,4.102,8.79,-0.338,4,0.002,0.003,0.003,5,-12.129,-50.151,27.103
2144.20674,3,4.115,8.778,-0.345,4,0.002,0.003,0.003,5,-11.206,-50.778,27.895
2144.26189,3,4.123,8.778,-0.343,4,0.002,0.004,0.003,,,,
2144.31853,3,4.132,8.776,-0.345,4,0.002,0.004,0.003,5,-11.459,-48.744,27.055
2144.37532,3,4.134,8.773,-0.353,4,0.002,0.005,0.003,5,-12.148,-49.605,27.692
2144.43279,3,4.141,8.775,-0.34,4,0.002,0.005,0.003,,,,
2144.4904,3,4.149,8.773,-0.349,4,0.001,0.005,0.003,5,-11.693,-47.92,28.366
2144.54701,3,4.167,8.778,-0.349,4,0.002,0.005,0.003,5,-11.51,-48.099,28.148
2144.60362,3,4.168,8.776,-0.341,4,0.001,0.005,0.003,5,-12.651,-49.86,27.946
2144.65956,3,4.178,8.78,-0.338,4,0.001,0.005,0.003,,,,
2144.71489,3,4.187,8.785,-0.333,4,0.001,0.005,0.002,5,-11.765,-49.069,28.491
2144.77223,3,4.191,8.789,-0.33,4,0.001,0.004,0.002,5,-10.727,-49.17,27.785
2144.83025,3,4.188,8.791,-0.327,4,0.001,0.004,0.002,,,,
2144.88686,3,4.183,8.79,-0.324,4,0.001,0.003,0.001,5,-11.359,-49.382,27.234
2144.94347,3,4.182,8.791,-0.331,4,0.001,0.003,0.002,5,-11.981,-49.757,27.843
2145.00005,3,4.175,8.795,-0.325,4,0.001,0.003,0.001,5,-13.579,-49.329,27.428
2145.05644,3,4.171,8.794,-0.328,4,0.001,0.003,0.001,,,,
2145.11241,3,4.168,8.788,-0.338,4,0.002,0.002,0.001,5,-10.863,-49.355,26.636
2145.16792,3,4.162,8.786,-0.339,4,0.002,0.002,0,5,-11.624,-50.107,28.206
2145.22514,3,4.16,8.784,-0.337,4,0.002,0.002,0,5,-12.895,-49.475,27.171
2145.28294,3,4.149,8.78,-0.337,4,0.003,0.002,0,5,-11.838,-49.406,28.441
2145.33894,3,4.145,8.774,-0.345,4,0.003,0.002,-0.001,5,-12.285,-49.968,27.554
2145.39439,3,4.133,8.774,-0.345,4,0.003,0.003,-0.001,5,-11.642,-49.487,27.745
2145.45164,3,4.132,8.772,-0.341,4,0.002,0.002,-0.002,,,,
2145.50944,3,4.14,8.77,-0.345,4,0.003,0.003,-0.001,5,-11.977,-49.275,28.404
2145.56544,3,4.139,8.774,-0.341,4,0.003,0.003,-0.002,5,-13.145,-49.738,27.495
2145.62153,3,4.143,8.781,-0.341,4,0.002,0.004,-0.002,5,-10.925,-49.597,27.611
2145.67936,3,4.148,8.775,-0.339,4,0.002,0.004,-0.002,5,-10.913,-50.192,26.892
2145.73594,3,4.144,8.786,-0.345,4,0.002,0.003,-0.002,5,-10.637,-50.439,26.529
2145.79252,3,4.147,8.79,-0.338,4,0.002,0.003,-0.002,5,-11.011,-49.522,26.34
2145.84922,3,4.145,8.796,-0.331,4,0.003,0.003,-0.002,,,,
2145.90583,3,4.147,8.798,-0.335,4,0.002,0.003,-0.002,5,-11.647,-51.028,26.257
2145.96186,3,4.142,8.808,-0.329,4,0.002,0.002,-0.001,5,-12.198,-50.143,26.176
2146.01731,3,4.143,8.81,-0.334,4,0.002,0.002,-0.001,5,-10.805,-49.989,25.438
2146.07453,3,4.142,8.812,-0.329,4,0.002,0.002,-0.001,5,-10.976,-51.028,26.971
2146.1323,3,4.146,8.814,-0.331,4,0.002,0.002,0,5,-10.875,-50.684,26.918
2146.18827,3,4.144,8.812,-0.333,4,0.003,0.001,0,5,-11.05,-49.512,26.759
2146.2444,3,4.144,8.811,-0.338,4,0.003,0.001,0,,,,
2146.30226,3,4.132,8.806,-0.349,4,0.003,0.001,0,5,-9.697,-49.332,24.319
2146.3589,3,4.134,8.798,-0.35,4,0.003,0,0.001,5,-10.318,-49.464,26.225
2146.41578,3,4.126,8.793,-0.349,4,0.003,0.001,0.001,5,-12.067,-50.983,27.298
2146.47215,3,4.122,8.791,-0.357,4,0.003,0,0.001,5,-11.403,-49.902,26.819
2146.52702,3,4.118,8.787,-0.357,4,0.002,0.001,0.001,5,-10.484,-50.024,26.443
2146.58418,3,4.119,8.782,-0.353,4,0.002,0.001,0.002,5,-9.92,-49.632,27.475
2146.64195,3,4.128,8.777,-0.36,4,0.002,0.001,0.002,,,,
2146.69865,3,4.126,8.771,-0.357,4,0.001,0.002,0.002,5,-11.319,-50.211,27.332
2146.75538,3,4.135,8.771,-0.353,4,0.001,0.002,0.002,5,-12.097,-49.623,27.209
2146.81123,3,4.131,8.761,-0.353,4,0.001,0.002,0.002,5,-10.028,-49.39,26.837
2146.86668,3,4.13,8.768,-0.356,4,0.001,0.002,0.002,,,,
2146.92399,3,4.129,8.764,-0.358,4,0.001,0.002,0.003,5,-10.222,-50.369,25.926
2146.98173,3,4.12,8.761,-0.353,4,0,0.002,0.002,5,-11.662,-50.217,26.183
2147.03813,3,4.13,8.759,-0.357,4,0,0.002,0.002,,,,
2147.09504,3,4.125,8.763,-0.358,4,0,0.002,0.003,5,-11.79,-50.426,26.967
2147.15168,3,4.122,8.766,-0.349,4,0,0.003,0.003,5,-10.495,-50.278,26.392
2147.20845,3,4.128,8.764,-0.352,4,0,0.002,0.003,5,-11.237,-49.335,27.113
2147.26429,3,4.136,8.768,-0.347,4,0,0.003,0.003,,,,
2147.31971,3,4.148,8.769,-0.349,4,0,0.003,0.003,5,-10.193,-49.873,26.41
2147.3769,3,4.154,8.78,-0.347,4,-0.001,0.003,0.003,5,-10.619,-49.364,27.148
2147.43476,3,4.151,8.789,-0.347,4,0,0.003,0.003,,,,
2147.49147,3,4.163,8.793,-0.347,4,0,0.002,0.003,5,-11.382,-49.487,27.376
2147.54801,3,4.153,8.797,-0.35,4,0,0.002,0.003,5,-9.958,-49.814,27.333
2147.60401,3,4.157,8.798,-0.351,4,0,0.002,0.003,5,-10.68,-50.435,26.054
2147.65946,3,4.153,8.804,-0.346,4,0,0.001,0.004,,,,
2147.71607,3,4.154,8.808,-0.345,4,0,0.001,0.004,5,-10.663,-49.844,26.186
2147.77326,3,4.147,8.803,-0.351,4,0,0,0.004,5,-10.159,-50.502,26.338
2147.8311,3,4.145,8.8,-0.348,4,0,0.001,0.004,,,,
2147.88774,3,4.158,8.794,-0.354,4,0,0,0.005,5,-10.822,-49.951,26.512
2147.94377,3,4.155,8.787,-0.353,4,0.001,0,0.005,5,-10.013,-49.356,25.777
2147.99986,3,4.163,8.775,-0.351,4,0,0,0.005,5,-10.826,-49.274,27.06
2148.05711,3,4.167,8.776,-0.353,4,0,-0.001,0.005,,,,
2148.11308,3,4.172,8.769,-0.357,4,0,0,0.004,5,-11.725,-49.643,27.185
2148.17082,3,4.165,8.763,-0.356,4,0,-0.001,0.004,5,-11.121,-50.243,25.206
2148.22749,3,4.163,8.759,-0.356,4,-0.001,-0.001,0.004,,,,
2148.28419,3,4.162,8.767,-0.351,4,-0.001,-0.001,0.004,5,-10.246,-50.023,25.255
2148.34092,3,4.16,8.771,-0.351,4,-0.001,-0.002,0.004,5,-10.049,-50.894,26.244
2148.39683,3,4.157,8.771,-0.353,4,-0.001,-0.002,0.003,5,-10.733,-49.263,26.717
2148.45222,3,4.159,8.776,-0.346,4,0,-0.002,0.003,,,,
2148.50886,3,4.171,8.782,-0.339,4,-0.001,-0.002,0.003,5,-11.674,-49.156,26.411
2148.56547,3,4.164,8.791,-0.338,4,0,-0.002,0.003,5,-11.299,-48.795,26.765
2148.62272,3,4.182,8.782,-0.333,4,0,-0.002,0.002,5,-12.332,-49.026,25.902
2148.68052,3,4.178,8.796,-0.334,4,0,-0.003,0.002,5,-11.13,-49.71,26.109
2148.73722,3,4.188,8.799,-0.329,4,0.001,-0.003,0.002,5,-11.81,-50.502,27.087
2148.79389,3,4.18,8.795,-0.34,4,0.002,-0.003,0.002,5,-11.859,-50.25,26.085
2148.85017,3,4.171,8.795,-0.345,4,0.002,-0.004,0.001,,,,
2148.90595,3,4.159,8.792,-0.34,4,0.003,-0.004,0.001,5,-11.487,-49.338,26.221
2148.96189,3,4.15,8.795,-0.346,4,0.002,-0.005,0.001,5,-11.667,-49.905,26.646
2149.01908,3,4.13,8.795,-0.358,4,0.002,-0.004,0.001,5,-10.973,-49.094,26.865
2149.07688,3,4.121,8.794,-0.36,4,0.003,-0.005,0.001,5,-10.527,-49.425,25.833
2149.13349,3,4.112,8.787,-0.366,4,0.003,-0.004,0.001,5,-11.452,-49.811,26.794
2149.19013,3,4.108,8.786,-0.363,4,0.003,-0.004,0.001,5,-11.102,-49.76,25.604
2149.24674,3,4.112,8.79,-0.365,4,0.003,-0.003,0.001,,,,
2149.30339,3,4.124,8.782,-0.372,4,0.003,-0.003,0.002,5,-10.596,-50.211,26.135
2149.35942,3,4.132,8.786,-0.365,4,0.002,-0.002,0.001,5,-10.533,-50.763,26.527
2149.4149,3,4.136,8.792,-0.358,4,0.002,-0.001,0.002,5,-11.427,-49.834,26.03
2149.47215,3,4.146,8.794,-0.359,4,0.002,-0.001,0.002,5,-11.563,-50.488,26.302
2149.53001,3,4.145,8.791,-0.357,4,0.002,0,0.002,5,-10.696,-49.196,27.197
2149.58598,3,4.162,8.79,-0.353,4,0.002,0,0.001,5,-11.589,-49.316,27.654
2149.64201,3,4.164,8.787,-0.361,4,0.001,0,0.001,,,,
2149.69984,3,4.158,8.787,-0.357,4,0.001,0.001,0,5,-10.048,-49.872,25.121
2149.75648,3,4.156,8.786,-0.362,4,0.001,0.001,0,5,-11.578,-49.718,26.585
2149.81248,3,4.154,8.782,-0.363,4,0.001,0.001,0,5,-12.56,-49.483,26.273
2149.86857,3,4.152,8.777,-0.357,4,0.001,0.001,0,5,-11.168,-49.701,26.543
2149.92646,3,4.147,8.775,-0.363,4,0.002,0.001,0,5,-10.934,-50.04,26.289
2149.98301,3,4.146,8.774,-0.36,4,0.001,0.001,0,5,-10.611,-49.341,25.145
2150.03974,3,4.14,8.77,-0.358,4,0.001,0.002,-0.001,,,,
2150.09629,3,4.136,8.774,-0.361,4,0.001,0.002,-0.001,5,-10.359,-50.377,26.247
2150.15278,3,4.126,8.77,-0.361,4,0.001,0.002,-0.001,5,-10.26,-50.883,26.909
2150.20881,3,4.118,8.775,-0.361,4,0.001,0.002,-0.001,5,-10.852,-49.123,25.873
2150.26426,3,4.106,8.774,-0.358,4,0.001,0.003,-0.001,,,,
2150.32151,3,4.107,8.778,-0.358,4,0.001,0.003,-0.001,5,-10.677,-49.377,26.639
2150.37937,3,4.091,8.782,-0.358,4,0.001,0.003,-0.001,5,-11.604,-48.715,26.833
2150.43598,3,4.085,8.79,-0.355,4,0.001,0.004,-0.001,,,,
2150.49259,3,4.082,8.788,-0.357,4,0.002,0.005,-0.001,5,-10.609,-49.364,25.781
2150.5493,3,4.076,8.788,-0.365,4,0.001,0.006,-0.001,5,-11.192,-49.504,26.306
2150.606,3,4.089,8.787,-0.354,4,0.002,0.006,0,5,-11.499,-49.173,26.668
2150.66203,3,4.089,8.789,-0.357,4,0.002,0.007,0,,,,
2150.7173,3,4.113,8.784,-0.368,4,0.002,0.008,0,5,-10.544,-49.344,25.96
2150.77458,3,4.112,8.78,-0.364,4,0.002,0.008,0,5,-9.955,-50.342,24.699
2150.83256,3,4.113,8.782,-0.366,4,0.002,0.009,0.001,,,,
2150.88926,3,4.122,8.781,-0.366,4,0.002,0.009,0.001,5,-11.09,-49.913,26.704
2150.94578,3,4.109,8.78,-0.36,4,0.002,0.01,0.001,5,-11.433,-49.065,27.251
2151.00239,3,4.124,8.782,-0.365,4,0.002,0.01,0.001,5,-12.08,-48.18,27.745
2151.05839,3,4.105,8.783,-0.361,4,0.002,0.01,0.002,,,,
2151.11369,3,4.119,8.783,-0.362,4,0.002,0.01,0.001,5,-12.305,-49.118,27.368
2151.17079,3,4.113,8.786,-0.362,4,0.002,0.01,0.002,5,-12.453,-48.755,27.615
2151.22853,3,4.124,8.782,-0.361,4,0.002,0.01,0.002,,,,
2151.28547,3,4.129,8.784,-0.353,4,0.003,0.01,0.003,5,-11.197,-49.257,26.07
2151.34208,3,4.124,8.794,-0.368,4,0.003,0.01,0.003,5,-10.884,-50.061,26.514
2151.39869,3,4.15,8.794,-0.353,4,0.002,0.009,0.003,5,-11.436,-47.237,27.002
2151.45469,3,4.145,8.794,-0.358,4,0.002,0.009,0.003,,,,
2151.51072,3,4.163,8.799,-0.364,4,0.002,0.009,0.004,5,-11.722,-48.74,26.88
2151.56794,3,4.171,8.806,-0.35,4,0.002,0.008,0.004,5,-11.594,-48.418,27.58
2151.62394,3,4.18,8.808,-0.349,4,0.002,0.008,0.003,5,-10.707,-49.513,28.589
2151.68184,3,4.188,8.812,-0.352,4,0.003,0.008,0.004,5,-12.508,-48.756,27.82
2151.73848,3,4.187,8.816,-0.346,4,0.003,0.007,0.003,5,-11.588,-48.433,27.139
2151.79512,3,4.195,8.816,-0.352,4,0.004,0.006,0.003,5,-11.963,-50.008,27.141
2151.85167,3,4.199,8.81,-0.346,4,0.005,0.005,0.003,,,,
2151.90757,3,4.203,8.809,-0.349,4,0.005,0.004,0.003,5,-12.695,-49.707,27.522
2151.96309,3,4.204,8.814,-0.345,4,0.006,0.004,0.003,5,-12.048,-49.561,27.859
2152.02034,3,4.198,8.811,-0.345,4,0.007,0.003,0.003,5,-12.56,-49.477,28.036
2152.07829,3,4.2,8.808,-0.354,4,0.006,0.002,0.002,5,-11.24,-48.59,28.001
2152.13435,3,4.201,8.801,-0.357,4,0.007,0.001,0.002,5,-12.222,-48.737,27.339
2152.19007,3,4.213,8.792,-0.357,4,0.008,0.001,0.002,5,-11.731,-49.02,27.579
2152.24778,3,4.204,8.791,-0.363,4,0.009,0,0.001,,,,
2152.3047,3,4.199,8.782,-0.361,4,0.009,-0.001,0.001,5,-11.96,-48.705,27.258
2152.36073,3,4.189,8.77,-0.371,4,0.008,-0.001,0.001,5,-12.102,-49.503,28.185
2152.41609,3,4.189,8.756,-0.384,4,0.008,-0.002,0.001,5,-10.93,-48.997,26.924
2152.47337,3,4.172,8.756,-0.381,4,0.008,-0.002,0,5,-11.703,-48.972,27.423
2152.53129,3,4.169,8.751,-0.386,4,0.007,-0.003,0,5,-11.713,-48.209,27.946
2152.58732,3,4.163,8.741,-0.396,4,0.006,-0.003,0,5,-11.061,-47.806,27.342
2152.64363,3,4.157,8.733,-0.393,4,0.005,-0.003,-0.001,,,,
2152.70124,3,4.146,8.729,-0.408,4,0.004,-0.003,-0.001,5,-12.315,-48.128,28.256
2152.75721,3,4.136,8.722,-0.404,4,0.003,-0.002,-0.002,5,-11.94,-49.086,28.331
2152.81248,3,4.139,8.719,-0.393,4,0.002,-0.002,-0.001,5,-12.82,-47.913,28.065
2152.86973,3,4.124,8.723,-0.405,4,0.001,-0.002,-0.001,5,-11.154,-49.918,26.84
2152.92772,3,4.132,8.724,-0.394,4,0,-0.001,-0.002,5,-12.669,-49.53,28.099
2152.98372,3,4.115,8.728,-0.395,4,-0.001,-0.001,-0.001,5,-12.726,-48.343,28.642
2153.03962,3,4.109,8.731,-0.391,4,-0.002,-0.001,-0.002,,,,
2153.09755,3,4.108,8.739,-0.37,4,-0.003,-0.001,-0.001,5,-11.765,-49.092,28.223
2153.15416,3,4.11,8.752,-0.378,4,-0.004,0,-0.001,5,-12.154,-48.486,27.412
2153.21016,3,4.108,8.762,-0.367,4,-0.004,0,-0.001,5,-11.386,-48.251,27.159
2153.26548,3,4.109,8.772,-0.361,4,-0.005,0,-0.001,,,,
2153.32261,3,4.111,8.782,-0.358,4,-0.005,0,-0.001,5,-10.912,-48.988,27.869
2153.38038,3,4.112,8.793,-0.357,4,-0.006,0,0,5,-11.476,-48.14,27.312
2153.43736,3,4.101,8.801,-0.349,4,-0.005,0.001,0,,,,
2153.49397,3,4.102,8.81,-0.348,4,-0.006,0.001,0.001,5,-12.915,-49.086,28.13
2153.54997,3,4.092,8.822,-0.358,4,-0.005,0.001,0.001,5,-13.054,-48.741,27.019
2153.60527,3,4.087,8.83,-0.35,4,-0.003,0.001,0.002,5,-12.413,-48.296,26.427
2153.66188,3,4.084,8.832,-0.358,4,-0.004,0.001,0.002,,,,
2153.71925,3,4.077,8.838,-0.357,4,-0.003,0.002,0.003,5,-12.112,-50.278,27.249
2153.77736,3,4.086,8.836,-0.352,4,-0.002,0.002,0.003,5,-12.73,-49.377,26.868
2153.83381,3,4.081,8.834,-0.351,4,-0.002,0.003,0.005,,,,
2153.89039,3,4.085,8.835,-0.356,4,-0.001,0.003,0.005,5,-11.804,-49.01,27.052
2153.94703,3,4.089,8.832,-0.347,4,0,0.003,0.006,5,-11.366,-49.396,28.017
2154.00297,3,4.1,8.828,-0.348,4,0.001,0.004,0.007,5,-12.105,-49.182,27.327
2154.05827,3,4.106,8.823,-0.347,4,0.001,0.004,0.008,,,,
2154.11491,3,4.107,8.817,-0.345,4,0.001,0.004,0.008,5,-12.892,-48.93,27.53
2154.17222,3,4.124,8.814,-0.353,4,0.002,0.005,0.009,5,-11.432,-50.314,27.884
2154.23017,3,4.126,8.809,-0.35,4,0.003,0.005,0.009,,,,
2154.28679,3,4.139,8.801,-0.35,4,0.004,0.005,0.009,5,-12.834,-49.02,27.625
2154.34336,3,4.147,8.8,-0.354,4,0.005,0.005,0.009,5,-12.833,-48.595,28.162
2154.40001,3,4.156,8.794,-0.357,4,0.005,0.005,0.008,5,-12.396,-47.719,27.608
2154.45616,3,4.167,8.786,-0.362,4,0.006,0.006,0.008,,,,
2154.51127,3,4.171,8.786,-0.364,4,0.006,0.005,0.009,5,-10.76,-49.62,26.575
2154.56852,3,4.184,8.778,-0.361,4,0.006,0.005,0.008,5,-12.447,-49.615,27.162
2154.62638,3,4.185,8.778,-0.365,4,0.005,0.006,0.008,,,,
2154.68296,3,4.196,8.773,-0.368,4,0.005,0.005,0.007,5,-11.377,-49.843,26.248
2154.73964,3,4.194,8.767,-0.365,4,0.006,0.005,0.007,5,-10.988,-49.26,26.758
2154.79625,3,4.194,8.76,-0.362,4,0.005,0.005,0.006,5,-10.934,-50.015,26.413
2154.85228,3,4.202,8.751,-0.374,4,0.005,0.005,0.006,,,,
2154.90831,3,4.203,8.745,-0.368,4,0.005,0.005,0.005,5,-11.751,-48.483,26.649
2154.96559,3,4.21,8.744,-0.375,4,0.005,0.005,0.005,5,-11.176,-48.932,27.055
2155.02153,3,4.205,8.734,-0.374,4,0.005,0.004,0.004,5,-13.464,-49.077,27.156
2155.07942,3,4.206,8.734,-0.37,4,0.004,0.004,0.003,5,-12.791,-48.781,27.161
2155.13609,3,4.203,8.733,-0.369,4,0.004,0.004,0.002,5,-11.864,-48.596,27.931
2155.19273,3,4.21,8.731,-0.372,4,0.004,0.004,0.001,5,-11.829,-49.152,28.052
2155.24919,3,4.21,8.73,-0.373,4,0.003,0.003,0,,,,
2155.30513,3,4.207,8.735,-0.376,4,0.003,0.003,0,5,-12.895,-48.158,27.412
2155.36131,3,4.204,8.741,-0.373,4,0.002,0.003,-0.001,5,-12.953,-49.046,27.106
2155.4192,3,4.204,8.743,-0.365,4,0.002,0.003,-0.002,5,-13.843,-50.702,27.599
2155.4759,3,4.195,8.75,-0.368,4,0.002,0.002,-0.002,5,-12.738,-49.046,27.719
2155.53263,3,4.194,8.755,-0.367,4,0.002,0.002,-0.003,5,-11.646,-49.506,25.333
2155.58915,3,4.189,8.764,-0.364,4,0.001,0.002,-0.003,5,-11.92,-48.027,27.536
2155.64576,3,4.183,8.773,-0.366,4,0.001,0.002,-0.004,,,,
2155.70213,3,4.179,8.774,-0.364,4,0.001,0.001,-0.004,5,-12.102,-48.593,27.464
2155.75764,3,4.171,8.781,-0.359,4,0.001,0.001,-0.004,5,-12.505,-48.203,28.017
2155.81428,3,4.167,8.782,-0.371,4,0.001,0.001,-0.004,5,-13.637,-49.203,28.059
2155.87214,3,4.165,8.787,-0.364,4,0.001,0.001,-0.005,5,-12.111,-48.834,26.854
2155.92891,3,4.157,8.794,-0.362,4,0,0,-0.004,5,-12.831,-48.853,27.551
2155.98545,3,4.142,8.796,-0.361,4,0,0,-0.004,5,-13.234,-50.244,28.491
2156.04237,3,4.139,8.802,-0.359,4,-0.001,0,-0.004,,,,
2156.09904,3,4.13,8.809,-0.354,4,0,0,-0.004,5,-12.331,-48.936,27.504
2156.1548,3,4.123,8.806,-0.357,4,0,0,-0.004,5,-12.532,-48.938,28.491
2156.21009,3,4.12,8.81,-0.35,4,0,0,-0.003,5,-11.674,-49.014,27.899
2156.26731,3,4.118,8.81,-0.353,4,0,0,-0.003,5,-11.56,-48.663,27.551
2156.32454,3,4.111,8.81,-0.353,4,0,0,-0.002,5,-11.768,-48.869,26.855
2156.37999,3,4.107,8.809,-0.353,4,0.001,0.001,-0.002,,,,
2156.43727,3,4.109,8.813,-0.357,4,0.001,0.001,-0.001,5,-12.738,-49.048,27.602
2156.49519,3,4.11,8.804,-0.345,4,0.001,0.002,-0.001,5,-12.096,-49.571,27.649
2156.5518,3,4.11,8.804,-0.349,4,0.001,0.002,0,5,-13.004,-49.4,27.65
2156.60853,3,4.11,8.799,-0.344,4,0.002,0.002,0.001,,,,
2156.6645,3,4.117,8.8,-0.343,4,0.002,0.002,0.001,5,-10.915,-48.988,26.855
2156.72023,3,4.121,8.799,-0.343,4,0.003,0.002,0.002,5,-12.943,-49.052,27.559
2156.7779,3,4.113,8.793,-0.346,4,0.002,0.002,0.003,,,,
2156.83476,3,4.115,8.794,-0.345,4,0.003,0.002,0.004,5,-12.593,-49.188,28.493
2156.89097,3,4.115,8.79,-0.356,4,0.003,0.002,0.005,5,-13.292,-48.869,27.213
2156.94694,3,4.122,8.78,-0.345,4,0.002,0.001,0.006,5,-12.965,-48.456,27.8
2157.00422,3,4.124,8.781,-0.345,4,0.002,0.001,0.007,,,,
2157.06013,3,4.128,8.773,-0.361,4,0.002,0.001,0.008,5,-11.848,-49.751,28.772
2157.11738,3,4.135,8.759,-0.341,4,0.001,0.001,0.009,5,-12.357,-48.828,27.942
2157.17338,3,4.148,8.758,-0.361,4,0.001,0.001,0.009,,,,
2157.23143,3,4.158,8.744,-0.361,4,0.001,0,0.01,5,-12.709,-48.308,27.6
2157.28804,3,4.158,8.746,-0.355,4,0.001,0,0.011,5,-12.537,-48.537,27.965
2157.34465,3,4.168,8.742,-0.37,4,0,0,0.01,5,-12.508,-48.753,28.233
2157.40144,3,4.178,8.733,-0.353,4,0,-0.001,0.01,,,,
2157.45723,3,4.187,8.737,-0.365,4,-0.001,0,0.01,5,-11.955,-48.286,26.402
2157.51307,3,4.187,8.739,-0.375,4,-0.001,-0.001,0.01,5,-12.466,-48.538,26.447
2157.57093,3,4.195,8.74,-0.361,4,-0.001,-0.001,0.01,5,-12.068,-49.04,27.284
2157.6277,3,4.192,8.739,-0.375,4,-0.002,-0.001,0.009,5,-12.141,-49.762,27.29
2157.68425,3,4.193,8.747,-0.375,4,-0.001,-0.001,0.009,5,-11.205,-49.001,26.306
2157.7404,3,4.195,8.745,-0.365,4,-0.002,-0.001,0.008,5,-10.73,-49.896,26.312
2157.79631,3,4.183,8.75,-0.378,4,-0.003,-0.001,0.008,,,,
2157.85356,3,4.191,8.752,-0.365,4,-0.002,-0.001,0.007,5,-13.188,-48.476,27.763
2157.90944,3,4.187,8.752,-0.365,4,-0.002,-0.001,0.007,5,-13.527,-49.069,28.282
2157.96663,3,4.186,8.758,-0.368,4,-0.003,-0.001,0.006,5,-12.518,-48.433,27.908
2158.02256,3,4.195,8.759,-0.357,4,-0.002,-0.001,0.005,5,-13.596,-47.914,28.026
2158.08027,3,4.199,8.765,-0.354,4,-0.003,-0.001,0.005,5,-12.802,-49.074,26.83
2158.13728,3,4.21,8.774,-0.356,4,-0.003,-0.001,0.004,5,-13.487,-48.74,27.603
2158.19322,3,4.215,8.775,-0.345,4,-0.002,-0.001,0.004,,,,
2158.24934,3,4.218,8.779,-0.351,4,-0.002,-0.001,0.003,5,-12.892,-49.461,27.327
2158.30729,3,4.221,8.777,-0.339,4,-0.001,-0.002,0.002,5,-11.937,-48.485,28.328
2158.3632,3,4.222,8.78,-0.344,4,-0.001,-0.002,0.002,5,-11.734,-50.398,27.643
2158.41914,3,4.224,8.776,-0.35,4,-0.001,-0.002,0.001,5,-10.387,-50.586,26.109
2158.47697,3,4.215,8.782,-0.345,4,0,-0.002,0,5,-12.402,-49.275,26.892
2158.5337,3,4.223,8.775,-0.352,4,0,-0.002,-0.001,5,-12.885,-48.903,28.049
2158.5904,3,4.22,8.768,-0.357,4,0.001,-0.003,-0.002,,,,
2158.64683,3,4.219,8.764,-0.357,4,0.002,-0.003,-0.002,5,-12.151,-49.176,28.041
2158.7025,3,4.216,8.758,-0.357,4,0.001,-0.003,-0.003,5,-12.778,-48.933,28.015
2158.75828,3,4.212,8.766,-0.372,4,0,-0.003,-0.004,5,-12.799,-49.173,27.982
2158.81489,3,4.218,8.761,-0.349,4,0.001,-0.003,-0.005,,,,
2158.87153,3,4.199,8.767,-0.37,4,0,-0.003,-0.006,5,-12.241,-49.67,28.081
2158.92881,3,4.189,8.771,-0.361,4,0,-0.003,-0.007,5,-12.332,-48.677,27.002
2158.98668,3,4.187,8.774,-0.357,4,0,-0.002,-0.007,,,,
2159.04329,3,4.175,8.778,-0.369,4,0,-0.002,-0.008,5,-11.842,-49.738,28.49
2159.09986,3,4.173,8.786,-0.355,4,0,-0.002,-0.008,5,-12.001,-48.608,28.334
2159.1559,3,4.17,8.79,-0.357,4,-0.001,-0.003,-0.008,5,-12.242,-48.552,27.739
2159.21128,3,4.16,8.797,-0.363,4,0,-0.002,-0.009,,,,
2159.26854,3,4.162,8.802,-0.339,4,0,-0.002,-0.008,5,-12.096,-48.988,26.448
2159.32637,3,4.151,8.809,-0.357,4,0,-0.003,-0.009,5,-11.314,-48.946,27.301
2159.38316,3,4.155,8.82,-0.357,4,0,-0.002,-0.009,,,,
2159.43995,3,4.142,8.822,-0.334,4,0,-0.002,-0.009,5,-11.659,-48.293,27.579
2159.49641,3,4.138,8.824,-0.359,4,0.001,-0.002,-0.008,5,-11.969,-48.917,26.965
2159.55244,3,4.116,8.82,-0.341,4,0.001,-0.002,-0.008,5,-11.758,-48.717,28.397
2159.60771,3,4.104,8.82,-0.348,4,0.001,-0.002,-0.008,,,,
2159.66432,3,4.086,8.817,-0.37,4,0.001,-0.003,-0.007,5,-13.058,-49.045,28.674
2159.7216,3,4.077,8.817,-0.344,4,0.002,-0.002,-0.006,5,-11.725,-49.149,28.252
2159.77894,3,4.06,8.811,-0.364,4,0.001,-0.002,-0.004,,,,
2159.83488,3,4.052,8.803,-0.366,4,0.002,-0.001,-0.003,5,-12.408,-49.315,27.875
2159.89283,3,4.053,8.798,-0.344,4,0.002,-0.001,-0.002,5,-11.131,-48.592,27.37
2159.94947,3,4.05,8.794,-0.373,4,0.001,0,-0.001,5,-11.288,-48.929,27.02
2160.00608,3,4.053,8.786,-0.355,4,0.002,0,0.001,,,,
2160.06205,3,4.057,8.783,-0.351,4,0.002,0,0.002,5,-12.843,-49.182,27.994
2160.11799,3,4.064,8.781,-0.377,4,0.001,0.001,0.003,5,-11.81,-49.971,27.57
2160.17598,3,4.075,8.77,-0.351,4,0.001,0.001,0.004,,,,
2160.23252,3,4.084,8.767,-0.365,4,0.001,0.001,0.005,5,-12.01,-49.313,28.358
2160.28913,3,4.085,8.763,-0.372,4,0.001,0.002,0.005,5,-12.427,-49.294,28.514
2160.3459,3,4.102,8.759,-0.358,4,0,0.002,0.006,5,-11.819,-49.359,27.94
2160.40184,3,4.097,8.76,-0.369,4,0,0.002,0.007,,,,
2160.45781,3,4.097,8.758,-0.365,4,0,0.002,0.007,5,-11.841,-48.898,27.342
2160.51515,3,4.097,8.76,-0.359,4,-0.001,0.002,0.008,5,-12.712,-48.978,28.123
2160.57103,3,4.105,8.764,-0.372,4,-0.001,0.003,0.008,5,-12.213,-48.576,27.96
2160.62895,3,4.111,8.768,-0.364,4,-0.001,0.002,0.009,5,-12.704,-48.293,28.326
2160.68553,3,4.121,8.77,-0.361,4,-0.002,0.003,0.009,5,-12.325,-48.476,27.409
2160.74226,3,4.126,8.775,-0.359,4,-0.002,0.003,0.01,5,-12.311,-48.813,27.193
2160.79884,3,4.135,8.775,-0.361,4,-0.002,0.003,0.01,,,,
2160.85475,3,4.146,8.778,-0.354,4,-0.003,0.003,0.011,5,-11.975,-49.309,27.609
2160.91063,3,4.159,8.784,-0.349,4,-0.003,0.003,0.011,5,-11.52,-49.084,27.377
2160.96843,3,4.177,8.784,-0.343,4,-0.003,0.003,0.012,5,-12.311,-50.217,26.787
2161.02479,3,4.183,8.787,-0.341,4,-0.003,0.003,0.011,5,-11.108,-49.696,26.285
2161.08097,3,4.199,8.789,-0.327,4,-0.002,0.002,0.011,5,-11.835,-48.779,26.913
2161.13843,3,4.21,8.788,-0.327,4,-0.002,0.002,0.01,5,-13.113,-49.44,27.113
2161.19507,3,4.219,8.793,-0.341,4,-0.001,0.001,0.01,,,,
2161.25187,3,4.225,8.788,-0.326,4,0,0.001,0.01,5,-11.847,-48.878,27.992
2161.30842,3,4.234,8.79,-0.329,4,-0.001,0,0.009,5,-12.43,-49.037,26.97
2161.36481,3,4.243,8.794,-0.336,4,0.001,-0.001,0.008,5,-13.303,-49.171,26.84
2161.42069,3,4.238,8.787,-0.329,4,0.001,-0.002,0.008,5,-12.767,-47.594,28.024
2161.4773,3,4.239,8.778,-0.337,4,0.001,-0.003,0.007,5,-11.125,-48.404,27.193
2161.53495,3,4.231,8.774,-0.335,4,0.002,-0.004,0.006,5,-12.257,-49.069,27.954
2161.59156,3,4.231,8.767,-0.347,4,0.002,-0.004,0.006,,,,
2161.64814,3,4.22,8.759,-0.35,4,0.002,-0.005,0.005,5,-13.036,-49.648,28.891
2161.70466,3,4.211,8.749,-0.352,4,0.002,-0.006,0.004,5,-12.34,-49.684,28.125
2161.76117,3,4.2,8.747,-0.352,4,0.002,-0.007,0.004,5,-12.021,-49.02,27.855
2161.81785,3,4.199,8.749,-0.367,4,0.002,-0.007,0.003,5,-13.045,-47.914,27.724
2161.87449,3,4.188,8.743,-0.358,4,0.002,-0.007,0.003,5,-11.198,-48.814,27.609
2161.93128,3,4.183,8.747,-0.359,4,0.001,-0.007,0.003,5,-12.752,-48.621,28.133
2161.9878,3,4.187,8.75,-0.366,4,0,-0.007,0.002,,,,
2162.04386,3,4.189,8.745,-0.352,4,0,-0.007,0.001,5,-12.157,-49.194,27.022
2162.09928,3,4.197,8.748,-0.361,4,-0.001,-0.007,0.001,5,-12.018,-49.586,27.074
2162.15589,3,4.205,8.752,-0.358,4,-0.001,-0.007,0,5,-11.31,-49.96,26.277
2162.2125,3,4.205,8.757,-0.356,4,-0.002,-0.007,-0.001,,,,
2162.26984,3,4.21,8.76,-0.355,4,-0.002,-0.007,-0.001,5,-11.923,-49.379,26.353
2162.32782,3,4.207,8.761,-0.359,4,-0.002,-0.007,-0.002,5,-12.796,-48.611,27.014
2162.38389,3,4.207,8.762,-0.356,4,-0.003,-0.007,-0.003,,,,
2162.43998,3,4.208,8.767,-0.357,4,-0.003,-0.007,-0.004,5,-11.789,-49.965,28.349
2162.49769,3,4.196,8.762,-0.353,4,-0.003,-0.006,-0.004,5,-12.517,-48.216,27.916
2162.55356,3,4.195,8.759,-0.35,4,-0.003,-0.007,-0.005,5,-10.844,-48.66,26.358
2162.60953,3,4.187,8.766,-0.356,4,-0.004,-0.007,-0.006,,,,
2162.66746,3,4.187,8.765,-0.343,4,-0.004,-0.006,-0.006,5,-11.571,-49.187,26.759
2162.72407,3,4.177,8.766,-0.349,4,-0.004,-0.006,-0.007,5,-11.932,-49.361,27.194
2162.78071,3,4.181,8.771,-0.347,4,-0.005,-0.006,-0.007,,,,
2162.83725,3,4.175,8.778,-0.341,4,-0.004,-0.006,-0.008,5,-12.108,-48.878,27.724
2162.8938,3,4.172,8.78,-0.34,4,-0.005,-0.007,-0.008,5,-11.882,-48.93,27.831
2162.9499,3,4.172,8.781,-0.344,4,-0.004,-0.007,-0.008,5,-11.682,-50.09,28.529
2163.00528,3,4.157,8.793,-0.337,4,-0.005,-0.008,-0.008,,,,
2163.06241,3,4.15,8.801,-0.339,4,-0.004,-0.008,-0.008,5,-11.835,-48.201,27.275
2163.12018,3,4.14,8.809,-0.329,4,-0.004,-0.008,-0.007,5,-11.63,-49.445,27.422
2163.17634,3,4.13,8.819,-0.33,4,-0.004,-0.008,-0.007,,,,
2163.23243,3,4.102,8.828,-0.333,4,-0.004,-0.008,-0.007,5,-11.531,-49.706,27.319
2163.29044,3,4.073,8.841,-0.329,4,-0.003,-0.008,-0.006,5,-11.258,-49.294,27.655
2163.34711,3,4.05,8.849,-0.337,4,-0.003,-0.008,-0.005,5,-11.423,-49.745,28.506
2163.40296,3,4.041,8.853,-0.333,4,-0.003,-0.008,-0.004,,,,
2163.45829,3,4.026,8.861,-0.331,4,-0.003,-0.007,-0.003,5,-10.829,-50.009,27.338
2163.51551,3,4.025,8.846,-0.342,4,-0.001,-0.006,-0.002,5,-11.4,-49.298,28.5
2163.5734,3,4.018,8.847,-0.337,4,0,-0.005,0,,,,
2163.6301,3,4.018,8.845,-0.339,4,0.001,-0.004,0.001,5,-12.193,-49.455,27.995
2163.68683,3,4.009,8.838,-0.349,4,0.001,-0.003,0.002,5,-11.983,-49.35,27.422
2163.74347,3,4.006,8.83,-0.345,4,0.002,-0.002,0.003,5,-11.403,-49.38,27.597
2163.79938,3,4.007,8.831,-0.353,4,0.002,-0.001,0.005,,,,
2163.85471,3,4.016,8.82,-0.354,4,0.002,0.001,0.006,5,-12.569,-49.774,28.087
2163.91132,3,4.027,8.802,-0.351,4,0.002,0.002,0.007,5,-11.38,-49.539,27.681
2163.9686,3,4.032,8.793,-0.358,4,0.002,0.003,0.009,5,-12.054,-50.018,26.81
2164.02656,3,4.059,8.786,-0.345,4,0.002,0.004,0.01,5,-11.74,-48.392,28.015
2164.08304,3,4.071,8.777,-0.349,4,0.002,0.005,0.011,5,-10.602,-48.962,27.057
2164.13968,3,4.09,8.771,-0.351,4,0.002,0.005,0.012,5,-11.185,-49.715,27.356
2164.19636,3,4.107,8.768,-0.348,4,0.002,0.006,0.012,,,,
2164.25232,3,4.125,8.766,-0.345,4,0.002,0.006,0.013,5,-11.803,-49.411,27.193
2164.30768,3,4.143,8.772,-0.345,4,0.002,0.006,0.013,5,-11.67,-48.779,27.206
2164.36481,3,4.144,8.77,-0.34,4,0.003,0.006,0.014,5,-11.665,-48.534,28.685
2164.42261,3,4.16,8.776,-0.339,4,0.002,0.007,0.013,5,-12.984,-49.341,27.557
2164.47947,3,4.175,8.782,-0.329,4,0.002,0.007,0.013,5,-12.135,-49.3,26.884
2164.53614,3,4.19,8.78,-0.327,4,0.002,0.006,0.013,5,-11.916,-49.466,27.48
2164.59275,3,4.191,8.781,-0.336,4,0.003,0.006,0.013,,,,
2164.64939,3,4.208,8.782,-0.326,4,0.002,0.006,0.012,5,-11.945,-48.749,27.704
2164.70542,3,4.208,8.783,-0.328,4,0.003,0.006,0.011,5,-12.422,-49.034,28.21
2164.76072,3,4.219,8.779,-0.335,4,0.004,0.006,0.011,5,-12.82,-49.159,27.266
2164.81797,3,4.222,8.77,-0.329,4,0.004,0.006,0.01,5,-10.336,-48.242,26.514
2164.87589,3,4.224,8.76,-0.337,4,0.004,0.005,0.009,5,-11.681,-48.726,27.441
2164.9325,3,4.226,8.759,-0.344,4,0.005,0.005,0.008,5,-11.908,-48.84,27.991
2164.98917,3,4.222,8.747,-0.347,4,0.005,0.005,0.007,,,,
2165.04575,3,4.222,8.735,-0.356,4,0.005,0.005,0.006,5,-12.633,-49.074,26.959
2165.10254,3,4.223,8.734,-0.361,4,0.004,0.004,0.005,5,-11.275,-49.747,27.766
2165.15931,3,4.226,8.722,-0.365,4,0.005,0.004,0.004,5,-11.671,-50.314,26.039
2165.215,3,4.223,8.716,-0.368,4,0.004,0.004,0.003,5,-11.006,-49.995,27.834
2165.27109,3,4.225,8.715,-0.368,4,0.003,0.004,0.002,5,-12.073,-49.683,27.092
2165.32905,3,4.22,8.72,-0.367,4,0.002,0.004,0.001,5,-12.935,-49.239,28.009
2165.38553,3,4.222,8.724,-0.367,4,0.002,0.004,-0.001,,,,
2165.44162,3,4.215,8.732,-0.358,4,0.001,0.004,-0.001,5,-12.831,-49.171,28.731
2165.49747,3,4.218,8.743,-0.365,4,0.001,0.003,-0.002,5,-12.099,-48.135,27.49
2165.55472,3,4.219,8.75,-0.357,4,0,0.003,-0.003,5,-12.576,-48.785,27.382
2165.61011,3,4.219,8.759,-0.353,4,-0.001,0.003,-0.003,,,,
2165.66672,3,4.218,8.77,-0.35,4,-0.001,0.002,-0.004,5,-13.092,-48.344,27.979
2165.724,3,4.215,8.779,-0.349,4,-0.002,0.002,-0.004,5,-12.914,-48.531,28.047
2165.78187,3,4.214,8.792,-0.337,4,-0.001,0.001,-0.005,,,,
2165.83851,3,4.211,8.796,-0.339,4,-0.002,0.001,-0.006,5,-11.922,-48.796,27.394
2165.89509,3,4.211,8.805,-0.333,4,-0.002,0.001,-0.006,5,-12.758,-48.132,28.16
2165.95105,3,4.2,8.811,-0.326,4,0,0,-0.006,5,-11.191,-49.715,27.444
2166.00715,3,4.203,8.819,-0.33,4,0,0,-0.006,,,,
2166.06443,3,4.194,8.82,-0.322,4,0,0,-0.007,5,-12.508,-49.484,27.748
2166.12046,3,4.183,8.818,-0.325,4,0.001,-0.001,-0.008,5,-12.672,-48.346,27.731
2166.17844,3,4.183,8.81,-0.33,4,0.002,-0.001,-0.008,,,,
2166.23493,3,4.167,8.802,-0.331,4,0.001,-0.001,-0.008,5,-11.765,-49.654,26.358
2166.29145,3,4.167,8.792,-0.344,4,0.003,-0.002,-0.008,5,-11.452,-48.254,27.736
2166.34845,3,4.155,8.783,-0.338,4,0.003,-0.002,-0.008,5,-12.756,-48.447,28.546
2166.40442,3,4.152,8.777,-0.35,4,0.003,-0.002,-0.008,,,,
2166.45966,3,4.141,8.777,-0.353,4,0.003,-0.003,-0.008,5,-12.167,-48.907,27.748
2166.51716,3,4.128,8.771,-0.352,4,0.003,-0.003,-0.008,5,-13.376,-49.292,28.514
2166.57428,3,4.124,8.767,-0.369,4,0.003,-0.003,-0.008,,,,
2166.63007,3,4.115,8.764,-0.36,4,0.003,-0.003,-0.008,5,-12.459,-49.039,26.927
2166.68805,3,4.109,8.767,-0.358,4,0.002,-0.003,-0.007,5,-12.418,-49.164,27.412
2166.74466,3,4.102,8.771,-0.371,4,0.001,-0.003,-0.007,5,-12.801,-49.574,26.363
2166.8013,3,4.097,8.775,-0.361,4,0.001,-0.003,-0.006,,,,
2166.85727,3,4.095,8.776,-0.366,4,0,-0.003,-0.005,5,-12.067,-49.037,29.256
2166.91254,3,4.094,8.786,-0.362,4,-0.001,-0.003,-0.004,5,-12.236,-49.117,27.216
2166.96976,3,4.097,8.793,-0.354,4,-0.001,-0.003,-0.003,5,-11.6,-49.01,27.473
2167.02695,3,4.099,8.799,-0.36,4,-0.002,-0.003,-0.002,5,-13.614,-49.846,26.427
2167.08304,3,4.102,8.802,-0.348,4,-0.002,-0.003,-0.001,5,-12.141,-49.619,27.898
2167.14097,3,4.099,8.81,-0.343,4,-0.002,-0.003,0,5,-11.597,-48.557,28.352
2167.19761,3,4.093,8.814,-0.339,4,-0.003,-0.003,0.001,,,,
2167.25422,3,4.095,8.821,-0.338,4,-0.004,-0.004,0.001,5,-11.909,-48.889,27.155
2167.31016,3,4.08,8.826,-0.335,4,-0.003,-0.004,0.002,5,-11.133,-49.947,27.409
2167.36615,3,4.077,8.823,-0.338,4,-0.003,-0.004,0.003,5,-10.118,-50.894,27.057
2167.42399,3,4.07,8.823,-0.327,4,-0.002,-0.005,0.004,5,-10.748,-50.023,27.953
2167.48014,3,4.062,8.818,-0.336,4,-0.002,-0.005,0.005,5,-11.032,-49.086,27.023
2167.53623,3,4.053,8.812,-0.334,4,-0.002,-0.005,0.007,5,-11.858,-49.046,27.199
2167.59385,3,4.052,8.811,-0.337,4,-0.002,-0.004,0.008,,,,
2167.64994,3,4.055,8.804,-0.342,4,-0.002,-0.004,0.009,5,-12.363,-49.301,27.898
2167.7053,3,4.049,8.797,-0.344,4,-0.002,-0.004,0.01,5,-12.218,-49.355,27.832
2167.76191,3,4.061,8.787,-0.343,4,-0.002,-0.004,0.011,5,-11.493,-49.29,28.32
2167.81922,3,4.06,8.782,-0.352,4,-0.001,-0.003,0.012,5,-11.707,-49.35,27.176
2167.87708,3,4.077,8.775,-0.341,4,-0.001,-0.003,0.013,5,-11.771,-50.037,26.633
2167.9336,3,4.089,8.776,-0.355,4,-0.001,-0.003,0.014,5,-12.106,-48.074,27.881
2167.99024,3,4.107,8.778,-0.348,4,-0.001,-0.002,0.014,,,,
2168.04694,3,4.127,8.767,-0.349,4,-0.002,-0.002,0.015,5,-11.601,-47.968,27.67
2168.10297,3,4.132,8.77,-0.35,4,-0.002,-0.001,0.015,5,-12.387,-49.184,27.007
2168.15833,3,4.165,8.763,-0.345,4,-0.002,-0.001,0.015,5,-12.479,-48.959,27.238
2168.21558,3,4.173,8.759,-0.349,4,-0.002,-0.001,0.015,5,-11.681,-48.799,27.036
2168.2735,3,4.186,8.759,-0.345,4,-0.002,-0.001,0.015,5,-11.707,-49.457,28.16
2168.33008,3,4.199,8.761,-0.341,4,-0.003,-0.002,0.014,5,-13.428,-49.51,28.329
2168.38669,3,4.208,8.758,-0.348,4,-0.003,-0.002,0.014,,,,
2168.4433,3,4.219,8.759,-0.343,4,-0.002,-0.003,0.013,5,-12.492,-48.66,28.529
2168.49924,3,4.232,8.764,-0.337,4,-0.002,-0.003,0.013,5,-11.87,-48.311,27.734
2168.55536,3,4.238,8.765,-0.337,4,-0.002,-0.003,0.012,5,-10.674,-49.728,26.505
2168.61271,3,4.25,8.763,-0.333,4,-0.001,-0.004,0.011,,,,
2168.66846,3,4.249,8.773,-0.33,4,-0.002,-0.005,0.01,5,-13.048,-49.088,27.768
2168.72623,3,4.255,8.776,-0.333,4,-0.002,-0.005,0.009,5,-12.029,-49.31,26.555
2168.78324,3,4.258,8.778,-0.328,4,-0.002,-0.006,0.008,,,,
2168.8397,3,4.26,8.777,-0.337,4,-0.001,-0.006,0.007,5,-12.209,-49.281,27.731
2168.89548,3,4.26,8.779,-0.33,4,-0.001,-0.006,0.006,5,-12.283,-49.873,26.799
2168.95105,3,4.262,8.783,-0.336,4,-0.001,-0.007,0.005,5,-11.592,-50.304,25.931
2169.00773,3,4.261,8.779,-0.341,4,-0.001,-0.007,0.003,,,,
2169.06504,3,4.263,8.774,-0.342,4,0,-0.007,0.002,5,-12.871,-49.333,27.638
2169.12299,3,4.262,8.774,-0.34,4,0,-0.007,0.001,5,-11.203,-50.142,27.692
2169.17951,3,4.266,8.766,-0.35,4,0,-0.008,-0.001,,,,
2169.23606,3,4.256,8.759,-0.346,4,0.001,-0.008,-0.002,5,-12.358,-49.236,27.731
2169.29264,3,4.248,8.756,-0.353,4,0,-0.009,-0.003,5,-11.304,-49.261,28.001
2169.34864,3,4.238,8.747,-0.353,4,0,-0.008,-0.004,5,-12.704,-48.314,27.56
2169.40409,3,4.219,8.747,-0.351,4,0,-0.009,-0.006,,,,
2169.46073,3,4.211,8.743,-0.363,4,-0.001,-0.009,-0.007,5,-12.683,-48.296,28.561
2169.51801,3,4.201,8.738,-0.355,4,-0.002,-0.009,-0.008,5,-12.227,-50.029,27.718
2169.57599,3,4.19,8.734,-0.357,4,-0.002,-0.008,-0.009,,,,
2169.6327,3,4.175,8.737,-0.357,4,-0.002,-0.008,-0.009,5,-12.45,-48.798,28.493
2169.68927,3,4.16,8.733,-0.357,4,-0.002,-0.009,-0.01,5,-12.05,-48.203,27.885
2169.74573,3,4.154,8.736,-0.36,4,-0.003,-0.008,-0.01,5,-12.105,-48.05,27.745
2169.80173,3,4.136,8.736,-0.358,4,-0.004,-0.008,-0.01,,,,
2169.85712,3,4.128,8.739,-0.355,4,-0.004,-0.007,-0.01,5,-12.207,-48.528,28.011
2169.91449,3,4.111,8.744,-0.361,4,-0.005,-0.007,-0.011,5,-11.385,-50.002,26.935
2169.9719,3,4.097,8.751,-0.346,4,-0.005,-0.006,-0.01,,,,
2170.02765,3,4.08,8.764,-0.349,4,-0.006,-0.006,-0.01,5,-11.177,-49.001,26.523
2170.08561,3,4.045,8.77,-0.353,4,-0.006,-0.006,-0.01,5,-12.485,-49.6,27.795
2170.14225,3,4.02,8.792,-0.338,4,-0.006,-0.005,-0.009,5,-11.819,-48.547,27.625
2170.19898,3,4.015,8.808,-0.351,4,-0.006,-0.004,-0.008,,,,
2170.25486,3,4.003,8.818,-0.35,4,-0.006,-0.003,-0.007,5,-11.391,-49.692,28.284
2170.31012,3,4.011,8.831,-0.337,4,-0.006,-0.001,-0.006,5,-11.606,-49.797,28.307
2170.36741,3,4.01,8.84,-0.336,4,-0.005,0,-0.004,5,-11.571,-48.569,27.606
2170.42536,3,4.021,8.848,-0.337,4,-0.004,0.001,-0.003,5,-12.88,-48.888,27.919
2170.482,3,4.034,8.853,-0.331,4,-0.004,0.001,-0.002,5,-11.653,-50.166,28.799
2170.53858,3,4.045,8.855,-0.333,4,-0.004,0.002,0,5,-11.412,-50.401,27.663
2170.59473,3,4.069,8.853,-0.328,4,-0.003,0.003,0.001,,,,
2170.65094,3,4.075,8.849,-0.325,4,-0.002,0.003,0.002,5,-10.603,-49.973,26.375
2170.70792,3,4.094,8.854,-0.317,4,-0.002,0.003,0.003,5,-11.455,-49.539,27.084
2170.76377,3,4.1,8.857,-0.32,4,0,0.004,0.004,5,-11.058,-49.767,27.477
2170.8216,3,4.109,8.853,-0.321,4,0,0.004,0.005,5,-11.418,-48.808,26.489
2170.87809,3,4.109,8.859,-0.324,4,0.002,0.004,0.006,5,-11.096,-49.776,26.669
2170.93476,3,4.124,8.856,-0.315,4,0.002,0.003,0.006,5,-11.113,-49.489,26.723
2170.99146,3,4.12,8.854,-0.315,4,0.003,0.003,0.007,,,,
2171.04816,3,4.109,8.849,-0.325,4,0.004,0.003,0.008,5,-10.588,-49.704,27.852
2171.10473,3,4.109,8.841,-0.318,4,0.004,0.002,0.008,5,-11.382,-49.46,27.95
2171.1607,3,4.121,8.833,-0.321,4,0.005,0.002,0.009,5,-11.813,-47.768,26.917
2171.21615,3,4.132,8.817,-0.329,4,0.005,0.002,0.01,5,-11.333,-49.207,27.734
2171.27343,3,4.144,8.8,-0.34,4,0.006,0.002,0.01,5,-11.945,-49.741,26.987
2171.33135,3,4.159,8.793,-0.343,4,0.006,0.001,0.011,5,-11.801,-49.345,27.66
2171.38802,3,4.151,8.782,-0.348,4,0.007,0.001,0.011,,,,
2171.44457,3,4.152,8.772,-0.346,4,0.006,0.001,0.011,5,-10.854,-49.237,26.491
2171.50109,3,4.143,8.77,-0.353,4,0.006,0,0.012,5,-10.651,-50.624,27.139
2171.55761,3,4.148,8.767,-0.349,4,0.005,0,0.012,5,-10.397,-49.265,26.34
2171.61352,3,4.156,8.753,-0.357,4,0.005,0,0.012,5,-12.032,-48.81,27.498
2171.66964,3,4.155,8.74,-0.364,4,0.006,0,0.012,5,-11.49,-48.883,27.419
2171.72735,3,4.15,8.743,-0.352,4,0.005,0,0.012,5,-11.34,-49.85,26.962
2171.78439,3,4.149,8.741,-0.363,4,0.004,0,0.012,,,,
2171.84103,3,4.168,8.737,-0.349,4,0.004,0.001,0.012,5,-13.33,-48.425,28.796
2171.89758,3,4.16,8.725,-0.354,4,0.004,0,0.012,5,-12.512,-49.252,27.827
2171.95413,3,4.173,8.709,-0.391,4,0.003,0.001,0.011,5,-12.601,-49.486,28.592
2172.01022,3,4.162,8.724,-0.333,4,0.004,0.001,0.011,,,,
2172.06619,3,4.18,8.701,-0.354,4,0.002,0.002,0.01,5,-11.189,-48.425,27.463
2172.12408,3,4.195,8.714,-0.421,4,0.001,0.002,0.01,5,-11.325,-47.723,27.518
2172.18066,3,4.186,8.748,-0.359,4,0,0.003,0.008,,,,
2172.23672,3,4.143,8.767,-0.321,4,-0.001,0.004,0.009,5,-12.1,-48.686,27.733
2172.29266,3,4.091,8.785,-0.368,4,0,0.005,0.007,5,-13.17,-48.752,27.499
2172.34991,3,4.17,8.774,-0.327,4,0,0.006,0.007,5,-11.71,-47.325,27.382
2172.406,3,4.19,8.774,-0.371,4,0.001,0.007,0.008,,,,
2172.46325,3,4.248,8.759,-0.291,4,0.001,0.008,0.008,5,-11.771,-49.53,26.936
2172.51907,3,4.315,8.736,-0.342,4,0,0.008,0.008,5,-12.039,-49.767,27.557
2172.57684,3,4.366,8.747,-0.368,4,0,0.008,0.004,,,,
2172.63375,3,4.42,8.743,-0.325,4,0,0.007,0.002,5,-11.862,-49.251,28.029
2172.68981,3,4.408,8.745,-0.37,4,0,0.005,0,5,-12.958,-48.833,28.575
2172.74587,3,4.331,8.768,-0.333,4,0,0.005,-0.003,5,-12.918,-49.12,27.495
2172.8038,3,4.33,8.772,-0.309,4,0,0.003,-0.006,,,,
2172.8597,3,4.317,8.794,-0.35,4,0,0.002,-0.009,5,-12.549,-48.582,27.913
2172.91537,3,4.302,8.79,-0.308,4,0.001,0.001,-0.012,5,-11.986,-49.316,28.207
2172.97308,3,4.301,8.771,-0.356,4,0,0,-0.013,,,,
2173.03027,3,4.254,8.782,-0.337,4,0.003,-0.001,-0.015,5,-12.355,-49.4,28.297
2173.08618,3,4.247,8.785,-0.339,4,0.001,-0.001,-0.019,5,-12.106,-48.569,27.975
2173.14208,3,4.287,8.741,-0.473,4,0.002,-0.002,-0.021,5,-12.027,-48.175,26.682
2173.1994,3,4.13,8.782,-0.203,4,0.001,-0.001,-0.023,,,,
2173.25549,3,4.041,8.759,-0.305,4,0.005,-0.005,-0.019,5,-12.123,-49.004,27.364
2173.31286,3,4.254,8.692,-0.455,4,-0.002,-0.004,-0.032,5,-11.644,-49.008,28.128
2173.36797,3,4.191,8.718,-0.534,4,0,-0.005,-0.025,5,-13.016,-49.081,28.477
2173.42526,3,4.02,8.776,-0.329,4,0.003,-0.006,-0.024,5,-10.678,-49.153,28.658
2173.48327,3,4.065,8.773,-0.24,4,0,-0.008,-0.026,5,-11.954,-49.289,27.783
2173.5397,3,4.015,8.755,-0.41,4,-0.006,-0.003,-0.028,5,-12.503,-48.636,28.302
2173.59603,3,4.092,8.743,-0.419,4,-0.003,-0.006,-0.031,,,,
2173.65246,3,4.028,8.751,-0.416,4,-0.003,0,-0.027,5,-11.049,-49.455,28.033
2173.70773,3,3.95,8.767,-0.313,4,-0.003,-0.009,-0.026,5,-11.635,-50.276,26.848
2173.76504,3,3.972,8.794,-0.362,4,-0.006,0,-0.028,5,-11.781,-49.347,26.81
2173.82305,3,3.947,8.83,-0.334,4,-0.007,-0.005,-0.027,5,-10.703,-50.645,27.777
2173.87957,3,3.948,8.85,-0.345,4,-0.009,-0.004,-0.025,5,-11.394,-49.753,26.851
2173.93615,3,3.884,8.87,-0.34,4,-0.008,-0.004,-0.023,5,-10.713,-49.922,26.563
2173.99279,3,3.892,8.88,-0.321,4,-0.007,-0.001,-0.024,,,,
2174.04876,3,3.849,8.9,-0.327,4,-0.008,-0.005,-0.019,5,-10.799,-50.171,28.487
2174.10415,3,3.815,8.92,-0.438,4,-0.007,-0.001,-0.019,5,-10.559,-49.724,28.194
2174.16076,3,3.924,8.908,-0.201,4,-0.001,-0.006,-0.017,5,-10.564,-49.274,27.275
2174.21746,3,3.825,8.911,-0.274,4,-0.004,-0.005,-0.011,5,-10.112,-50.188,25.925
2174.2748,3,3.741,8.966,-0.42,4,0.008,-0.007,-0.009,5,-9.787,-49.547,27.446
2174.33242,3,3.863,8.923,-0.105,4,0.016,0.002,-0.007,5,-11.279,-50.214,27.841
2174.38903,3,3.837,8.983,-0.49,4,-0.012,-0.001,-0.007,,,,
2174.46482,3,3.807,8.94,-0.474,4,-0.003,-0.004,0.003,5,-11.336,-48.247,27.922
2174.48215,3,4.068,8.93,-0.187,,,,,,,,
2174.50074,3,3.776,8.959,-0.474,,,,,,,,
2174.51948,3,3.663,8.973,-0.187,4,-0.007,-0.002,0.003,5,-9.717,-49.693,28.04
2174.53836,3,4.211,8.964,-0.56,,,,,,,,
2174.55728,3,3.936,8.892,-0.144,,,,,,,,
2174.57623,3,3.656,8.892,0.014,4,-0.021,0.009,0.002,5,-10.236,-51.208,26.54
2174.59518,3,3.821,9.045,-0.345,,,,,,,,
2174.6141,3,3.836,8.954,-0.534,,,,,,,,
2174.63302,3,4.018,8.925,-0.345,4,-0.001,-0.001,0.011,,,,
2174.65191,3,3.912,8.973,-0.378,,,,,,,,
2174.67077,3,3.733,8.944,-0.148,5,-9.944,-51.588,26.508,,,,
2174.70999,3,3.913,8.943,-0.365,4,0.001,-0.003,0.011,5,-8.675,-50.406,26.106
2174.76654,3,3.921,8.945,-0.303,4,0,-0.001,0.013,5,-9.547,-51.653,25.853
2174.82312,3,3.915,8.955,-0.322,4,0.002,-0.003,0.016,,,,
2174.8797,3,3.871,8.949,-0.295,4,0.002,-0.002,0.018,5,-9.933,-50.2,26.259
2174.93637,3,3.922,8.934,-0.271,4,0.003,-0.004,0.021,5,-10.487,-50.095,26.251
2174.99127,3,3.941,8.924,-0.336,4,0.005,-0.002,0.022,5,-9.384,-49.808,26.506
2175.04785,3,3.938,8.906,-0.326,4,0.004,-0.004,0.024,,,,
2175.10534,3,3.921,8.904,-0.305,4,0.005,-0.003,0.026,5,-10.229,-49.416,25.89
2175.1629,3,3.952,8.889,-0.344,4,0.006,-0.003,0.028,5,-10.301,-49.667,26.009
2175.21948,3,3.956,8.866,-0.277,4,0.005,-0.003,0.028,,,,
2175.27624,3,4.038,8.853,-0.363,4,0.008,-0.009,0.032,5,-10.591,-50.04,26.805
2175.33273,3,4.049,8.833,-0.33,4,0.005,-0.007,0.034,5,-10.928,-49.588,27.148
2175.3894,3,4.006,8.833,-0.28,4,0.007,0.002,0.027,5,-12.187,-49.646,28.13
2175.44424,3,4.104,8.806,-0.429,4,0.011,-0.013,0.034,,,,
2175.5011,3,4.148,8.778,-0.295,4,0.001,-0.002,0.033,5,-11.687,-49.525,26.636
2175.55932,3,4.035,8.782,-0.281,4,0.007,0,0.025,5,-10.551,-50.105,26.849
2175.61599,3,4.269,8.756,-0.646,4,-0.002,-0.01,0.033,,,,
2175.67257,3,4.073,8.75,-0.016,4,-0.001,0.013,0.019,5,-10.863,-50.226,27.544
2175.72921,3,4.178,8.755,-0.558,4,0.012,-0.001,0.024,5,-11.734,-48.726,26.848
2175.78396,3,4.169,8.74,-0.32,4,0.005,-0.008,0.025,5,-11.394,-48.378,27.417
2175.84237,3,4.137,8.714,-0.282,4,0.002,0.004,0.019,,,,
2175.89727,3,4.258,8.719,-0.524,4,0.005,-0.011,0.022,5,-11.604,-48.582,27.632
2175.95569,3,4.176,8.717,-0.274,4,-0.003,0.004,0.014,5,-11.8,-49.03,27.211
2176.01226,3,4.225,8.72,-0.396,4,0.001,-0.005,0.015,,,,
2176.06894,3,4.219,8.713,-0.352,4,-0.003,0.002,0.011,5,-11.932,-49.454,26.411
2176.12558,3,4.231,8.72,-0.353,4,-0.002,-0.003,0.009,5,-10.495,-51.547,24.953
2176.18216,3,4.246,8.715,-0.37,4,-0.002,-0.003,0.005,5,-9.351,-52.701,24.835
2176.23874,3,4.263,8.718,-0.362,4,-0.005,0.001,0.001,,,,
2176.29364,3,4.204,8.735,-0.336,4,-0.004,0,-0.001,5,-11.111,-51.672,24.432
2176.35086,3,4.224,8.742,-0.341,4,-0.004,-0.001,-0.003,5,-8.597,-52.568,23.798
2176.40881,3,4.23,8.756,-0.368,4,-0.004,-0.001,-0.006,,,,
2176.46536,3,4.22,8.76,-0.304,4,-0.006,0.001,-0.01,5,-6.711,-50.764,24.586
2176.52194,3,4.214,8.778,-0.353,4,-0.005,-0.001,-0.011,5,-9.364,-50.806,24.545
2176.57852,3,4.203,8.788,-0.345,4,-0.005,0.001,-0.015,5,-8.519,-50.481,23.628
2176.63342,3,4.179,8.807,-0.31,4,-0.007,-0.003,-0.015,,,,
2176.69217,3,4.179,8.819,-0.301,4,-0.003,-0.004,-0.017,5,-8.864,-51.436,23.875
2176.74664,3,4.167,8.83,-0.353,4,-0.003,-0.002,-0.022,5,-7.843,-52.737,25.638
2176.80328,3,4.185,8.835,-0.305,5,-7.349,-51.855,23.158,,,,
2176.86169,3,4.136,8.848,-0.353,4,-0.002,-0.005,-0.024,5,-8.415,-51.729,23.807
2176.91827,3,4.125,8.846,-0.317,4,-0.003,-0.002,-0.025,5,-10.054,-50.531,24.252
2176.97494,3,4.014,8.865,-0.288,4,-0.002,0.001,-0.026,5,-8.714,-52.464,24.445
2177.03161,3,4.068,8.849,-0.358,4,0,-0.001,-0.027,,,,
2177.08642,3,3.997,8.866,-0.368,4,-0.002,-0.009,-0.023,5,-8.372,-51.524,25.14
2177.14489,3,3.887,8.883,-0.305,5,-8.26,-51.88,25.052,,,,
2177.20138,3,3.856,8.883,-0.348,4,-0.002,0.001,-0.025,5,-7.475,-51.727,25.374
2177.25732,3,3.91,8.874,-0.321,4,0,0,-0.022,5,-8.907,-50.664,24.733
2177.31479,3,3.837,8.879,-0.354,4,0.002,-0.001,-0.022,5,-8.127,-51.231,25.52
2177.37143,3,3.86,8.881,-0.317,4,0.002,0.003,-0.019,5,-8.298,-50.249,25.424
2177.42791,3,3.829,8.885,-0.326,,,,,,,,
2177.48455,3,3.833,8.885,-0.363,4,0.004,0.004,-0.015,5,-8.217,-51.842,23.969
2177.54202,3,3.868,8.889,-0.329,4,0.006,0.013,-0.012,5,-8.388,-52.769,23.63
2177.59604,3,3.903,8.86,-0.297,4,0,0,-0.012,5,-6.342,-52.562,23.712
2177.65451,3,3.823,8.924,-0.354,4,0.002,0.007,-0.01,5,-7.631,-50.555,23.784
2177.71124,3,3.86,8.904,-0.311,4,0.005,0.008,-0.006,5,-7.819,-51.074,23.817
2177.7659,3,3.914,8.892,-0.306,4,0.003,0.008,-0.003,5,-7.852,-51.295,24.295
2177.82431,3,3.866,8.916,-0.38,4,0.005,0.006,-0.003,,,,
2177.88095,3,3.893,8.908,-0.29,4,0.004,0.008,0,5,-8.179,-52.325,22.974
2177.93579,3,3.881,8.922,-0.351,4,0.008,0.004,0.003,5,-8.192,-52.64,24.007
2177.99347,3,3.877,8.92,-0.319,5,-8.403,-53.568,24.124,,,,
2178.05041,3,3.926,8.915,-0.348,4,0.006,0.008,0.007,5,-8.363,-51.44,23.218
2178.10751,3,3.896,8.911,-0.334,4,0.007,0.01,0.009,5,-8.296,-51.791,24.64
2178.16415,3,3.924,8.902,-0.317,4,0.005,0.008,0.012,5,-8.879,-52.116,25.842
2178.22073,3,3.913,8.904,-0.335,4,0.008,0.008,0.014,,,,
2178.2774,3,3.959,8.889,-0.346,4,0.008,0.009,0.015,5,-7.78,-50.204,24.261
2178.33221,3,3.939,8.888,-0.322,4,0.008,0.009,0.016,5,-9.41,-50.336,25.369
2178.38885,3,3.966,8.871,-0.339,4,0.008,0.009,0.018,5,-8.765,-51.265,24.597
2178.44543,3,3.996,8.86,-0.361,4,0.008,0.01,0.019,,,,
2178.50393,3,3.983,8.843,-0.345,4,0.007,0.009,0.019,5,-6.924,-52.127,24.301
2178.56051,3,4.016,8.834,-0.365,5,-8.255,-51.381,25.592,,,,
2178.61709,3,4.006,8.836,-0.343,4,0.006,0.009,0.021,,,,
2178.67199,3,4.033,8.822,-0.341,5,-8.711,-52.631,24.295,,,,
2178.7304,3,4.043,8.817,-0.355,4,0.006,0.009,0.021,5,-8.653,-50.967,24.834
2178.78708,3,4.045,8.812,-0.354,4,0.007,0.008,0.021,5,-8.775,-51.468,24.521
2178.84182,3,4.058,8.813,-0.344,4,0.006,0.008,0.021,,,,
2178.89846,3,4.069,8.814,-0.356,5,-9.36,-50.783,24.731,,,,
2178.95697,3,4.069,8.818,-0.43,4,0.005,0.008,0.02,5,-9.805,-50.334,24.583
2179.01364,3,4.13,8.798,-0.144,4,-0.002,0.015,0.019,,,,
2179.07019,3,4.09,8.806,-0.464,4,0.01,0.005,0.019,5,-9.962,-50.43,25.497
